transaction_id,transaction_date,transaction_time,store_id,store_location,product_id,product_category,product_type,product_detail,unit_price,quantity,total_amount,payment_method,customer_id
1,2025-01-01,15:15:14,1,Downtown,101,Coffee,Brewed Coffee,Brewed Coffee - Regular,2.5,1,2.5,Credit Card,1052
2,2025-01-01,14:02:01,5,Lakeside Plaza,103,Coffee,Espresso,Espresso Shot,2.2,1,2.2,Credit Card,1119
3,2025-01-01,08:41:44,1,Downtown,118,Merchandise,Mug,Branded Ceramic Mug,9.99,1,9.99,Credit Card,1112
4,2025-01-01,15:10:44,3,Uptown,101,Coffee,Brewed Coffee,Brewed Coffee - Regular,2.5,1,2.5,Cash,1142
5,2025-01-01,07:06:22,3,Uptown,104,Coffee,Latte,Latte - Regular,3.75,2,7.5,Credit Card,1309
6,2025-01-01,13:59:24,1,Downtown,115,Pastry,Cookie,Chocolate Chip Cookie,2.1,1,2.1,Mobile Pay,1150
7,2025-01-01,14:45:04,5,Lakeside Plaza,112,Bakery,Croissant,Butter Croissant,3.25,1,3.25,Mobile Pay,1116
8,2025-01-01,16:24:17,1,Downtown,108,Coffee,Cold Brew,Cold Brew - Large,4.45,1,4.45,Credit Card,1427
9,2025-01-01,08:17:44,3,Uptown,112,Bakery,Croissant,Butter Croissant,3.25,3,9.75,Cash,1331
10,2025-01-01,15:10:29,2,Riverside Mall,118,Merchandise,Mug,Branded Ceramic Mug,9.99,1,9.99,Credit Card,1327
11,2025-01-01,16:49:03,2,Riverside Mall,111,Tea,Chai,Chai Latte - Regular,3.85,1,3.85,Mobile Pay,1016
12,2025-01-01,07:58:36,4,Airport Terminal 2,109,Tea,Brewed Tea,Green Tea,2.75,3,8.25,Credit Card,1161
13,2025-01-01,17:41:29,4,Airport Terminal 2,113,Bakery,Muffin,Blueberry Muffin,3.1,1,3.1,Credit Card,1071
14,2025-01-01,09:37:27,5,Lakeside Plaza,118,Merchandise,Mug,Branded Ceramic Mug,9.99,3,29.97,Credit Card,1204
15,2025-01-01,13:48:03,2,Riverside Mall,117,Merchandise,Bag,Coffee Beans - 12oz Bag,12.5,3,37.5,Credit Card,1078
16,2025-01-01,11:38:29,4,Airport Terminal 2,103,Coffee,Espresso,Espresso Shot,2.2,1,2.2,Mobile Pay,1283
17,2025-01-01,15:34:48,1,Downtown,104,Coffee,Latte,Latte - Regular,3.75,1,3.75,Credit Card,1328
18,2025-01-01,08:00:46,3,Uptown,114,Bakery,Bagel,Plain Bagel with Cream Cheese,3.4,3,10.2,Mobile Pay,1134
19,2025-01-01,17:55:40,2,Riverside Mall,117,Merchandise,Bag,Coffee Beans - 12oz Bag,12.5,1,12.5,Credit Card,1327
20,2025-01-01,11:10:34,2,Riverside Mall,105,Coffee,Latte,Latte - Large,4.25,4,17.0,Mobile Pay,1271
21,2025-01-01,13:07:59,5,Lakeside Plaza,111,Tea,Chai,Chai Latte - Regular,3.85,1,3.85,Mobile Pay,1425
22,2025-01-01,09:36:05,2,Riverside Mall,102,Coffee,Brewed Coffee,Brewed Coffee - Large,2.95,1,2.95,Mobile Pay,1248
23,2025-01-01,08:30:35,5,Lakeside Plaza,105,Coffee,Latte,Latte - Large,4.25,1,4.25,Mobile Pay,1270
24,2025-01-01,18:48:46,4,Airport Terminal 2,107,Coffee,Cold Brew,Cold Brew - Regular,3.95,2,7.9,Credit Card,1365
25,2025-01-01,17:28:07,3,Uptown,115,Pastry,Cookie,Chocolate Chip Cookie,2.1,1,2.1,Credit Card,1032
26,2025-01-01,09:14:00,5,Lakeside Plaza,118,Merchandise,Mug,Branded Ceramic Mug,9.99,1,9.99,Cash,1323
27,2025-01-01,16:04:32,1,Downtown,102,Coffee,Brewed Coffee,Brewed Coffee - Large,2.95,1,2.95,Credit Card,1342
28,2025-01-01,15:56:36,5,Lakeside Plaza,105,Coffee,Latte,Latte - Large,4.25,1,4.25,Mobile Pay,1124
29,2025-01-02,07:42:27,4,Airport Terminal 2,107,Coffee,Cold Brew,Cold Brew - Regular,3.95,1,3.95,Credit Card,1210
30,2025-01-02,07:46:21,1,Downtown,104,Coffee,Latte,Latte - Regular,3.75,2,7.5,Credit Card,1055
31,2025-01-02,12:27:11,2,Riverside Mall,118,Merchandise,Mug,Branded Ceramic Mug,9.99,1,9.99,Mobile Pay,1127
32,2025-01-02,16:54:35,1,Downtown,115,Pastry,Cookie,Chocolate Chip Cookie,2.1,1,2.1,Mobile Pay,1333
33,2025-01-02,17:54:15,1,Downtown,103,Coffee,Espresso,Espresso Shot,2.2,1,2.2,Credit Card,1248
34,2025-01-02,08:00:24,4,Airport Terminal 2,102,Coffee,Brewed Coffee,Brewed Coffee - Large,2.95,1,2.95,Mobile Pay,1401
35,2025-01-02,15:46:50,3,Uptown,114,Bakery,Bagel,Plain Bagel with Cream Cheese,3.4,1,3.4,Credit Card,1367
36,2025-01-02,09:03:37,2,Riverside Mall,110,Tea,Brewed Tea,Earl Grey,2.75,2,5.5,Credit Card,1031
37,2025-01-02,14:32:58,1,Downtown,102,Coffee,Brewed Coffee,Brewed Coffee - Large,2.95,3,8.85,Cash,1080
38,2025-01-02,16:04:38,5,Lakeside Plaza,103,Coffee,Espresso,Espresso Shot,2.2,1,2.2,Credit Card,1441
39,2025-01-02,14:02:39,1,Downtown,108,Coffee,Cold Brew,Cold Brew - Large,4.45,1,4.45,Credit Card,1336
40,2025-01-02,18:13:42,5,Lakeside Plaza,111,Tea,Chai,Chai Latte - Regular,3.85,2,7.7,Credit Card,1122
41,2025-01-02,12:59:48,2,Riverside Mall,110,Tea,Brewed Tea,Earl Grey,2.75,3,8.25,Credit Card,1004
42,2025-01-02,07:13:32,5,Lakeside Plaza,104,Coffee,Latte,Latte - Regular,3.75,1,3.75,Mobile Pay,1178
43,2025-01-02,09:28:53,2,Riverside Mall,112,Bakery,Croissant,Butter Croissant,3.25,1,3.25,Credit Card,1154
44,2025-01-02,14:35:19,5,Lakeside Plaza,101,Coffee,Brewed Coffee,Brewed Coffee - Regular,2.5,3,7.5,Mobile Pay,1053
45,2025-01-02,08:06:47,2,Riverside Mall,109,Tea,Brewed Tea,Green Tea,2.75,1,2.75,Credit Card,1139
46,2025-01-02,08:40:54,2,Riverside Mall,111,Tea,Chai,Chai Latte - Regular,3.85,1,3.85,Credit Card,1250
47,2025-01-02,14:53:17,1,Downtown,103,Coffee,Espresso,Espresso Shot,2.2,1,2.2,Mobile Pay,1170
48,2025-01-02,15:35:45,3,Uptown,106,Coffee,Cappuccino,Cappuccino - Regular,3.65,1,3.65,Cash,1004
49,2025-01-02,07:23:37,2,Riverside Mall,118,Merchandise,Mug,Branded Ceramic Mug,9.99,1,9.99,Cash,1220
50,2025-01-02,17:50:55,3,Uptown,112,Bakery,Croissant,Butter Croissant,3.25,1,3.25,Credit Card,1183
51,2025-01-02,10:35:56,2,Riverside Mall,104,Coffee,Latte,Latte - Regular,3.75,3,11.25,Credit Card,1317
52,2025-01-02,19:51:11,2,Riverside Mall,106,Coffee,Cappuccino,Cappuccino - Regular,3.65,3,10.95,Cash,1012
53,2025-01-02,16:55:47,3,Uptown,114,Bakery,Bagel,Plain Bagel with Cream Cheese,3.4,2,6.8,Cash,1136
54,2025-01-02,17:54:30,1,Downtown,113,Bakery,Muffin,Blueberry Muffin,3.1,1,3.1,Mobile Pay,1418
55,2025-01-02,16:55:14,3,Uptown,110,Tea,Brewed Tea,Earl Grey,2.75,1,2.75,Cash,1337
56,2025-01-02,16:49:17,3,Uptown,109,Tea,Brewed Tea,Green Tea,2.75,1,2.75,Credit Card,1260
57,2025-01-02,18:07:56,5,Lakeside Plaza,111,Tea,Chai,Chai Latte - Regular,3.85,4,15.4,Credit Card,1091
58,2025-01-02,08:27:22,3,Uptown,102,Coffee,Brewed Coffee,Brewed Coffee - Large,2.95,2,5.9,Credit Card,1160
59,2025-01-03,17:12:16,1,Downtown,113,Bakery,Muffin,Blueberry Muffin,3.1,1,3.1,Cash,1223
60,2025-01-03,11:04:42,5,Lakeside Plaza,107,Coffee,Cold Brew,Cold Brew - Regular,3.95,3,11.85,Credit Card,1319
61,2025-01-03,13:42:26,1,Downtown,110,Tea,Brewed Tea,Earl Grey,2.75,1,2.75,Credit Card,1356
62,2025-01-03,12:24:43,2,Riverside Mall,107,Coffee,Cold Brew,Cold Brew - Regular,3.95,2,7.9,Credit Card,1089
63,2025-01-03,13:00:19,3,Uptown,113,Bakery,Muffin,Blueberry Muffin,3.1,1,3.1,Mobile Pay,1220
64,2025-01-03,12:28:43,5,Lakeside Plaza,111,Tea,Chai,Chai Latte - Regular,3.85,1,3.85,Mobile Pay,1242
65,2025-01-03,09:42:40,2,Riverside Mall,103,Coffee,Espresso,Espresso Shot,2.2,2,4.4,Mobile Pay,1047
66,2025-01-03,09:12:09,2,Riverside Mall,110,Tea,Brewed Tea,Earl Grey,2.75,1,2.75,Mobile Pay,1125
67,2025-01-03,12:56:40,5,Lakeside Plaza,103,Coffee,Espresso,Espresso Shot,2.2,1,2.2,Credit Card,1367
68,2025-01-03,09:41:44,4,Airport Terminal 2,113,Bakery,Muffin,Blueberry Muffin,3.1,1,3.1,Mobile Pay,1384
69,2025-01-03,09:51:44,1,Downtown,114,Bakery,Bagel,Plain Bagel with Cream Cheese,3.4,1,3.4,Credit Card,1025
70,2025-01-03,08:29:42,1,Downtown,115,Pastry,Cookie,Chocolate Chip Cookie,2.1,1,2.1,Credit Card,1286
71,2025-01-03,12:58:35,4,Airport Terminal 2,117,Merchandise,Bag,Coffee Beans - 12oz Bag,12.5,1,12.5,Credit Card,1081
72,2025-01-03,09:15:53,4,Airport Terminal 2,115,Pastry,Cookie,Chocolate Chip Cookie,2.1,2,4.2,Mobile Pay,1392
73,2025-01-03,09:04:45,4,Airport Terminal 2,108,Coffee,Cold Brew,Cold Brew - Large,4.45,1,4.45,Credit Card,1139
74,2025-01-03,08:14:24,5,Lakeside Plaza,103,Coffee,Espresso,Espresso Shot,2.2,2,4.4,Credit Card,1361
75,2025-01-03,10:29:26,4,Airport Terminal 2,114,Bakery,Bagel,Plain Bagel with Cream Cheese,3.4,1,3.4,Credit Card,1426
76,2025-01-03,16:48:36,5,Lakeside Plaza,101,Coffee,Brewed Coffee,Brewed Coffee - Regular,2.5,1,2.5,Mobile Pay,1003
77,2025-01-03,16:53:26,3,Uptown,113,Bakery,Muffin,Blueberry Muffin,3.1,1,3.1,Credit Card,1376
78,2025-01-03,13:17:27,5,Lakeside Plaza,108,Coffee,Cold Brew,Cold Brew - Large,4.45,1,4.45,Credit Card,1199
79,2025-01-03,16:58:08,4,Airport Terminal 2,106,Coffee,Cappuccino,Cappuccino - Regular,3.65,4,14.6,Cash,1273
80,2025-01-03,07:27:08,4,Airport Terminal 2,101,Coffee,Brewed Coffee,Brewed Coffee - Regular,2.5,3,7.5,Cash,1093
81,2025-01-03,08:20:21,4,Airport Terminal 2,111,Tea,Chai,Chai Latte - Regular,3.85,2,7.7,Credit Card,1194
82,2025-01-03,16:30:01,4,Airport Terminal 2,109,Tea,Brewed Tea,Green Tea,2.75,2,5.5,Mobile Pay,1026
83,2025-01-03,14:49:41,3,Uptown,108,Coffee,Cold Brew,Cold Brew - Large,4.45,1,4.45,Mobile Pay,1015
84,2025-01-03,14:15:08,2,Riverside Mall,101,Coffee,Brewed Coffee,Brewed Coffee - Regular,2.5,1,2.5,Credit Card,1058
85,2025-01-04,15:10:38,4,Airport Terminal 2,109,Tea,Brewed Tea,Green Tea,2.75,2,5.5,Credit Card,1382
86,2025-01-04,08:01:59,2,Riverside Mall,110,Tea,Brewed Tea,Earl Grey,2.75,1,2.75,Mobile Pay,1346
87,2025-01-04,18:12:04,4,Airport Terminal 2,113,Bakery,Muffin,Blueberry Muffin,3.1,1,3.1,Credit Card,1425
88,2025-01-04,16:38:51,1,Downtown,110,Tea,Brewed Tea,Earl Grey,2.75,1,2.75,Mobile Pay,1289
89,2025-01-04,12:23:04,3,Uptown,118,Merchandise,Mug,Branded Ceramic Mug,9.99,1,9.99,Cash,1174
90,2025-01-04,08:23:40,4,Airport Terminal 2,116,Pastry,Scone,Cranberry Scone,2.95,3,8.85,Credit Card,1235
91,2025-01-04,15:41:17,4,Airport Terminal 2,106,Coffee,Cappuccino,Cappuccino - Regular,3.65,2,7.3,Mobile Pay,1275
92,2025-01-04,16:37:17,4,Airport Terminal 2,114,Bakery,Bagel,Plain Bagel with Cream Cheese,3.4,1,3.4,Mobile Pay,1125
93,2025-01-04,17:15:48,1,Downtown,109,Tea,Brewed Tea,Green Tea,2.75,1,2.75,Credit Card,1312
94,2025-01-04,13:20:11,3,Uptown,101,Coffee,Brewed Coffee,Brewed Coffee - Regular,2.5,1,2.5,Mobile Pay,1181
95,2025-01-04,17:44:56,3,Uptown,109,Tea,Brewed Tea,Green Tea,2.75,1,2.75,Credit Card,1005
96,2025-01-04,09:26:31,2,Riverside Mall,103,Coffee,Espresso,Espresso Shot,2.2,1,2.2,Credit Card,1123
97,2025-01-04,16:05:18,4,Airport Terminal 2,115,Pastry,Cookie,Chocolate Chip Cookie,2.1,1,2.1,Credit Card,1354
98,2025-01-04,12:33:22,5,Lakeside Plaza,112,Bakery,Croissant,Butter Croissant,3.25,1,3.25,Credit Card,1381
99,2025-01-04,09:16:14,3,Uptown,115,Pastry,Cookie,Chocolate Chip Cookie,2.1,1,2.1,Credit Card,1098
100,2025-01-04,08:47:30,5,Lakeside Plaza,106,Coffee,Cappuccino,Cappuccino - Regular,3.65,1,3.65,Mobile Pay,1301
101,2025-01-04,19:53:12,5,Lakeside Plaza,110,Tea,Brewed Tea,Earl Grey,2.75,1,2.75,Cash,1184
102,2025-01-04,08:02:03,1,Downtown,118,Merchandise,Mug,Branded Ceramic Mug,9.99,1,9.99,Mobile Pay,1357
103,2025-01-04,17:36:18,4,Airport Terminal 2,104,Coffee,Latte,Latte - Regular,3.75,1,3.75,Credit Card,1225
104,2025-01-04,18:30:07,1,Downtown,109,Tea,Brewed Tea,Green Tea,2.75,2,5.5,Credit Card,1205
105,2025-01-04,08:51:36,5,Lakeside Plaza,102,Coffee,Brewed Coffee,Brewed Coffee - Large,2.95,3,8.85,Mobile Pay,1043
106,2025-01-05,14:50:39,5,Lakeside Plaza,114,Bakery,Bagel,Plain Bagel with Cream Cheese,3.4,1,3.4,Credit Card,1267
107,2025-01-05,16:27:19,4,Airport Terminal 2,110,Tea,Brewed Tea,Earl Grey,2.75,1,2.75,Credit Card,1030
108,2025-01-05,14:16:42,1,Downtown,107,Coffee,Cold Brew,Cold Brew - Regular,3.95,1,3.95,Cash,1122
109,2025-01-05,06:28:44,1,Downtown,106,Coffee,Cappuccino,Cappuccino - Regular,3.65,1,3.65,Cash,1149
110,2025-01-05,15:29:04,3,Uptown,110,Tea,Brewed Tea,Earl Grey,2.75,2,5.5,Mobile Pay,1135
111,2025-01-05,12:34:14,5,Lakeside Plaza,107,Coffee,Cold Brew,Cold Brew - Regular,3.95,2,7.9,Mobile Pay,1136
112,2025-01-05,08:19:38,1,Downtown,102,Coffee,Brewed Coffee,Brewed Coffee - Large,2.95,2,5.9,Mobile Pay,1291
113,2025-01-05,12:19:44,4,Airport Terminal 2,104,Coffee,Latte,Latte - Regular,3.75,1,3.75,Credit Card,1139
114,2025-01-05,07:02:56,4,Airport Terminal 2,115,Pastry,Cookie,Chocolate Chip Cookie,2.1,1,2.1,Credit Card,1165
115,2025-01-05,09:43:53,1,Downtown,103,Coffee,Espresso,Espresso Shot,2.2,3,6.6,Mobile Pay,1300
116,2025-01-05,15:11:30,3,Uptown,102,Coffee,Brewed Coffee,Brewed Coffee - Large,2.95,1,2.95,Mobile Pay,1226
117,2025-01-05,14:31:05,2,Riverside Mall,114,Bakery,Bagel,Plain Bagel with Cream Cheese,3.4,1,3.4,Credit Card,1209
118,2025-01-05,10:44:31,1,Downtown,106,Coffee,Cappuccino,Cappuccino - Regular,3.65,1,3.65,Mobile Pay,1205
119,2025-01-05,12:20:16,5,Lakeside Plaza,102,Coffee,Brewed Coffee,Brewed Coffee - Large,2.95,1,2.95,Credit Card,1395
120,2025-01-05,14:34:29,5,Lakeside Plaza,101,Coffee,Brewed Coffee,Brewed Coffee - Regular,2.5,1,2.5,Credit Card,1096
121,2025-01-05,14:48:03,5,Lakeside Plaza,116,Pastry,Scone,Cranberry Scone,2.95,1,2.95,Cash,1281
122,2025-01-05,17:31:07,3,Uptown,115,Pastry,Cookie,Chocolate Chip Cookie,2.1,1,2.1,Credit Card,1322
123,2025-01-05,10:00:35,2,Riverside Mall,106,Coffee,Cappuccino,Cappuccino - Regular,3.65,1,3.65,Mobile Pay,1115
124,2025-01-05,18:41:53,1,Downtown,115,Pastry,Cookie,Chocolate Chip Cookie,2.1,1,2.1,Credit Card,1366
125,2025-01-06,16:30:15,3,Uptown,114,Bakery,Bagel,Plain Bagel with Cream Cheese,3.4,1,3.4,Credit Card,1074
126,2025-01-06,15:08:55,5,Lakeside Plaza,117,Merchandise,Bag,Coffee Beans - 12oz Bag,12.5,1,12.5,Mobile Pay,1395
127,2025-01-06,18:32:17,4,Airport Terminal 2,111,Tea,Chai,Chai Latte - Regular,3.85,2,7.7,Credit Card,1144
128,2025-01-06,16:28:34,5,Lakeside Plaza,116,Pastry,Scone,Cranberry Scone,2.95,1,2.95,Credit Card,1170
129,2025-01-06,12:20:55,5,Lakeside Plaza,113,Bakery,Muffin,Blueberry Muffin,3.1,1,3.1,Credit Card,1357
130,2025-01-06,16:26:02,4,Airport Terminal 2,108,Coffee,Cold Brew,Cold Brew - Large,4.45,1,4.45,Credit Card,1242
131,2025-01-06,19:50:52,4,Airport Terminal 2,113,Bakery,Muffin,Blueberry Muffin,3.1,2,6.2,Credit Card,1077
132,2025-01-06,13:37:21,1,Downtown,105,Coffee,Latte,Latte - Large,4.25,3,12.75,Mobile Pay,1447
133,2025-01-06,17:00:46,1,Downtown,117,Merchandise,Bag,Coffee Beans - 12oz Bag,12.5,1,12.5,Credit Card,1445
134,2025-01-06,12:16:21,2,Riverside Mall,103,Coffee,Espresso,Espresso Shot,2.2,2,4.4,Credit Card,1203
135,2025-01-06,11:20:40,3,Uptown,118,Merchandise,Mug,Branded Ceramic Mug,9.99,2,19.98,Credit Card,1388
136,2025-01-06,14:15:40,5,Lakeside Plaza,102,Coffee,Brewed Coffee,Brewed Coffee - Large,2.95,2,5.9,Mobile Pay,1147
137,2025-01-06,19:48:40,1,Downtown,114,Bakery,Bagel,Plain Bagel with Cream Cheese,3.4,2,6.8,Credit Card,1051
138,2025-01-06,07:50:03,3,Uptown,101,Coffee,Brewed Coffee,Brewed Coffee - Regular,2.5,1,2.5,Credit Card,1191
139,2025-01-06,11:43:50,2,Riverside Mall,117,Merchandise,Bag,Coffee Beans - 12oz Bag,12.5,1,12.5,Cash,1089
140,2025-01-06,13:37:09,4,Airport Terminal 2,108,Coffee,Cold Brew,Cold Brew - Large,4.45,1,4.45,Credit Card,1326
141,2025-01-06,17:29:57,3,Uptown,101,Coffee,Brewed Coffee,Brewed Coffee - Regular,2.5,1,2.5,Cash,1279
142,2025-01-06,19:19:40,4,Airport Terminal 2,112,Bakery,Croissant,Butter Croissant,3.25,4,13.0,Credit Card,1353
143,2025-01-06,19:54:30,3,Uptown,107,Coffee,Cold Brew,Cold Brew - Regular,3.95,1,3.95,Credit Card,1195
144,2025-01-06,19:18:01,5,Lakeside Plaza,110,Tea,Brewed Tea,Earl Grey,2.75,4,11.0,Credit Card,1337
145,2025-01-06,17:47:31,1,Downtown,102,Coffee,Brewed Coffee,Brewed Coffee - Large,2.95,2,5.9,Mobile Pay,1146
146,2025-01-06,09:12:39,2,Riverside Mall,112,Bakery,Croissant,Butter Croissant,3.25,1,3.25,Credit Card,1386
147,2025-01-06,17:41:02,2,Riverside Mall,104,Coffee,Latte,Latte - Regular,3.75,1,3.75,Cash,1225
148,2025-01-06,07:18:20,3,Uptown,105,Coffee,Latte,Latte - Large,4.25,2,8.5,Credit Card,1089
149,2025-01-06,13:58:17,5,Lakeside Plaza,112,Bakery,Croissant,Butter Croissant,3.25,2,6.5,Mobile Pay,1131
150,2025-01-06,15:21:51,4,Airport Terminal 2,110,Tea,Brewed Tea,Earl Grey,2.75,1,2.75,Cash,1038
151,2025-01-06,18:51:35,2,Riverside Mall,113,Bakery,Muffin,Blueberry Muffin,3.1,1,3.1,Credit Card,1404
152,2025-01-06,08:23:43,3,Uptown,118,Merchandise,Mug,Branded Ceramic Mug,9.99,2,19.98,Credit Card,1134
153,2025-01-06,15:30:01,3,Uptown,104,Coffee,Latte,Latte - Regular,3.75,2,7.5,Credit Card,1287
154,2025-01-07,14:29:58,2,Riverside Mall,103,Coffee,Espresso,Espresso Shot,2.2,2,4.4,Credit Card,1332
155,2025-01-07,18:19:31,2,Riverside Mall,102,Coffee,Brewed Coffee,Brewed Coffee - Large,2.95,1,2.95,Mobile Pay,1120
156,2025-01-07,12:42:47,2,Riverside Mall,113,Bakery,Muffin,Blueberry Muffin,3.1,2,6.2,Credit Card,1276
157,2025-01-07,14:53:31,2,Riverside Mall,114,Bakery,Bagel,Plain Bagel with Cream Cheese,3.4,2,6.8,Cash,1143
158,2025-01-07,12:15:54,3,Uptown,107,Coffee,Cold Brew,Cold Brew - Regular,3.95,1,3.95,Credit Card,1351
159,2025-01-07,11:12:07,3,Uptown,102,Coffee,Brewed Coffee,Brewed Coffee - Large,2.95,3,8.85,Credit Card,1421
160,2025-01-07,07:21:15,2,Riverside Mall,101,Coffee,Brewed Coffee,Brewed Coffee - Regular,2.5,4,10.0,Credit Card,1402
161,2025-01-07,08:13:52,1,Downtown,118,Merchandise,Mug,Branded Ceramic Mug,9.99,3,29.97,Mobile Pay,1168
162,2025-01-07,09:09:08,5,Lakeside Plaza,101,Coffee,Brewed Coffee,Brewed Coffee - Regular,2.5,1,2.5,Cash,1408
163,2025-01-07,06:50:50,1,Downtown,105,Coffee,Latte,Latte - Large,4.25,1,4.25,Cash,1165
164,2025-01-07,08:26:33,3,Uptown,102,Coffee,Brewed Coffee,Brewed Coffee - Large,2.95,1,2.95,Credit Card,1032
165,2025-01-07,14:28:32,3,Uptown,117,Merchandise,Bag,Coffee Beans - 12oz Bag,12.5,1,12.5,Cash,1314
166,2025-01-07,12:01:03,5,Lakeside Plaza,110,Tea,Brewed Tea,Earl Grey,2.75,4,11.0,Credit Card,1433
167,2025-01-07,15:28:04,1,Downtown,116,Pastry,Scone,Cranberry Scone,2.95,3,8.85,Credit Card,1164
168,2025-01-07,09:40:37,1,Downtown,105,Coffee,Latte,Latte - Large,4.25,1,4.25,Credit Card,1166
169,2025-01-07,09:32:38,5,Lakeside Plaza,117,Merchandise,Bag,Coffee Beans - 12oz Bag,12.5,1,12.5,Credit Card,1406
170,2025-01-07,12:56:14,5,Lakeside Plaza,107,Coffee,Cold Brew,Cold Brew - Regular,3.95,1,3.95,Credit Card,1423
171,2025-01-07,10:20:42,4,Airport Terminal 2,104,Coffee,Latte,Latte - Regular,3.75,1,3.75,Credit Card,1078
172,2025-01-07,07:05:05,4,Airport Terminal 2,103,Coffee,Espresso,Espresso Shot,2.2,1,2.2,Credit Card,1381
173,2025-01-07,07:35:35,2,Riverside Mall,118,Merchandise,Mug,Branded Ceramic Mug,9.99,1,9.99,Credit Card,1062
174,2025-01-07,18:38:19,4,Airport Terminal 2,102,Coffee,Brewed Coffee,Brewed Coffee - Large,2.95,1,2.95,Credit Card,1295
175,2025-01-07,09:06:22,2,Riverside Mall,116,Pastry,Scone,Cranberry Scone,2.95,2,5.9,Cash,1188
176,2025-01-07,16:54:35,3,Uptown,108,Coffee,Cold Brew,Cold Brew - Large,4.45,4,17.8,Credit Card,1419
177,2025-01-07,14:42:53,5,Lakeside Plaza,101,Coffee,Brewed Coffee,Brewed Coffee - Regular,2.5,2,5.0,Cash,1014
178,2025-01-07,10:11:55,3,Uptown,111,Tea,Chai,Chai Latte - Regular,3.85,1,3.85,Credit Card,1336
179,2025-01-07,07:33:13,2,Riverside Mall,101,Coffee,Brewed Coffee,Brewed Coffee - Regular,2.5,1,2.5,Credit Card,1232
180,2025-01-07,15:49:36,3,Uptown,110,Tea,Brewed Tea,Earl Grey,2.75,1,2.75,Cash,1026
181,2025-01-08,15:17:28,5,Lakeside Plaza,102,Coffee,Brewed Coffee,Brewed Coffee - Large,2.95,2,5.9,Credit Card,1248
182,2025-01-08,09:32:07,4,Airport Terminal 2,109,Tea,Brewed Tea,Green Tea,2.75,1,2.75,Credit Card,1056
183,2025-01-08,13:19:02,5,Lakeside Plaza,116,Pastry,Scone,Cranberry Scone,2.95,1,2.95,Cash,1306
184,2025-01-08,18:49:08,2,Riverside Mall,110,Tea,Brewed Tea,Earl Grey,2.75,2,5.5,Credit Card,1148
185,2025-01-08,15:11:08,1,Downtown,116,Pastry,Scone,Cranberry Scone,2.95,1,2.95,Credit Card,1360
186,2025-01-08,07:55:47,5,Lakeside Plaza,112,Bakery,Croissant,Butter Croissant,3.25,1,3.25,Credit Card,1009
187,2025-01-08,14:36:25,1,Downtown,111,Tea,Chai,Chai Latte - Regular,3.85,2,7.7,Credit Card,1213
188,2025-01-08,18:10:51,4,Airport Terminal 2,101,Coffee,Brewed Coffee,Brewed Coffee - Regular,2.5,3,7.5,Mobile Pay,1235
189,2025-01-08,12:06:15,3,Uptown,103,Coffee,Espresso,Espresso Shot,2.2,1,2.2,Credit Card,1205
190,2025-01-08,15:14:21,4,Airport Terminal 2,110,Tea,Brewed Tea,Earl Grey,2.75,2,5.5,Credit Card,1039
191,2025-01-08,13:57:49,1,Downtown,117,Merchandise,Bag,Coffee Beans - 12oz Bag,12.5,1,12.5,Mobile Pay,1372
192,2025-01-08,08:16:12,2,Riverside Mall,108,Coffee,Cold Brew,Cold Brew - Large,4.45,1,4.45,Mobile Pay,1078
193,2025-01-08,18:40:31,1,Downtown,106,Coffee,Cappuccino,Cappuccino - Regular,3.65,1,3.65,Mobile Pay,1288
194,2025-01-08,16:40:20,4,Airport Terminal 2,111,Tea,Chai,Chai Latte - Regular,3.85,1,3.85,Credit Card,1034
195,2025-01-08,14:22:32,3,Uptown,109,Tea,Brewed Tea,Green Tea,2.75,1,2.75,Credit Card,1236
196,2025-01-08,16:04:41,1,Downtown,112,Bakery,Croissant,Butter Croissant,3.25,3,9.75,Cash,1437
197,2025-01-08,11:37:35,5,Lakeside Plaza,117,Merchandise,Bag,Coffee Beans - 12oz Bag,12.5,4,50.0,Mobile Pay,1378
198,2025-01-08,10:30:32,4,Airport Terminal 2,107,Coffee,Cold Brew,Cold Brew - Regular,3.95,1,3.95,Credit Card,1031
199,2025-01-08,13:11:02,3,Uptown,103,Coffee,Espresso,Espresso Shot,2.2,1,2.2,Mobile Pay,1224
200,2025-01-08,14:23:23,5,Lakeside Plaza,117,Merchandise,Bag,Coffee Beans - 12oz Bag,12.5,3,37.5,Credit Card,1198
201,2025-01-08,16:41:21,3,Uptown,102,Coffee,Brewed Coffee,Brewed Coffee - Large,2.95,1,2.95,Credit Card,1048
202,2025-01-08,09:54:42,4,Airport Terminal 2,110,Tea,Brewed Tea,Earl Grey,2.75,4,11.0,Mobile Pay,1308
203,2025-01-08,14:09:58,3,Uptown,103,Coffee,Espresso,Espresso Shot,2.2,1,2.2,Credit Card,1335
204,2025-01-08,14:05:19,4,Airport Terminal 2,105,Coffee,Latte,Latte - Large,4.25,1,4.25,Mobile Pay,1329
205,2025-01-08,07:42:27,2,Riverside Mall,117,Merchandise,Bag,Coffee Beans - 12oz Bag,12.5,1,12.5,Credit Card,1009
206,2025-01-08,10:49:31,2,Riverside Mall,107,Coffee,Cold Brew,Cold Brew - Regular,3.95,1,3.95,Cash,1070
207,2025-01-08,13:34:53,3,Uptown,104,Coffee,Latte,Latte - Regular,3.75,2,7.5,Cash,1269
208,2025-01-08,14:09:10,3,Uptown,105,Coffee,Latte,Latte - Large,4.25,1,4.25,Mobile Pay,1354
209,2025-01-08,07:23:43,2,Riverside Mall,115,Pastry,Cookie,Chocolate Chip Cookie,2.1,2,4.2,Credit Card,1227
210,2025-01-08,13:19:51,4,Airport Terminal 2,108,Coffee,Cold Brew,Cold Brew - Large,4.45,2,8.9,Cash,1427
211,2025-01-09,12:18:49,5,Lakeside Plaza,115,Pastry,Cookie,Chocolate Chip Cookie,2.1,1,2.1,Credit Card,1270
212,2025-01-09,16:08:55,2,Riverside Mall,107,Coffee,Cold Brew,Cold Brew - Regular,3.95,1,3.95,Credit Card,1328
213,2025-01-09,18:45:54,3,Uptown,118,Merchandise,Mug,Branded Ceramic Mug,9.99,1,9.99,Credit Card,1063
214,2025-01-09,12:32:09,2,Riverside Mall,109,Tea,Brewed Tea,Green Tea,2.75,2,5.5,Mobile Pay,1046
215,2025-01-09,17:59:01,2,Riverside Mall,115,Pastry,Cookie,Chocolate Chip Cookie,2.1,1,2.1,Credit Card,1202
216,2025-01-09,19:23:14,2,Riverside Mall,113,Bakery,Muffin,Blueberry Muffin,3.1,1,3.1,Mobile Pay,1050
217,2025-01-09,08:18:58,3,Uptown,105,Coffee,Latte,Latte - Large,4.25,2,8.5,Mobile Pay,1356
218,2025-01-09,14:57:05,4,Airport Terminal 2,115,Pastry,Cookie,Chocolate Chip Cookie,2.1,1,2.1,Mobile Pay,1110
219,2025-01-09,12:49:18,5,Lakeside Plaza,117,Merchandise,Bag,Coffee Beans - 12oz Bag,12.5,1,12.5,Cash,1062
220,2025-01-09,07:53:57,4,Airport Terminal 2,115,Pastry,Cookie,Chocolate Chip Cookie,2.1,1,2.1,Cash,1274
221,2025-01-09,15:18:27,5,Lakeside Plaza,108,Coffee,Cold Brew,Cold Brew - Large,4.45,1,4.45,Credit Card,1180
222,2025-01-09,14:05:33,4,Airport Terminal 2,106,Coffee,Cappuccino,Cappuccino - Regular,3.65,4,14.6,Mobile Pay,1034
223,2025-01-09,16:32:35,5,Lakeside Plaza,117,Merchandise,Bag,Coffee Beans - 12oz Bag,12.5,1,12.5,Credit Card,1447
224,2025-01-09,09:01:22,4,Airport Terminal 2,112,Bakery,Croissant,Butter Croissant,3.25,2,6.5,Credit Card,1176
225,2025-01-09,08:22:34,1,Downtown,111,Tea,Chai,Chai Latte - Regular,3.85,1,3.85,Cash,1329
226,2025-01-09,14:51:08,4,Airport Terminal 2,116,Pastry,Scone,Cranberry Scone,2.95,1,2.95,Mobile Pay,1397
227,2025-01-09,08:50:12,1,Downtown,110,Tea,Brewed Tea,Earl Grey,2.75,3,8.25,Mobile Pay,1161
228,2025-01-09,19:34:30,5,Lakeside Plaza,113,Bakery,Muffin,Blueberry Muffin,3.1,1,3.1,Credit Card,1385
229,2025-01-09,16:03:55,3,Uptown,112,Bakery,Croissant,Butter Croissant,3.25,2,6.5,Cash,1139
230,2025-01-09,17:47:28,3,Uptown,114,Bakery,Bagel,Plain Bagel with Cream Cheese,3.4,3,10.2,Credit Card,1197
231,2025-01-09,15:23:59,2,Riverside Mall,116,Pastry,Scone,Cranberry Scone,2.95,2,5.9,Mobile Pay,1136
232,2025-01-09,12:52:11,4,Airport Terminal 2,103,Coffee,Espresso,Espresso Shot,2.2,1,2.2,Cash,1164
233,2025-01-09,10:38:45,3,Uptown,110,Tea,Brewed Tea,Earl Grey,2.75,1,2.75,Credit Card,1353
234,2025-01-09,15:58:22,4,Airport Terminal 2,102,Coffee,Brewed Coffee,Brewed Coffee - Large,2.95,2,5.9,Credit Card,1222
235,2025-01-09,14:25:23,1,Downtown,103,Coffee,Espresso,Espresso Shot,2.2,1,2.2,Credit Card,1383
236,2025-01-09,16:43:50,1,Downtown,105,Coffee,Latte,Latte - Large,4.25,1,4.25,Cash,1064
237,2025-01-09,11:36:02,3,Uptown,112,Bakery,Croissant,Butter Croissant,3.25,2,6.5,Credit Card,1347
238,2025-01-09,12:04:36,3,Uptown,112,Bakery,Croissant,Butter Croissant,3.25,1,3.25,Credit Card,1187
239,2025-01-10,18:01:47,3,Uptown,108,Coffee,Cold Brew,Cold Brew - Large,4.45,1,4.45,Credit Card,1265
240,2025-01-10,09:16:45,5,Lakeside Plaza,104,Coffee,Latte,Latte - Regular,3.75,1,3.75,Credit Card,1313
241,2025-01-10,08:54:04,4,Airport Terminal 2,107,Coffee,Cold Brew,Cold Brew - Regular,3.95,1,3.95,Credit Card,1365
242,2025-01-10,14:45:04,1,Downtown,111,Tea,Chai,Chai Latte - Regular,3.85,1,3.85,Mobile Pay,1148
243,2025-01-10,16:32:14,2,Riverside Mall,106,Coffee,Cappuccino,Cappuccino - Regular,3.65,1,3.65,Mobile Pay,1102
244,2025-01-10,06:35:36,2,Riverside Mall,116,Pastry,Scone,Cranberry Scone,2.95,1,2.95,Mobile Pay,1411
245,2025-01-10,07:25:45,2,Riverside Mall,103,Coffee,Espresso,Espresso Shot,2.2,2,4.4,Credit Card,1269
246,2025-01-10,08:20:41,4,Airport Terminal 2,103,Coffee,Espresso,Espresso Shot,2.2,1,2.2,Credit Card,1238
247,2025-01-10,17:49:35,3,Uptown,105,Coffee,Latte,Latte - Large,4.25,2,8.5,Mobile Pay,1093
248,2025-01-10,13:55:03,2,Riverside Mall,114,Bakery,Bagel,Plain Bagel with Cream Cheese,3.4,2,6.8,Cash,1265
249,2025-01-10,10:45:14,2,Riverside Mall,106,Coffee,Cappuccino,Cappuccino - Regular,3.65,1,3.65,Mobile Pay,1265
250,2025-01-10,08:35:17,1,Downtown,109,Tea,Brewed Tea,Green Tea,2.75,1,2.75,Credit Card,1155
251,2025-01-10,14:37:37,1,Downtown,117,Merchandise,Bag,Coffee Beans - 12oz Bag,12.5,1,12.5,Credit Card,1337
252,2025-01-10,16:36:02,5,Lakeside Plaza,111,Tea,Chai,Chai Latte - Regular,3.85,2,7.7,Cash,1014
253,2025-01-10,14:49:36,5,Lakeside Plaza,109,Tea,Brewed Tea,Green Tea,2.75,1,2.75,Cash,1327
254,2025-01-10,14:19:30,5,Lakeside Plaza,110,Tea,Brewed Tea,Earl Grey,2.75,1,2.75,Credit Card,1413
255,2025-01-10,07:03:10,3,Uptown,115,Pastry,Cookie,Chocolate Chip Cookie,2.1,1,2.1,Credit Card,1247
256,2025-01-10,10:45:20,3,Uptown,105,Coffee,Latte,Latte - Large,4.25,2,8.5,Credit Card,1440
257,2025-01-10,15:32:35,4,Airport Terminal 2,105,Coffee,Latte,Latte - Large,4.25,1,4.25,Credit Card,1123
258,2025-01-10,09:06:03,3,Uptown,115,Pastry,Cookie,Chocolate Chip Cookie,2.1,1,2.1,Mobile Pay,1196
259,2025-01-10,18:57:10,4,Airport Terminal 2,108,Coffee,Cold Brew,Cold Brew - Large,4.45,2,8.9,Credit Card,1295
260,2025-01-10,13:32:29,2,Riverside Mall,106,Coffee,Cappuccino,Cappuccino - Regular,3.65,1,3.65,Credit Card,1157
261,2025-01-10,13:15:13,1,Downtown,113,Bakery,Muffin,Blueberry Muffin,3.1,1,3.1,Cash,1024
262,2025-01-10,09:00:54,4,Airport Terminal 2,116,Pastry,Scone,Cranberry Scone,2.95,1,2.95,Mobile Pay,1068
263,2025-01-10,11:25:03,3,Uptown,113,Bakery,Muffin,Blueberry Muffin,3.1,1,3.1,Credit Card,1099
264,2025-01-10,11:28:48,3,Uptown,103,Coffee,Espresso,Espresso Shot,2.2,1,2.2,Mobile Pay,1422
265,2025-01-10,08:06:25,5,Lakeside Plaza,104,Coffee,Latte,Latte - Regular,3.75,1,3.75,Credit Card,1173
266,2025-01-10,08:32:25,3,Uptown,105,Coffee,Latte,Latte - Large,4.25,1,4.25,Cash,1023
267,2025-01-11,13:09:38,3,Uptown,116,Pastry,Scone,Cranberry Scone,2.95,3,8.85,Credit Card,1071
268,2025-01-11,08:39:47,5,Lakeside Plaza,111,Tea,Chai,Chai Latte - Regular,3.85,2,7.7,Credit Card,1303
269,2025-01-11,13:36:19,5,Lakeside Plaza,118,Merchandise,Mug,Branded Ceramic Mug,9.99,1,9.99,Credit Card,1008
270,2025-01-11,14:50:57,1,Downtown,114,Bakery,Bagel,Plain Bagel with Cream Cheese,3.4,2,6.8,Credit Card,1352
271,2025-01-11,09:41:50,5,Lakeside Plaza,116,Pastry,Scone,Cranberry Scone,2.95,4,11.8,Credit Card,1296
272,2025-01-11,08:40:46,1,Downtown,116,Pastry,Scone,Cranberry Scone,2.95,2,5.9,Credit Card,1430
273,2025-01-11,14:44:07,2,Riverside Mall,102,Coffee,Brewed Coffee,Brewed Coffee - Large,2.95,1,2.95,Credit Card,1225
274,2025-01-11,15:26:32,2,Riverside Mall,114,Bakery,Bagel,Plain Bagel with Cream Cheese,3.4,2,6.8,Mobile Pay,1241
275,2025-01-11,13:35:20,1,Downtown,105,Coffee,Latte,Latte - Large,4.25,4,17.0,Credit Card,1244
276,2025-01-11,12:34:21,3,Uptown,106,Coffee,Cappuccino,Cappuccino - Regular,3.65,1,3.65,Mobile Pay,1346
277,2025-01-11,08:15:17,3,Uptown,116,Pastry,Scone,Cranberry Scone,2.95,1,2.95,Mobile Pay,1115
278,2025-01-11,15:44:45,3,Uptown,110,Tea,Brewed Tea,Earl Grey,2.75,1,2.75,Credit Card,1245
279,2025-01-11,08:43:34,3,Uptown,110,Tea,Brewed Tea,Earl Grey,2.75,1,2.75,Mobile Pay,1202
280,2025-01-11,07:45:05,2,Riverside Mall,110,Tea,Brewed Tea,Earl Grey,2.75,1,2.75,Credit Card,1226
281,2025-01-11,08:34:17,4,Airport Terminal 2,107,Coffee,Cold Brew,Cold Brew - Regular,3.95,3,11.85,Credit Card,1356
282,2025-01-11,09:42:57,1,Downtown,108,Coffee,Cold Brew,Cold Brew - Large,4.45,1,4.45,Credit Card,1326
283,2025-01-11,10:30:06,1,Downtown,114,Bakery,Bagel,Plain Bagel with Cream Cheese,3.4,2,6.8,Cash,1070
284,2025-01-11,11:59:56,5,Lakeside Plaza,106,Coffee,Cappuccino,Cappuccino - Regular,3.65,3,10.95,Credit Card,1244
285,2025-01-11,09:03:58,3,Uptown,111,Tea,Chai,Chai Latte - Regular,3.85,2,7.7,Credit Card,1333
286,2025-01-11,17:11:26,5,Lakeside Plaza,102,Coffee,Brewed Coffee,Brewed Coffee - Large,2.95,3,8.85,Mobile Pay,1090
287,2025-01-11,16:11:59,1,Downtown,113,Bakery,Muffin,Blueberry Muffin,3.1,2,6.2,Mobile Pay,1446
288,2025-01-11,09:38:06,1,Downtown,101,Coffee,Brewed Coffee,Brewed Coffee - Regular,2.5,3,7.5,Credit Card,1171
289,2025-01-11,13:08:54,5,Lakeside Plaza,117,Merchandise,Bag,Coffee Beans - 12oz Bag,12.5,1,12.5,Cash,1139
290,2025-01-11,08:29:41,1,Downtown,111,Tea,Chai,Chai Latte - Regular,3.85,1,3.85,Cash,1095
291,2025-01-11,13:48:12,3,Uptown,110,Tea,Brewed Tea,Earl Grey,2.75,1,2.75,Credit Card,1438
292,2025-01-11,13:05:25,4,Airport Terminal 2,114,Bakery,Bagel,Plain Bagel with Cream Cheese,3.4,2,6.8,Mobile Pay,1094
293,2025-01-11,18:00:16,4,Airport Terminal 2,111,Tea,Chai,Chai Latte - Regular,3.85,1,3.85,Mobile Pay,1228
294,2025-01-11,14:36:00,3,Uptown,110,Tea,Brewed Tea,Earl Grey,2.75,1,2.75,Credit Card,1184
295,2025-01-11,12:10:25,1,Downtown,104,Coffee,Latte,Latte - Regular,3.75,2,7.5,Mobile Pay,1360
296,2025-01-12,11:14:14,1,Downtown,110,Tea,Brewed Tea,Earl Grey,2.75,4,11.0,Cash,1244
297,2025-01-12,12:35:58,5,Lakeside Plaza,112,Bakery,Croissant,Butter Croissant,3.25,1,3.25,Mobile Pay,1275
298,2025-01-12,15:38:55,2,Riverside Mall,108,Coffee,Cold Brew,Cold Brew - Large,4.45,2,8.9,Credit Card,1269
299,2025-01-12,17:07:03,3,Uptown,103,Coffee,Espresso,Espresso Shot,2.2,2,4.4,Credit Card,1258
300,2025-01-12,08:54:33,5,Lakeside Plaza,105,Coffee,Latte,Latte - Large,4.25,1,4.25,Credit Card,1348
301,2025-01-12,07:32:28,5,Lakeside Plaza,116,Pastry,Scone,Cranberry Scone,2.95,2,5.9,Cash,1232
302,2025-01-12,13:35:29,4,Airport Terminal 2,115,Pastry,Cookie,Chocolate Chip Cookie,2.1,2,4.2,Credit Card,1157
303,2025-01-12,16:47:13,4,Airport Terminal 2,109,Tea,Brewed Tea,Green Tea,2.75,1,2.75,Credit Card,1023
304,2025-01-12,19:59:57,1,Downtown,118,Merchandise,Mug,Branded Ceramic Mug,9.99,1,9.99,Cash,1241
305,2025-01-12,15:49:41,4,Airport Terminal 2,106,Coffee,Cappuccino,Cappuccino - Regular,3.65,4,14.6,Mobile Pay,1330
306,2025-01-12,12:58:58,3,Uptown,113,Bakery,Muffin,Blueberry Muffin,3.1,1,3.1,Credit Card,1041
307,2025-01-12,14:22:07,5,Lakeside Plaza,105,Coffee,Latte,Latte - Large,4.25,1,4.25,Credit Card,1275
308,2025-01-12,16:48:01,2,Riverside Mall,108,Coffee,Cold Brew,Cold Brew - Large,4.45,4,17.8,Credit Card,1237
309,2025-01-12,13:52:14,5,Lakeside Plaza,114,Bakery,Bagel,Plain Bagel with Cream Cheese,3.4,1,3.4,Cash,1177
310,2025-01-12,07:42:26,2,Riverside Mall,104,Coffee,Latte,Latte - Regular,3.75,2,7.5,Credit Card,1008
311,2025-01-12,14:28:38,1,Downtown,104,Coffee,Latte,Latte - Regular,3.75,2,7.5,Cash,1446
312,2025-01-12,12:34:13,1,Downtown,113,Bakery,Muffin,Blueberry Muffin,3.1,2,6.2,Cash,1397
313,2025-01-12,09:58:46,5,Lakeside Plaza,110,Tea,Brewed Tea,Earl Grey,2.75,1,2.75,Credit Card,1295
314,2025-01-12,10:09:42,3,Uptown,108,Coffee,Cold Brew,Cold Brew - Large,4.45,1,4.45,Credit Card,1211
315,2025-01-12,18:56:47,1,Downtown,118,Merchandise,Mug,Branded Ceramic Mug,9.99,3,29.97,Credit Card,1320
316,2025-01-12,07:22:41,5,Lakeside Plaza,116,Pastry,Scone,Cranberry Scone,2.95,2,5.9,Credit Card,1402
317,2025-01-12,08:24:11,4,Airport Terminal 2,114,Bakery,Bagel,Plain Bagel with Cream Cheese,3.4,2,6.8,Credit Card,1242
318,2025-01-12,16:09:51,2,Riverside Mall,110,Tea,Brewed Tea,Earl Grey,2.75,1,2.75,Credit Card,1029
319,2025-01-12,13:24:15,4,Airport Terminal 2,118,Merchandise,Mug,Branded Ceramic Mug,9.99,1,9.99,Credit Card,1169
320,2025-01-12,07:46:53,4,Airport Terminal 2,112,Bakery,Croissant,Butter Croissant,3.25,1,3.25,Credit Card,1137
321,2025-01-12,17:12:51,5,Lakeside Plaza,102,Coffee,Brewed Coffee,Brewed Coffee - Large,2.95,2,5.9,Credit Card,1370
322,2025-01-12,08:58:21,2,Riverside Mall,116,Pastry,Scone,Cranberry Scone,2.95,1,2.95,Credit Card,1007
323,2025-01-12,15:48:30,2,Riverside Mall,104,Coffee,Latte,Latte - Regular,3.75,3,11.25,Credit Card,1356
324,2025-01-12,17:35:20,2,Riverside Mall,113,Bakery,Muffin,Blueberry Muffin,3.1,2,6.2,Credit Card,1194
325,2025-01-13,09:32:56,3,Uptown,110,Tea,Brewed Tea,Earl Grey,2.75,1,2.75,Mobile Pay,1050
326,2025-01-13,17:23:20,4,Airport Terminal 2,111,Tea,Chai,Chai Latte - Regular,3.85,1,3.85,Mobile Pay,1288
327,2025-01-13,09:59:37,2,Riverside Mall,101,Coffee,Brewed Coffee,Brewed Coffee - Regular,2.5,1,2.5,Credit Card,1213
328,2025-01-13,09:36:53,2,Riverside Mall,111,Tea,Chai,Chai Latte - Regular,3.85,1,3.85,Credit Card,1281
329,2025-01-13,15:31:46,3,Uptown,109,Tea,Brewed Tea,Green Tea,2.75,2,5.5,Credit Card,1251
330,2025-01-13,08:34:31,3,Uptown,106,Coffee,Cappuccino,Cappuccino - Regular,3.65,1,3.65,Mobile Pay,1277
331,2025-01-13,07:54:04,1,Downtown,117,Merchandise,Bag,Coffee Beans - 12oz Bag,12.5,3,37.5,Cash,1342
332,2025-01-13,08:40:14,1,Downtown,114,Bakery,Bagel,Plain Bagel with Cream Cheese,3.4,1,3.4,Cash,1077
333,2025-01-13,11:39:40,5,Lakeside Plaza,115,Pastry,Cookie,Chocolate Chip Cookie,2.1,2,4.2,Mobile Pay,1315
334,2025-01-13,06:35:26,4,Airport Terminal 2,101,Coffee,Brewed Coffee,Brewed Coffee - Regular,2.5,1,2.5,Credit Card,1271
335,2025-01-13,06:52:44,5,Lakeside Plaza,110,Tea,Brewed Tea,Earl Grey,2.75,2,5.5,Mobile Pay,1412
336,2025-01-13,17:33:09,2,Riverside Mall,104,Coffee,Latte,Latte - Regular,3.75,1,3.75,Credit Card,1317
337,2025-01-13,16:05:23,3,Uptown,109,Tea,Brewed Tea,Green Tea,2.75,4,11.0,Credit Card,1235
338,2025-01-13,15:54:05,2,Riverside Mall,110,Tea,Brewed Tea,Earl Grey,2.75,2,5.5,Credit Card,1439
339,2025-01-13,11:24:35,1,Downtown,103,Coffee,Espresso,Espresso Shot,2.2,1,2.2,Cash,1326
340,2025-01-13,13:27:41,2,Riverside Mall,103,Coffee,Espresso,Espresso Shot,2.2,2,4.4,Mobile Pay,1289
341,2025-01-13,17:14:13,1,Downtown,117,Merchandise,Bag,Coffee Beans - 12oz Bag,12.5,3,37.5,Mobile Pay,1354
342,2025-01-13,07:04:43,4,Airport Terminal 2,109,Tea,Brewed Tea,Green Tea,2.75,3,8.25,Credit Card,1278
343,2025-01-13,18:20:01,1,Downtown,106,Coffee,Cappuccino,Cappuccino - Regular,3.65,4,14.6,Cash,1300
344,2025-01-13,09:36:15,4,Airport Terminal 2,103,Coffee,Espresso,Espresso Shot,2.2,1,2.2,Credit Card,1434
345,2025-01-13,11:47:08,5,Lakeside Plaza,111,Tea,Chai,Chai Latte - Regular,3.85,2,7.7,Credit Card,1352
346,2025-01-13,07:27:14,5,Lakeside Plaza,112,Bakery,Croissant,Butter Croissant,3.25,2,6.5,Credit Card,1174
347,2025-01-13,18:20:01,5,Lakeside Plaza,113,Bakery,Muffin,Blueberry Muffin,3.1,2,6.2,Mobile Pay,1401
348,2025-01-13,10:24:27,4,Airport Terminal 2,108,Coffee,Cold Brew,Cold Brew - Large,4.45,1,4.45,Credit Card,1299
349,2025-01-13,16:45:04,1,Downtown,110,Tea,Brewed Tea,Earl Grey,2.75,1,2.75,Credit Card,1078
350,2025-01-13,10:06:05,2,Riverside Mall,113,Bakery,Muffin,Blueberry Muffin,3.1,1,3.1,Credit Card,1157
351,2025-01-13,08:11:27,3,Uptown,104,Coffee,Latte,Latte - Regular,3.75,1,3.75,Credit Card,1284
352,2025-01-13,07:35:05,1,Downtown,101,Coffee,Brewed Coffee,Brewed Coffee - Regular,2.5,1,2.5,Credit Card,1401
353,2025-01-14,11:49:05,1,Downtown,110,Tea,Brewed Tea,Earl Grey,2.75,2,5.5,Mobile Pay,1286
354,2025-01-14,08:24:10,2,Riverside Mall,117,Merchandise,Bag,Coffee Beans - 12oz Bag,12.5,1,12.5,Credit Card,1154
355,2025-01-14,08:17:26,2,Riverside Mall,103,Coffee,Espresso,Espresso Shot,2.2,1,2.2,Cash,1400
356,2025-01-14,15:31:38,3,Uptown,108,Coffee,Cold Brew,Cold Brew - Large,4.45,2,8.9,Cash,1234
357,2025-01-14,18:21:53,3,Uptown,101,Coffee,Brewed Coffee,Brewed Coffee - Regular,2.5,2,5.0,Mobile Pay,1411
358,2025-01-14,12:52:55,4,Airport Terminal 2,111,Tea,Chai,Chai Latte - Regular,3.85,2,7.7,Cash,1304
359,2025-01-14,12:11:25,3,Uptown,107,Coffee,Cold Brew,Cold Brew - Regular,3.95,4,15.8,Credit Card,1149
360,2025-01-14,10:17:52,4,Airport Terminal 2,108,Coffee,Cold Brew,Cold Brew - Large,4.45,2,8.9,Cash,1186
361,2025-01-14,14:34:11,5,Lakeside Plaza,107,Coffee,Cold Brew,Cold Brew - Regular,3.95,2,7.9,Cash,1281
362,2025-01-14,12:18:53,4,Airport Terminal 2,107,Coffee,Cold Brew,Cold Brew - Regular,3.95,2,7.9,Mobile Pay,1419
363,2025-01-14,08:19:15,4,Airport Terminal 2,116,Pastry,Scone,Cranberry Scone,2.95,1,2.95,Credit Card,1078
364,2025-01-14,12:38:30,4,Airport Terminal 2,103,Coffee,Espresso,Espresso Shot,2.2,1,2.2,Credit Card,1273
365,2025-01-14,07:23:44,4,Airport Terminal 2,118,Merchandise,Mug,Branded Ceramic Mug,9.99,3,29.97,Credit Card,1274
366,2025-01-14,15:42:42,1,Downtown,104,Coffee,Latte,Latte - Regular,3.75,1,3.75,Credit Card,1331
367,2025-01-14,18:21:50,5,Lakeside Plaza,113,Bakery,Muffin,Blueberry Muffin,3.1,1,3.1,Cash,1005
368,2025-01-14,15:35:37,2,Riverside Mall,117,Merchandise,Bag,Coffee Beans - 12oz Bag,12.5,2,25.0,Credit Card,1113
369,2025-01-14,15:37:44,4,Airport Terminal 2,115,Pastry,Cookie,Chocolate Chip Cookie,2.1,1,2.1,Mobile Pay,1176
370,2025-01-14,09:58:05,4,Airport Terminal 2,104,Coffee,Latte,Latte - Regular,3.75,1,3.75,Cash,1373
371,2025-01-14,12:13:33,3,Uptown,111,Tea,Chai,Chai Latte - Regular,3.85,1,3.85,Cash,1243
372,2025-01-14,07:02:51,4,Airport Terminal 2,111,Tea,Chai,Chai Latte - Regular,3.85,2,7.7,Mobile Pay,1011
373,2025-01-14,18:47:15,1,Downtown,106,Coffee,Cappuccino,Cappuccino - Regular,3.65,1,3.65,Cash,1282
374,2025-01-14,18:14:51,5,Lakeside Plaza,114,Bakery,Bagel,Plain Bagel with Cream Cheese,3.4,1,3.4,Cash,1094
375,2025-01-14,07:39:56,4,Airport Terminal 2,113,Bakery,Muffin,Blueberry Muffin,3.1,1,3.1,Credit Card,1303
376,2025-01-14,08:48:45,1,Downtown,107,Coffee,Cold Brew,Cold Brew - Regular,3.95,2,7.9,Credit Card,1032
377,2025-01-15,11:12:29,5,Lakeside Plaza,106,Coffee,Cappuccino,Cappuccino - Regular,3.65,1,3.65,Mobile Pay,1343
378,2025-01-15,14:39:25,5,Lakeside Plaza,111,Tea,Chai,Chai Latte - Regular,3.85,1,3.85,Credit Card,1178
379,2025-01-15,16:45:51,4,Airport Terminal 2,106,Coffee,Cappuccino,Cappuccino - Regular,3.65,1,3.65,Credit Card,1314
380,2025-01-15,08:19:07,2,Riverside Mall,111,Tea,Chai,Chai Latte - Regular,3.85,1,3.85,Cash,1355
381,2025-01-15,14:36:24,4,Airport Terminal 2,114,Bakery,Bagel,Plain Bagel with Cream Cheese,3.4,1,3.4,Credit Card,1249
382,2025-01-15,08:18:08,2,Riverside Mall,118,Merchandise,Mug,Branded Ceramic Mug,9.99,1,9.99,Credit Card,1431
383,2025-01-15,18:31:08,1,Downtown,112,Bakery,Croissant,Butter Croissant,3.25,1,3.25,Mobile Pay,1196
384,2025-01-15,11:31:26,5,Lakeside Plaza,116,Pastry,Scone,Cranberry Scone,2.95,2,5.9,Credit Card,1227
385,2025-01-15,16:14:18,1,Downtown,101,Coffee,Brewed Coffee,Brewed Coffee - Regular,2.5,1,2.5,Credit Card,1115
386,2025-01-15,13:49:49,2,Riverside Mall,115,Pastry,Cookie,Chocolate Chip Cookie,2.1,1,2.1,Cash,1261
387,2025-01-15,15:52:23,1,Downtown,109,Tea,Brewed Tea,Green Tea,2.75,1,2.75,Cash,1387
388,2025-01-15,09:27:06,4,Airport Terminal 2,118,Merchandise,Mug,Branded Ceramic Mug,9.99,2,19.98,Mobile Pay,1334
389,2025-01-15,12:22:55,3,Uptown,102,Coffee,Brewed Coffee,Brewed Coffee - Large,2.95,2,5.9,Mobile Pay,1224
390,2025-01-15,08:47:37,1,Downtown,108,Coffee,Cold Brew,Cold Brew - Large,4.45,2,8.9,Credit Card,1440
391,2025-01-15,14:50:13,4,Airport Terminal 2,106,Coffee,Cappuccino,Cappuccino - Regular,3.65,2,7.3,Cash,1412
392,2025-01-15,09:34:10,3,Uptown,118,Merchandise,Mug,Branded Ceramic Mug,9.99,1,9.99,Credit Card,1360
393,2025-01-15,18:32:57,5,Lakeside Plaza,109,Tea,Brewed Tea,Green Tea,2.75,2,5.5,Cash,1048
394,2025-01-15,19:55:41,4,Airport Terminal 2,102,Coffee,Brewed Coffee,Brewed Coffee - Large,2.95,1,2.95,Cash,1443
395,2025-01-15,16:48:53,2,Riverside Mall,111,Tea,Chai,Chai Latte - Regular,3.85,2,7.7,Cash,1250
396,2025-01-15,11:04:40,3,Uptown,114,Bakery,Bagel,Plain Bagel with Cream Cheese,3.4,2,6.8,Cash,1393
397,2025-01-15,15:56:23,5,Lakeside Plaza,109,Tea,Brewed Tea,Green Tea,2.75,1,2.75,Credit Card,1249
398,2025-01-15,15:29:40,1,Downtown,103,Coffee,Espresso,Espresso Shot,2.2,2,4.4,Mobile Pay,1183
399,2025-01-15,09:27:52,5,Lakeside Plaza,113,Bakery,Muffin,Blueberry Muffin,3.1,1,3.1,Credit Card,1137
400,2025-01-15,13:08:36,3,Uptown,111,Tea,Chai,Chai Latte - Regular,3.85,3,11.55,Credit Card,1403
401,2025-01-15,07:50:53,1,Downtown,102,Coffee,Brewed Coffee,Brewed Coffee - Large,2.95,1,2.95,Mobile Pay,1063
402,2025-01-15,12:27:12,2,Riverside Mall,115,Pastry,Cookie,Chocolate Chip Cookie,2.1,4,8.4,Mobile Pay,1067
403,2025-01-15,17:56:17,3,Uptown,106,Coffee,Cappuccino,Cappuccino - Regular,3.65,1,3.65,Credit Card,1184
404,2025-01-15,07:40:19,3,Uptown,106,Coffee,Cappuccino,Cappuccino - Regular,3.65,2,7.3,Credit Card,1386
405,2025-01-15,06:30:04,1,Downtown,104,Coffee,Latte,Latte - Regular,3.75,1,3.75,Credit Card,1115
406,2025-01-15,06:21:52,4,Airport Terminal 2,101,Coffee,Brewed Coffee,Brewed Coffee - Regular,2.5,1,2.5,Credit Card,1440
407,2025-01-16,09:05:46,4,Airport Terminal 2,103,Coffee,Espresso,Espresso Shot,2.2,2,4.4,Credit Card,1052
408,2025-01-16,11:52:48,3,Uptown,105,Coffee,Latte,Latte - Large,4.25,3,12.75,Mobile Pay,1328
409,2025-01-16,13:00:39,2,Riverside Mall,103,Coffee,Espresso,Espresso Shot,2.2,2,4.4,Credit Card,1225
410,2025-01-16,17:39:43,2,Riverside Mall,105,Coffee,Latte,Latte - Large,4.25,1,4.25,Cash,1111
411,2025-01-16,15:37:46,1,Downtown,105,Coffee,Latte,Latte - Large,4.25,1,4.25,Credit Card,1219
412,2025-01-16,09:05:15,2,Riverside Mall,108,Coffee,Cold Brew,Cold Brew - Large,4.45,1,4.45,Credit Card,1307
413,2025-01-16,16:42:56,3,Uptown,101,Coffee,Brewed Coffee,Brewed Coffee - Regular,2.5,1,2.5,Credit Card,1265
414,2025-01-16,09:03:50,2,Riverside Mall,113,Bakery,Muffin,Blueberry Muffin,3.1,3,9.3,Credit Card,1122
415,2025-01-16,13:38:04,1,Downtown,108,Coffee,Cold Brew,Cold Brew - Large,4.45,1,4.45,Mobile Pay,1006
416,2025-01-16,11:53:36,3,Uptown,105,Coffee,Latte,Latte - Large,4.25,1,4.25,Credit Card,1279
417,2025-01-16,06:04:00,4,Airport Terminal 2,103,Coffee,Espresso,Espresso Shot,2.2,1,2.2,Mobile Pay,1020
418,2025-01-16,09:45:32,4,Airport Terminal 2,117,Merchandise,Bag,Coffee Beans - 12oz Bag,12.5,2,25.0,Credit Card,1216
419,2025-01-16,13:09:17,1,Downtown,118,Merchandise,Mug,Branded Ceramic Mug,9.99,1,9.99,Credit Card,1040
420,2025-01-16,13:25:37,2,Riverside Mall,105,Coffee,Latte,Latte - Large,4.25,2,8.5,Credit Card,1427
421,2025-01-16,15:46:54,1,Downtown,110,Tea,Brewed Tea,Earl Grey,2.75,1,2.75,Cash,1125
422,2025-01-16,12:38:03,4,Airport Terminal 2,104,Coffee,Latte,Latte - Regular,3.75,1,3.75,Credit Card,1379
423,2025-01-16,06:08:44,2,Riverside Mall,104,Coffee,Latte,Latte - Regular,3.75,1,3.75,Mobile Pay,1254
424,2025-01-16,15:46:16,5,Lakeside Plaza,117,Merchandise,Bag,Coffee Beans - 12oz Bag,12.5,1,12.5,Credit Card,1064
425,2025-01-16,15:01:21,3,Uptown,104,Coffee,Latte,Latte - Regular,3.75,2,7.5,Credit Card,1139
426,2025-01-16,13:32:23,3,Uptown,103,Coffee,Espresso,Espresso Shot,2.2,1,2.2,Credit Card,1439
427,2025-01-17,15:57:36,2,Riverside Mall,109,Tea,Brewed Tea,Green Tea,2.75,2,5.5,Credit Card,1059
428,2025-01-17,07:55:00,5,Lakeside Plaza,101,Coffee,Brewed Coffee,Brewed Coffee - Regular,2.5,1,2.5,Credit Card,1241
429,2025-01-17,18:54:02,2,Riverside Mall,106,Coffee,Cappuccino,Cappuccino - Regular,3.65,1,3.65,Credit Card,1365
430,2025-01-17,10:26:58,4,Airport Terminal 2,108,Coffee,Cold Brew,Cold Brew - Large,4.45,2,8.9,Mobile Pay,1138
431,2025-01-17,08:43:57,5,Lakeside Plaza,112,Bakery,Croissant,Butter Croissant,3.25,1,3.25,Mobile Pay,1114
432,2025-01-17,07:29:55,1,Downtown,113,Bakery,Muffin,Blueberry Muffin,3.1,1,3.1,Credit Card,1432
433,2025-01-17,12:23:12,1,Downtown,118,Merchandise,Mug,Branded Ceramic Mug,9.99,1,9.99,Credit Card,1401
434,2025-01-17,12:37:31,5,Lakeside Plaza,108,Coffee,Cold Brew,Cold Brew - Large,4.45,4,17.8,Cash,1397
435,2025-01-17,08:59:26,5,Lakeside Plaza,108,Coffee,Cold Brew,Cold Brew - Large,4.45,1,4.45,Credit Card,1277
436,2025-01-17,06:42:24,1,Downtown,111,Tea,Chai,Chai Latte - Regular,3.85,2,7.7,Credit Card,1372
437,2025-01-17,19:26:31,2,Riverside Mall,117,Merchandise,Bag,Coffee Beans - 12oz Bag,12.5,4,50.0,Credit Card,1072
438,2025-01-17,17:57:54,1,Downtown,102,Coffee,Brewed Coffee,Brewed Coffee - Large,2.95,1,2.95,Mobile Pay,1358
439,2025-01-17,14:32:08,4,Airport Terminal 2,103,Coffee,Espresso,Espresso Shot,2.2,2,4.4,Cash,1201
440,2025-01-17,12:08:15,5,Lakeside Plaza,102,Coffee,Brewed Coffee,Brewed Coffee - Large,2.95,1,2.95,Credit Card,1435
441,2025-01-17,10:17:14,4,Airport Terminal 2,111,Tea,Chai,Chai Latte - Regular,3.85,1,3.85,Cash,1103
442,2025-01-17,08:10:28,5,Lakeside Plaza,104,Coffee,Latte,Latte - Regular,3.75,1,3.75,Cash,1208
443,2025-01-17,12:29:16,3,Uptown,107,Coffee,Cold Brew,Cold Brew - Regular,3.95,3,11.85,Cash,1046
444,2025-01-17,09:54:20,3,Uptown,102,Coffee,Brewed Coffee,Brewed Coffee - Large,2.95,1,2.95,Credit Card,1364
445,2025-01-17,13:43:19,3,Uptown,113,Bakery,Muffin,Blueberry Muffin,3.1,1,3.1,Cash,1089
446,2025-01-17,13:35:15,4,Airport Terminal 2,115,Pastry,Cookie,Chocolate Chip Cookie,2.1,1,2.1,Mobile Pay,1052
447,2025-01-17,06:53:49,2,Riverside Mall,104,Coffee,Latte,Latte - Regular,3.75,4,15.0,Cash,1066
448,2025-01-17,15:41:05,4,Airport Terminal 2,112,Bakery,Croissant,Butter Croissant,3.25,1,3.25,Mobile Pay,1132
449,2025-01-17,19:12:57,1,Downtown,101,Coffee,Brewed Coffee,Brewed Coffee - Regular,2.5,2,5.0,Cash,1414
450,2025-01-18,07:29:03,3,Uptown,104,Coffee,Latte,Latte - Regular,3.75,1,3.75,Credit Card,1293
451,2025-01-18,07:43:27,4,Airport Terminal 2,116,Pastry,Scone,Cranberry Scone,2.95,1,2.95,Mobile Pay,1109
452,2025-01-18,12:09:02,3,Uptown,109,Tea,Brewed Tea,Green Tea,2.75,2,5.5,Credit Card,1315
453,2025-01-18,11:35:30,3,Uptown,116,Pastry,Scone,Cranberry Scone,2.95,1,2.95,Credit Card,1143
454,2025-01-18,14:51:33,4,Airport Terminal 2,107,Coffee,Cold Brew,Cold Brew - Regular,3.95,1,3.95,Credit Card,1410
455,2025-01-18,15:22:30,1,Downtown,113,Bakery,Muffin,Blueberry Muffin,3.1,1,3.1,Credit Card,1248
456,2025-01-18,10:17:11,5,Lakeside Plaza,117,Merchandise,Bag,Coffee Beans - 12oz Bag,12.5,1,12.5,Credit Card,1305
457,2025-01-18,16:30:33,3,Uptown,102,Coffee,Brewed Coffee,Brewed Coffee - Large,2.95,1,2.95,Mobile Pay,1299
458,2025-01-18,09:15:17,2,Riverside Mall,104,Coffee,Latte,Latte - Regular,3.75,1,3.75,Mobile Pay,1405
459,2025-01-18,14:51:24,1,Downtown,108,Coffee,Cold Brew,Cold Brew - Large,4.45,1,4.45,Mobile Pay,1429
460,2025-01-18,09:20:51,2,Riverside Mall,106,Coffee,Cappuccino,Cappuccino - Regular,3.65,2,7.3,Mobile Pay,1183
461,2025-01-18,18:36:09,1,Downtown,112,Bakery,Croissant,Butter Croissant,3.25,1,3.25,Mobile Pay,1096
462,2025-01-18,10:31:02,4,Airport Terminal 2,118,Merchandise,Mug,Branded Ceramic Mug,9.99,1,9.99,Credit Card,1119
463,2025-01-18,12:21:58,1,Downtown,117,Merchandise,Bag,Coffee Beans - 12oz Bag,12.5,2,25.0,Cash,1412
464,2025-01-18,07:09:37,2,Riverside Mall,111,Tea,Chai,Chai Latte - Regular,3.85,2,7.7,Mobile Pay,1072
465,2025-01-18,18:23:45,5,Lakeside Plaza,112,Bakery,Croissant,Butter Croissant,3.25,3,9.75,Credit Card,1202
466,2025-01-18,10:10:46,3,Uptown,110,Tea,Brewed Tea,Earl Grey,2.75,3,8.25,Credit Card,1405
467,2025-01-18,08:35:44,4,Airport Terminal 2,111,Tea,Chai,Chai Latte - Regular,3.85,3,11.55,Mobile Pay,1314
468,2025-01-18,11:46:44,2,Riverside Mall,106,Coffee,Cappuccino,Cappuccino - Regular,3.65,1,3.65,Credit Card,1090
469,2025-01-18,16:49:36,5,Lakeside Plaza,113,Bakery,Muffin,Blueberry Muffin,3.1,1,3.1,Credit Card,1308
470,2025-01-18,14:06:59,5,Lakeside Plaza,108,Coffee,Cold Brew,Cold Brew - Large,4.45,1,4.45,Credit Card,1169
471,2025-01-18,19:10:40,2,Riverside Mall,112,Bakery,Croissant,Butter Croissant,3.25,3,9.75,Mobile Pay,1045
472,2025-01-18,06:13:15,3,Uptown,115,Pastry,Cookie,Chocolate Chip Cookie,2.1,2,4.2,Credit Card,1179
473,2025-01-18,07:28:46,1,Downtown,101,Coffee,Brewed Coffee,Brewed Coffee - Regular,2.5,1,2.5,Mobile Pay,1085
474,2025-01-18,10:24:06,4,Airport Terminal 2,113,Bakery,Muffin,Blueberry Muffin,3.1,2,6.2,Mobile Pay,1403
475,2025-01-18,12:51:54,2,Riverside Mall,106,Coffee,Cappuccino,Cappuccino - Regular,3.65,1,3.65,Credit Card,1010
476,2025-01-18,10:56:24,1,Downtown,103,Coffee,Espresso,Espresso Shot,2.2,1,2.2,Credit Card,1038
477,2025-01-18,14:39:57,1,Downtown,111,Tea,Chai,Chai Latte - Regular,3.85,1,3.85,Credit Card,1015
478,2025-01-18,08:06:21,2,Riverside Mall,114,Bakery,Bagel,Plain Bagel with Cream Cheese,3.4,1,3.4,Credit Card,1097
479,2025-01-18,09:18:19,5,Lakeside Plaza,118,Merchandise,Mug,Branded Ceramic Mug,9.99,1,9.99,Credit Card,1025
480,2025-01-18,08:23:00,5,Lakeside Plaza,116,Pastry,Scone,Cranberry Scone,2.95,1,2.95,Mobile Pay,1150
481,2025-01-18,08:01:13,5,Lakeside Plaza,116,Pastry,Scone,Cranberry Scone,2.95,1,2.95,Mobile Pay,1149
482,2025-01-19,15:30:31,1,Downtown,110,Tea,Brewed Tea,Earl Grey,2.75,3,8.25,Cash,1135
483,2025-01-19,08:56:24,5,Lakeside Plaza,113,Bakery,Muffin,Blueberry Muffin,3.1,1,3.1,Cash,1228
484,2025-01-19,09:53:17,4,Airport Terminal 2,115,Pastry,Cookie,Chocolate Chip Cookie,2.1,1,2.1,Mobile Pay,1077
485,2025-01-19,14:51:34,1,Downtown,103,Coffee,Espresso,Espresso Shot,2.2,1,2.2,Credit Card,1387
486,2025-01-19,16:52:33,5,Lakeside Plaza,102,Coffee,Brewed Coffee,Brewed Coffee - Large,2.95,1,2.95,Credit Card,1274
487,2025-01-19,12:05:25,4,Airport Terminal 2,108,Coffee,Cold Brew,Cold Brew - Large,4.45,3,13.35,Cash,1365
488,2025-01-19,16:43:39,5,Lakeside Plaza,117,Merchandise,Bag,Coffee Beans - 12oz Bag,12.5,1,12.5,Credit Card,1387
489,2025-01-19,16:08:02,2,Riverside Mall,107,Coffee,Cold Brew,Cold Brew - Regular,3.95,1,3.95,Credit Card,1349
490,2025-01-19,10:46:58,2,Riverside Mall,109,Tea,Brewed Tea,Green Tea,2.75,2,5.5,Credit Card,1044
491,2025-01-19,10:17:33,4,Airport Terminal 2,118,Merchandise,Mug,Branded Ceramic Mug,9.99,1,9.99,Cash,1447
492,2025-01-19,15:07:26,5,Lakeside Plaza,117,Merchandise,Bag,Coffee Beans - 12oz Bag,12.5,1,12.5,Credit Card,1290
493,2025-01-19,13:06:50,1,Downtown,104,Coffee,Latte,Latte - Regular,3.75,1,3.75,Mobile Pay,1274
494,2025-01-19,11:31:36,4,Airport Terminal 2,109,Tea,Brewed Tea,Green Tea,2.75,2,5.5,Cash,1019
495,2025-01-19,14:43:44,4,Airport Terminal 2,105,Coffee,Latte,Latte - Large,4.25,1,4.25,Mobile Pay,1202
496,2025-01-19,07:30:58,3,Uptown,108,Coffee,Cold Brew,Cold Brew - Large,4.45,1,4.45,Cash,1190
497,2025-01-19,09:31:54,3,Uptown,110,Tea,Brewed Tea,Earl Grey,2.75,2,5.5,Mobile Pay,1050
498,2025-01-19,10:47:28,2,Riverside Mall,105,Coffee,Latte,Latte - Large,4.25,2,8.5,Credit Card,1164
499,2025-01-19,08:13:58,4,Airport Terminal 2,103,Coffee,Espresso,Espresso Shot,2.2,2,4.4,Credit Card,1379
500,2025-01-19,16:32:50,5,Lakeside Plaza,112,Bakery,Croissant,Butter Croissant,3.25,1,3.25,Credit Card,1159
501,2025-01-19,15:33:56,4,Airport Terminal 2,105,Coffee,Latte,Latte - Large,4.25,1,4.25,Cash,1088
502,2025-01-19,09:29:03,2,Riverside Mall,102,Coffee,Brewed Coffee,Brewed Coffee - Large,2.95,3,8.85,Cash,1360
503,2025-01-19,13:40:59,3,Uptown,115,Pastry,Cookie,Chocolate Chip Cookie,2.1,1,2.1,Credit Card,1015
504,2025-01-19,08:55:30,4,Airport Terminal 2,115,Pastry,Cookie,Chocolate Chip Cookie,2.1,1,2.1,Credit Card,1179
505,2025-01-19,09:24:03,3,Uptown,103,Coffee,Espresso,Espresso Shot,2.2,1,2.2,Mobile Pay,1292
506,2025-01-19,14:43:13,2,Riverside Mall,108,Coffee,Cold Brew,Cold Brew - Large,4.45,1,4.45,Credit Card,1209
507,2025-01-20,17:41:11,1,Downtown,116,Pastry,Scone,Cranberry Scone,2.95,2,5.9,Credit Card,1004
508,2025-01-20,15:45:41,5,Lakeside Plaza,110,Tea,Brewed Tea,Earl Grey,2.75,1,2.75,Mobile Pay,1192
509,2025-01-20,09:19:43,4,Airport Terminal 2,109,Tea,Brewed Tea,Green Tea,2.75,1,2.75,Credit Card,1319
510,2025-01-20,13:42:53,1,Downtown,101,Coffee,Brewed Coffee,Brewed Coffee - Regular,2.5,2,5.0,Credit Card,1287
511,2025-01-20,09:06:30,5,Lakeside Plaza,110,Tea,Brewed Tea,Earl Grey,2.75,1,2.75,Credit Card,1141
512,2025-01-20,14:57:41,3,Uptown,109,Tea,Brewed Tea,Green Tea,2.75,1,2.75,Credit Card,1076
513,2025-01-20,16:51:51,2,Riverside Mall,102,Coffee,Brewed Coffee,Brewed Coffee - Large,2.95,2,5.9,Credit Card,1338
514,2025-01-20,14:18:16,2,Riverside Mall,101,Coffee,Brewed Coffee,Brewed Coffee - Regular,2.5,3,7.5,Credit Card,1207
515,2025-01-20,10:45:14,1,Downtown,107,Coffee,Cold Brew,Cold Brew - Regular,3.95,2,7.9,Mobile Pay,1326
516,2025-01-20,10:10:53,3,Uptown,117,Merchandise,Bag,Coffee Beans - 12oz Bag,12.5,2,25.0,Cash,1285
517,2025-01-20,08:16:46,1,Downtown,116,Pastry,Scone,Cranberry Scone,2.95,2,5.9,Mobile Pay,1390
518,2025-01-20,09:14:47,3,Uptown,103,Coffee,Espresso,Espresso Shot,2.2,3,6.6,Mobile Pay,1215
519,2025-01-20,09:18:29,3,Uptown,112,Bakery,Croissant,Butter Croissant,3.25,3,9.75,Cash,1240
520,2025-01-20,12:12:32,5,Lakeside Plaza,103,Coffee,Espresso,Espresso Shot,2.2,1,2.2,Credit Card,1348
521,2025-01-20,07:54:09,3,Uptown,114,Bakery,Bagel,Plain Bagel with Cream Cheese,3.4,1,3.4,Credit Card,1102
522,2025-01-20,08:55:45,5,Lakeside Plaza,115,Pastry,Cookie,Chocolate Chip Cookie,2.1,1,2.1,Credit Card,1041
523,2025-01-20,14:00:28,2,Riverside Mall,111,Tea,Chai,Chai Latte - Regular,3.85,1,3.85,Mobile Pay,1389
524,2025-01-20,13:48:49,5,Lakeside Plaza,106,Coffee,Cappuccino,Cappuccino - Regular,3.65,1,3.65,Credit Card,1314
525,2025-01-20,12:30:24,4,Airport Terminal 2,113,Bakery,Muffin,Blueberry Muffin,3.1,1,3.1,Cash,1273
526,2025-01-20,17:48:53,3,Uptown,101,Coffee,Brewed Coffee,Brewed Coffee - Regular,2.5,1,2.5,Credit Card,1009
527,2025-01-20,15:22:19,2,Riverside Mall,108,Coffee,Cold Brew,Cold Brew - Large,4.45,1,4.45,Credit Card,1196
528,2025-01-20,07:02:19,3,Uptown,106,Coffee,Cappuccino,Cappuccino - Regular,3.65,3,10.95,Credit Card,1233
529,2025-01-20,10:56:43,5,Lakeside Plaza,117,Merchandise,Bag,Coffee Beans - 12oz Bag,12.5,4,50.0,Mobile Pay,1175
530,2025-01-20,15:10:58,4,Airport Terminal 2,112,Bakery,Croissant,Butter Croissant,3.25,3,9.75,Cash,1206
531,2025-01-20,08:01:37,2,Riverside Mall,105,Coffee,Latte,Latte - Large,4.25,1,4.25,Credit Card,1063
532,2025-01-20,17:16:49,1,Downtown,113,Bakery,Muffin,Blueberry Muffin,3.1,1,3.1,Credit Card,1024
533,2025-01-20,14:01:03,1,Downtown,104,Coffee,Latte,Latte - Regular,3.75,2,7.5,Credit Card,1213
534,2025-01-20,09:44:09,1,Downtown,118,Merchandise,Mug,Branded Ceramic Mug,9.99,1,9.99,Credit Card,1351
535,2025-01-20,14:42:33,3,Uptown,114,Bakery,Bagel,Plain Bagel with Cream Cheese,3.4,1,3.4,Credit Card,1310
536,2025-01-20,13:39:07,4,Airport Terminal 2,104,Coffee,Latte,Latte - Regular,3.75,1,3.75,Cash,1401
537,2025-01-20,15:53:33,2,Riverside Mall,107,Coffee,Cold Brew,Cold Brew - Regular,3.95,4,15.8,Credit Card,1183
538,2025-01-21,13:58:13,2,Riverside Mall,102,Coffee,Brewed Coffee,Brewed Coffee - Large,2.95,2,5.9,Credit Card,1246
539,2025-01-21,15:58:07,1,Downtown,101,Coffee,Brewed Coffee,Brewed Coffee - Regular,2.5,2,5.0,Credit Card,1342
540,2025-01-21,07:46:06,1,Downtown,117,Merchandise,Bag,Coffee Beans - 12oz Bag,12.5,3,37.5,Credit Card,1329
541,2025-01-21,12:06:52,3,Uptown,109,Tea,Brewed Tea,Green Tea,2.75,1,2.75,Mobile Pay,1020
542,2025-01-21,12:07:06,3,Uptown,111,Tea,Chai,Chai Latte - Regular,3.85,3,11.55,Cash,1023
543,2025-01-21,10:57:28,2,Riverside Mall,106,Coffee,Cappuccino,Cappuccino - Regular,3.65,4,14.6,Mobile Pay,1137
544,2025-01-21,16:11:07,1,Downtown,112,Bakery,Croissant,Butter Croissant,3.25,1,3.25,Credit Card,1233
545,2025-01-21,16:41:56,4,Airport Terminal 2,116,Pastry,Scone,Cranberry Scone,2.95,2,5.9,Cash,1057
546,2025-01-21,08:58:37,1,Downtown,106,Coffee,Cappuccino,Cappuccino - Regular,3.65,1,3.65,Credit Card,1291
547,2025-01-21,15:39:01,2,Riverside Mall,113,Bakery,Muffin,Blueberry Muffin,3.1,3,9.3,Credit Card,1429
548,2025-01-21,17:07:56,2,Riverside Mall,116,Pastry,Scone,Cranberry Scone,2.95,1,2.95,Cash,1023
549,2025-01-21,15:43:33,3,Uptown,101,Coffee,Brewed Coffee,Brewed Coffee - Regular,2.5,2,5.0,Credit Card,1295
550,2025-01-21,13:44:44,2,Riverside Mall,111,Tea,Chai,Chai Latte - Regular,3.85,2,7.7,Credit Card,1221
551,2025-01-21,10:43:41,2,Riverside Mall,116,Pastry,Scone,Cranberry Scone,2.95,1,2.95,Mobile Pay,1429
552,2025-01-21,06:59:10,5,Lakeside Plaza,102,Coffee,Brewed Coffee,Brewed Coffee - Large,2.95,1,2.95,Mobile Pay,1240
553,2025-01-21,15:20:15,2,Riverside Mall,103,Coffee,Espresso,Espresso Shot,2.2,1,2.2,Cash,1142
554,2025-01-21,14:25:52,2,Riverside Mall,118,Merchandise,Mug,Branded Ceramic Mug,9.99,1,9.99,Credit Card,1235
555,2025-01-21,07:31:28,5,Lakeside Plaza,115,Pastry,Cookie,Chocolate Chip Cookie,2.1,1,2.1,Credit Card,1254
556,2025-01-21,11:02:35,1,Downtown,104,Coffee,Latte,Latte - Regular,3.75,1,3.75,Cash,1422
557,2025-01-21,17:35:13,5,Lakeside Plaza,110,Tea,Brewed Tea,Earl Grey,2.75,2,5.5,Mobile Pay,1233
558,2025-01-21,16:54:29,3,Uptown,102,Coffee,Brewed Coffee,Brewed Coffee - Large,2.95,1,2.95,Credit Card,1392
559,2025-01-21,15:07:06,4,Airport Terminal 2,112,Bakery,Croissant,Butter Croissant,3.25,2,6.5,Cash,1113
560,2025-01-22,13:44:06,3,Uptown,118,Merchandise,Mug,Branded Ceramic Mug,9.99,1,9.99,Credit Card,1084
561,2025-01-22,09:12:12,4,Airport Terminal 2,104,Coffee,Latte,Latte - Regular,3.75,1,3.75,Credit Card,1436
562,2025-01-22,15:06:48,4,Airport Terminal 2,107,Coffee,Cold Brew,Cold Brew - Regular,3.95,1,3.95,Mobile Pay,1324
563,2025-01-22,15:28:29,5,Lakeside Plaza,104,Coffee,Latte,Latte - Regular,3.75,2,7.5,Cash,1258
564,2025-01-22,13:03:35,4,Airport Terminal 2,101,Coffee,Brewed Coffee,Brewed Coffee - Regular,2.5,3,7.5,Credit Card,1429
565,2025-01-22,15:11:46,5,Lakeside Plaza,106,Coffee,Cappuccino,Cappuccino - Regular,3.65,2,7.3,Credit Card,1053
566,2025-01-22,13:24:26,5,Lakeside Plaza,111,Tea,Chai,Chai Latte - Regular,3.85,4,15.4,Mobile Pay,1354
567,2025-01-22,18:18:28,3,Uptown,113,Bakery,Muffin,Blueberry Muffin,3.1,2,6.2,Credit Card,1070
568,2025-01-22,16:35:55,5,Lakeside Plaza,110,Tea,Brewed Tea,Earl Grey,2.75,1,2.75,Mobile Pay,1377
569,2025-01-22,08:45:18,2,Riverside Mall,107,Coffee,Cold Brew,Cold Brew - Regular,3.95,2,7.9,Cash,1344
570,2025-01-22,13:40:20,2,Riverside Mall,117,Merchandise,Bag,Coffee Beans - 12oz Bag,12.5,2,25.0,Credit Card,1389
571,2025-01-22,15:57:53,4,Airport Terminal 2,114,Bakery,Bagel,Plain Bagel with Cream Cheese,3.4,1,3.4,Mobile Pay,1449
572,2025-01-22,08:24:09,1,Downtown,117,Merchandise,Bag,Coffee Beans - 12oz Bag,12.5,1,12.5,Cash,1028
573,2025-01-22,15:09:53,2,Riverside Mall,110,Tea,Brewed Tea,Earl Grey,2.75,1,2.75,Credit Card,1401
574,2025-01-22,11:28:06,5,Lakeside Plaza,102,Coffee,Brewed Coffee,Brewed Coffee - Large,2.95,2,5.9,Credit Card,1345
575,2025-01-22,11:32:50,2,Riverside Mall,118,Merchandise,Mug,Branded Ceramic Mug,9.99,2,19.98,Credit Card,1356
576,2025-01-22,11:50:43,1,Downtown,113,Bakery,Muffin,Blueberry Muffin,3.1,1,3.1,Cash,1282
577,2025-01-22,14:49:55,3,Uptown,107,Coffee,Cold Brew,Cold Brew - Regular,3.95,3,11.85,Credit Card,1424
578,2025-01-22,15:12:49,3,Uptown,118,Merchandise,Mug,Branded Ceramic Mug,9.99,2,19.98,Credit Card,1099
579,2025-01-22,08:11:47,2,Riverside Mall,103,Coffee,Espresso,Espresso Shot,2.2,1,2.2,Cash,1193
580,2025-01-22,09:10:37,3,Uptown,118,Merchandise,Mug,Branded Ceramic Mug,9.99,2,19.98,Credit Card,1002
581,2025-01-22,08:20:38,2,Riverside Mall,102,Coffee,Brewed Coffee,Brewed Coffee - Large,2.95,1,2.95,Credit Card,1320
582,2025-01-22,16:35:22,3,Uptown,116,Pastry,Scone,Cranberry Scone,2.95,1,2.95,Credit Card,1362
583,2025-01-23,07:32:10,2,Riverside Mall,117,Merchandise,Bag,Coffee Beans - 12oz Bag,12.5,1,12.5,Credit Card,1274
584,2025-01-23,17:42:21,3,Uptown,108,Coffee,Cold Brew,Cold Brew - Large,4.45,1,4.45,Credit Card,1150
585,2025-01-23,12:35:52,5,Lakeside Plaza,117,Merchandise,Bag,Coffee Beans - 12oz Bag,12.5,2,25.0,Cash,1332
586,2025-01-23,09:41:39,3,Uptown,115,Pastry,Cookie,Chocolate Chip Cookie,2.1,3,6.3,Mobile Pay,1124
587,2025-01-23,17:07:24,3,Uptown,113,Bakery,Muffin,Blueberry Muffin,3.1,1,3.1,Credit Card,1370
588,2025-01-23,13:32:28,5,Lakeside Plaza,112,Bakery,Croissant,Butter Croissant,3.25,1,3.25,Mobile Pay,1151
589,2025-01-23,13:06:10,2,Riverside Mall,111,Tea,Chai,Chai Latte - Regular,3.85,4,15.4,Credit Card,1395
590,2025-01-23,08:40:49,1,Downtown,103,Coffee,Espresso,Espresso Shot,2.2,1,2.2,Credit Card,1350
591,2025-01-23,13:44:56,1,Downtown,107,Coffee,Cold Brew,Cold Brew - Regular,3.95,4,15.8,Credit Card,1396
592,2025-01-23,06:45:21,1,Downtown,105,Coffee,Latte,Latte - Large,4.25,1,4.25,Cash,1037
593,2025-01-23,07:52:14,3,Uptown,118,Merchandise,Mug,Branded Ceramic Mug,9.99,3,29.97,Credit Card,1208
594,2025-01-23,10:24:43,4,Airport Terminal 2,114,Bakery,Bagel,Plain Bagel with Cream Cheese,3.4,1,3.4,Credit Card,1003
595,2025-01-23,15:37:02,5,Lakeside Plaza,103,Coffee,Espresso,Espresso Shot,2.2,2,4.4,Credit Card,1037
596,2025-01-23,09:43:19,5,Lakeside Plaza,104,Coffee,Latte,Latte - Regular,3.75,2,7.5,Mobile Pay,1144
597,2025-01-23,11:42:01,4,Airport Terminal 2,113,Bakery,Muffin,Blueberry Muffin,3.1,1,3.1,Credit Card,1273
598,2025-01-23,09:40:09,4,Airport Terminal 2,118,Merchandise,Mug,Branded Ceramic Mug,9.99,1,9.99,Mobile Pay,1407
599,2025-01-23,13:35:09,3,Uptown,101,Coffee,Brewed Coffee,Brewed Coffee - Regular,2.5,1,2.5,Credit Card,1002
600,2025-01-23,13:05:19,4,Airport Terminal 2,118,Merchandise,Mug,Branded Ceramic Mug,9.99,1,9.99,Mobile Pay,1379
601,2025-01-23,11:41:54,3,Uptown,107,Coffee,Cold Brew,Cold Brew - Regular,3.95,1,3.95,Cash,1082
602,2025-01-23,08:11:42,5,Lakeside Plaza,109,Tea,Brewed Tea,Green Tea,2.75,2,5.5,Cash,1436
603,2025-01-23,14:04:18,5,Lakeside Plaza,115,Pastry,Cookie,Chocolate Chip Cookie,2.1,2,4.2,Cash,1128
604,2025-01-24,18:22:08,5,Lakeside Plaza,116,Pastry,Scone,Cranberry Scone,2.95,2,5.9,Cash,1120
605,2025-01-24,17:20:31,5,Lakeside Plaza,103,Coffee,Espresso,Espresso Shot,2.2,1,2.2,Credit Card,1315
606,2025-01-24,13:23:51,5,Lakeside Plaza,105,Coffee,Latte,Latte - Large,4.25,1,4.25,Cash,1219
607,2025-01-24,15:45:47,3,Uptown,108,Coffee,Cold Brew,Cold Brew - Large,4.45,2,8.9,Mobile Pay,1141
608,2025-01-24,17:29:28,2,Riverside Mall,111,Tea,Chai,Chai Latte - Regular,3.85,1,3.85,Credit Card,1156
609,2025-01-24,14:05:53,1,Downtown,106,Coffee,Cappuccino,Cappuccino - Regular,3.65,1,3.65,Cash,1423
610,2025-01-24,09:56:40,5,Lakeside Plaza,107,Coffee,Cold Brew,Cold Brew - Regular,3.95,1,3.95,Mobile Pay,1038
611,2025-01-24,16:37:25,5,Lakeside Plaza,101,Coffee,Brewed Coffee,Brewed Coffee - Regular,2.5,2,5.0,Mobile Pay,1108
612,2025-01-24,13:34:30,5,Lakeside Plaza,109,Tea,Brewed Tea,Green Tea,2.75,2,5.5,Credit Card,1076
613,2025-01-24,08:32:32,2,Riverside Mall,110,Tea,Brewed Tea,Earl Grey,2.75,1,2.75,Credit Card,1186
614,2025-01-24,15:08:28,2,Riverside Mall,106,Coffee,Cappuccino,Cappuccino - Regular,3.65,1,3.65,Mobile Pay,1289
615,2025-01-24,18:02:14,2,Riverside Mall,116,Pastry,Scone,Cranberry Scone,2.95,2,5.9,Cash,1118
616,2025-01-24,07:13:33,3,Uptown,108,Coffee,Cold Brew,Cold Brew - Large,4.45,3,13.35,Credit Card,1184
617,2025-01-24,07:41:20,4,Airport Terminal 2,102,Coffee,Brewed Coffee,Brewed Coffee - Large,2.95,1,2.95,Credit Card,1266
618,2025-01-24,14:36:11,3,Uptown,109,Tea,Brewed Tea,Green Tea,2.75,1,2.75,Credit Card,1193
619,2025-01-24,09:58:14,1,Downtown,117,Merchandise,Bag,Coffee Beans - 12oz Bag,12.5,1,12.5,Mobile Pay,1180
620,2025-01-24,16:56:38,3,Uptown,116,Pastry,Scone,Cranberry Scone,2.95,1,2.95,Credit Card,1071
621,2025-01-24,13:17:13,2,Riverside Mall,103,Coffee,Espresso,Espresso Shot,2.2,1,2.2,Credit Card,1080
622,2025-01-24,12:21:46,1,Downtown,108,Coffee,Cold Brew,Cold Brew - Large,4.45,1,4.45,Credit Card,1345
623,2025-01-24,14:26:01,2,Riverside Mall,106,Coffee,Cappuccino,Cappuccino - Regular,3.65,1,3.65,Credit Card,1065
624,2025-01-24,14:02:57,2,Riverside Mall,105,Coffee,Latte,Latte - Large,4.25,1,4.25,Cash,1028
625,2025-01-24,18:38:36,2,Riverside Mall,117,Merchandise,Bag,Coffee Beans - 12oz Bag,12.5,2,25.0,Credit Card,1449
626,2025-01-24,09:38:30,3,Uptown,103,Coffee,Espresso,Espresso Shot,2.2,3,6.6,Credit Card,1087
627,2025-01-24,16:52:49,4,Airport Terminal 2,105,Coffee,Latte,Latte - Large,4.25,1,4.25,Credit Card,1337
628,2025-01-24,17:38:37,2,Riverside Mall,111,Tea,Chai,Chai Latte - Regular,3.85,1,3.85,Credit Card,1193
629,2025-01-24,08:55:58,1,Downtown,101,Coffee,Brewed Coffee,Brewed Coffee - Regular,2.5,1,2.5,Mobile Pay,1214
630,2025-01-24,08:57:39,5,Lakeside Plaza,104,Coffee,Latte,Latte - Regular,3.75,1,3.75,Mobile Pay,1449
631,2025-01-24,07:42:08,5,Lakeside Plaza,104,Coffee,Latte,Latte - Regular,3.75,3,11.25,Mobile Pay,1276
632,2025-01-24,12:55:02,4,Airport Terminal 2,117,Merchandise,Bag,Coffee Beans - 12oz Bag,12.5,2,25.0,Credit Card,1219
633,2025-01-25,10:51:47,4,Airport Terminal 2,113,Bakery,Muffin,Blueberry Muffin,3.1,3,9.3,Credit Card,1428
634,2025-01-25,08:30:49,1,Downtown,114,Bakery,Bagel,Plain Bagel with Cream Cheese,3.4,1,3.4,Cash,1439
635,2025-01-25,11:12:00,5,Lakeside Plaza,118,Merchandise,Mug,Branded Ceramic Mug,9.99,2,19.98,Cash,1404
636,2025-01-25,13:24:41,5,Lakeside Plaza,104,Coffee,Latte,Latte - Regular,3.75,1,3.75,Credit Card,1411
637,2025-01-25,08:41:37,3,Uptown,104,Coffee,Latte,Latte - Regular,3.75,1,3.75,Credit Card,1437
638,2025-01-25,14:43:25,5,Lakeside Plaza,112,Bakery,Croissant,Butter Croissant,3.25,2,6.5,Credit Card,1211
639,2025-01-25,08:35:35,5,Lakeside Plaza,116,Pastry,Scone,Cranberry Scone,2.95,1,2.95,Credit Card,1157
640,2025-01-25,16:42:07,4,Airport Terminal 2,105,Coffee,Latte,Latte - Large,4.25,2,8.5,Mobile Pay,1228
641,2025-01-25,09:25:50,2,Riverside Mall,104,Coffee,Latte,Latte - Regular,3.75,1,3.75,Credit Card,1281
642,2025-01-25,11:40:00,1,Downtown,106,Coffee,Cappuccino,Cappuccino - Regular,3.65,2,7.3,Cash,1421
643,2025-01-25,07:16:14,5,Lakeside Plaza,114,Bakery,Bagel,Plain Bagel with Cream Cheese,3.4,1,3.4,Cash,1311
644,2025-01-25,14:33:18,4,Airport Terminal 2,113,Bakery,Muffin,Blueberry Muffin,3.1,2,6.2,Cash,1305
645,2025-01-25,12:12:54,2,Riverside Mall,116,Pastry,Scone,Cranberry Scone,2.95,2,5.9,Credit Card,1411
646,2025-01-25,15:32:33,2,Riverside Mall,102,Coffee,Brewed Coffee,Brewed Coffee - Large,2.95,2,5.9,Cash,1314
647,2025-01-25,09:00:10,1,Downtown,112,Bakery,Croissant,Butter Croissant,3.25,1,3.25,Mobile Pay,1141
648,2025-01-25,11:12:33,3,Uptown,113,Bakery,Muffin,Blueberry Muffin,3.1,1,3.1,Cash,1360
649,2025-01-25,09:53:35,1,Downtown,118,Merchandise,Mug,Branded Ceramic Mug,9.99,3,29.97,Credit Card,1178
650,2025-01-25,14:12:29,3,Uptown,108,Coffee,Cold Brew,Cold Brew - Large,4.45,3,13.35,Cash,1294
651,2025-01-25,13:35:04,2,Riverside Mall,114,Bakery,Bagel,Plain Bagel with Cream Cheese,3.4,1,3.4,Mobile Pay,1174
652,2025-01-25,17:52:50,5,Lakeside Plaza,109,Tea,Brewed Tea,Green Tea,2.75,1,2.75,Credit Card,1355
653,2025-01-25,15:48:21,4,Airport Terminal 2,116,Pastry,Scone,Cranberry Scone,2.95,4,11.8,Credit Card,1234
654,2025-01-25,12:16:04,5,Lakeside Plaza,101,Coffee,Brewed Coffee,Brewed Coffee - Regular,2.5,1,2.5,Mobile Pay,1403
655,2025-01-25,11:22:33,2,Riverside Mall,111,Tea,Chai,Chai Latte - Regular,3.85,1,3.85,Mobile Pay,1358
656,2025-01-25,07:43:47,2,Riverside Mall,110,Tea,Brewed Tea,Earl Grey,2.75,2,5.5,Credit Card,1038
657,2025-01-25,10:13:57,2,Riverside Mall,116,Pastry,Scone,Cranberry Scone,2.95,1,2.95,Mobile Pay,1093
658,2025-01-25,15:15:47,2,Riverside Mall,116,Pastry,Scone,Cranberry Scone,2.95,1,2.95,Credit Card,1135
659,2025-01-25,16:22:09,2,Riverside Mall,108,Coffee,Cold Brew,Cold Brew - Large,4.45,2,8.9,Mobile Pay,1061
660,2025-01-25,15:34:02,4,Airport Terminal 2,101,Coffee,Brewed Coffee,Brewed Coffee - Regular,2.5,2,5.0,Credit Card,1190
661,2025-01-25,13:48:58,4,Airport Terminal 2,109,Tea,Brewed Tea,Green Tea,2.75,1,2.75,Credit Card,1203
662,2025-01-25,07:51:27,5,Lakeside Plaza,105,Coffee,Latte,Latte - Large,4.25,1,4.25,Cash,1276
663,2025-01-26,12:07:44,4,Airport Terminal 2,106,Coffee,Cappuccino,Cappuccino - Regular,3.65,1,3.65,Credit Card,1161
664,2025-01-26,11:06:20,1,Downtown,107,Coffee,Cold Brew,Cold Brew - Regular,3.95,1,3.95,Credit Card,1441
665,2025-01-26,09:30:39,5,Lakeside Plaza,109,Tea,Brewed Tea,Green Tea,2.75,1,2.75,Credit Card,1094
666,2025-01-26,15:23:23,2,Riverside Mall,114,Bakery,Bagel,Plain Bagel with Cream Cheese,3.4,3,10.2,Credit Card,1143
667,2025-01-26,19:43:14,5,Lakeside Plaza,105,Coffee,Latte,Latte - Large,4.25,2,8.5,Credit Card,1369
668,2025-01-26,12:24:12,2,Riverside Mall,118,Merchandise,Mug,Branded Ceramic Mug,9.99,1,9.99,Cash,1378
669,2025-01-26,12:08:57,1,Downtown,106,Coffee,Cappuccino,Cappuccino - Regular,3.65,2,7.3,Credit Card,1264
670,2025-01-26,10:35:54,3,Uptown,116,Pastry,Scone,Cranberry Scone,2.95,1,2.95,Cash,1203
671,2025-01-26,09:16:30,2,Riverside Mall,102,Coffee,Brewed Coffee,Brewed Coffee - Large,2.95,2,5.9,Credit Card,1049
672,2025-01-26,11:35:35,3,Uptown,109,Tea,Brewed Tea,Green Tea,2.75,3,8.25,Credit Card,1131
673,2025-01-26,10:43:38,4,Airport Terminal 2,104,Coffee,Latte,Latte - Regular,3.75,1,3.75,Credit Card,1294
674,2025-01-26,19:18:22,5,Lakeside Plaza,106,Coffee,Cappuccino,Cappuccino - Regular,3.65,1,3.65,Credit Card,1261
675,2025-01-26,11:18:29,4,Airport Terminal 2,103,Coffee,Espresso,Espresso Shot,2.2,2,4.4,Mobile Pay,1074
676,2025-01-26,14:36:25,3,Uptown,114,Bakery,Bagel,Plain Bagel with Cream Cheese,3.4,2,6.8,Cash,1036
677,2025-01-26,10:41:18,3,Uptown,108,Coffee,Cold Brew,Cold Brew - Large,4.45,2,8.9,Credit Card,1309
678,2025-01-26,15:23:47,3,Uptown,115,Pastry,Cookie,Chocolate Chip Cookie,2.1,1,2.1,Credit Card,1230
679,2025-01-26,08:15:42,2,Riverside Mall,101,Coffee,Brewed Coffee,Brewed Coffee - Regular,2.5,1,2.5,Credit Card,1380
680,2025-01-26,08:06:06,1,Downtown,107,Coffee,Cold Brew,Cold Brew - Regular,3.95,1,3.95,Credit Card,1449
681,2025-01-26,15:33:48,1,Downtown,101,Coffee,Brewed Coffee,Brewed Coffee - Regular,2.5,4,10.0,Credit Card,1053
682,2025-01-26,14:56:24,2,Riverside Mall,103,Coffee,Espresso,Espresso Shot,2.2,1,2.2,Credit Card,1126
683,2025-01-26,08:53:10,4,Airport Terminal 2,105,Coffee,Latte,Latte - Large,4.25,1,4.25,Credit Card,1339
684,2025-01-26,12:55:34,3,Uptown,116,Pastry,Scone,Cranberry Scone,2.95,3,8.85,Credit Card,1280
685,2025-01-26,14:29:40,5,Lakeside Plaza,106,Coffee,Cappuccino,Cappuccino - Regular,3.65,2,7.3,Credit Card,1449
686,2025-01-27,17:30:34,5,Lakeside Plaza,110,Tea,Brewed Tea,Earl Grey,2.75,1,2.75,Credit Card,1045
687,2025-01-27,09:19:00,3,Uptown,114,Bakery,Bagel,Plain Bagel with Cream Cheese,3.4,1,3.4,Mobile Pay,1417
688,2025-01-27,09:34:00,2,Riverside Mall,112,Bakery,Croissant,Butter Croissant,3.25,2,6.5,Mobile Pay,1251
689,2025-01-27,06:27:51,4,Airport Terminal 2,110,Tea,Brewed Tea,Earl Grey,2.75,1,2.75,Mobile Pay,1118
690,2025-01-27,08:56:35,5,Lakeside Plaza,112,Bakery,Croissant,Butter Croissant,3.25,1,3.25,Cash,1127
691,2025-01-27,09:05:27,4,Airport Terminal 2,113,Bakery,Muffin,Blueberry Muffin,3.1,2,6.2,Mobile Pay,1264
692,2025-01-27,09:47:34,5,Lakeside Plaza,109,Tea,Brewed Tea,Green Tea,2.75,2,5.5,Cash,1211
693,2025-01-27,08:07:40,1,Downtown,106,Coffee,Cappuccino,Cappuccino - Regular,3.65,1,3.65,Credit Card,1231
694,2025-01-27,08:01:09,5,Lakeside Plaza,116,Pastry,Scone,Cranberry Scone,2.95,1,2.95,Cash,1273
695,2025-01-27,09:45:28,1,Downtown,110,Tea,Brewed Tea,Earl Grey,2.75,2,5.5,Cash,1119
696,2025-01-27,09:26:19,1,Downtown,116,Pastry,Scone,Cranberry Scone,2.95,2,5.9,Mobile Pay,1255
697,2025-01-27,10:53:48,4,Airport Terminal 2,102,Coffee,Brewed Coffee,Brewed Coffee - Large,2.95,4,11.8,Credit Card,1028
698,2025-01-27,13:11:12,4,Airport Terminal 2,103,Coffee,Espresso,Espresso Shot,2.2,3,6.6,Mobile Pay,1128
699,2025-01-27,19:45:15,1,Downtown,104,Coffee,Latte,Latte - Regular,3.75,1,3.75,Credit Card,1226
700,2025-01-27,12:49:06,1,Downtown,107,Coffee,Cold Brew,Cold Brew - Regular,3.95,1,3.95,Credit Card,1106
701,2025-01-27,08:46:02,3,Uptown,111,Tea,Chai,Chai Latte - Regular,3.85,2,7.7,Credit Card,1281
702,2025-01-27,14:12:23,3,Uptown,116,Pastry,Scone,Cranberry Scone,2.95,3,8.85,Credit Card,1442
703,2025-01-27,14:20:00,1,Downtown,108,Coffee,Cold Brew,Cold Brew - Large,4.45,1,4.45,Credit Card,1141
704,2025-01-27,06:02:37,4,Airport Terminal 2,108,Coffee,Cold Brew,Cold Brew - Large,4.45,2,8.9,Credit Card,1243
705,2025-01-27,15:15:10,2,Riverside Mall,112,Bakery,Croissant,Butter Croissant,3.25,1,3.25,Credit Card,1351
706,2025-01-27,10:09:44,1,Downtown,102,Coffee,Brewed Coffee,Brewed Coffee - Large,2.95,1,2.95,Cash,1054
707,2025-01-27,19:50:41,2,Riverside Mall,111,Tea,Chai,Chai Latte - Regular,3.85,2,7.7,Mobile Pay,1412
708,2025-01-27,15:22:46,2,Riverside Mall,101,Coffee,Brewed Coffee,Brewed Coffee - Regular,2.5,1,2.5,Credit Card,1020
709,2025-01-27,09:44:31,4,Airport Terminal 2,118,Merchandise,Mug,Branded Ceramic Mug,9.99,1,9.99,Credit Card,1095
710,2025-01-27,09:53:38,3,Uptown,115,Pastry,Cookie,Chocolate Chip Cookie,2.1,3,6.3,Cash,1283
711,2025-01-27,12:52:16,5,Lakeside Plaza,105,Coffee,Latte,Latte - Large,4.25,1,4.25,Cash,1232
712,2025-01-28,15:56:01,5,Lakeside Plaza,113,Bakery,Muffin,Blueberry Muffin,3.1,2,6.2,Mobile Pay,1186
713,2025-01-28,15:42:34,2,Riverside Mall,111,Tea,Chai,Chai Latte - Regular,3.85,2,7.7,Credit Card,1097
714,2025-01-28,08:18:20,4,Airport Terminal 2,118,Merchandise,Mug,Branded Ceramic Mug,9.99,1,9.99,Cash,1164
715,2025-01-28,07:08:11,5,Lakeside Plaza,103,Coffee,Espresso,Espresso Shot,2.2,3,6.6,Cash,1103
716,2025-01-28,07:41:53,2,Riverside Mall,104,Coffee,Latte,Latte - Regular,3.75,1,3.75,Credit Card,1250
717,2025-01-28,07:14:38,5,Lakeside Plaza,109,Tea,Brewed Tea,Green Tea,2.75,2,5.5,Mobile Pay,1006
718,2025-01-28,17:53:05,2,Riverside Mall,116,Pastry,Scone,Cranberry Scone,2.95,1,2.95,Cash,1327
719,2025-01-28,16:50:45,5,Lakeside Plaza,114,Bakery,Bagel,Plain Bagel with Cream Cheese,3.4,1,3.4,Credit Card,1315
720,2025-01-28,16:04:13,1,Downtown,103,Coffee,Espresso,Espresso Shot,2.2,4,8.8,Cash,1049
721,2025-01-28,11:12:33,2,Riverside Mall,118,Merchandise,Mug,Branded Ceramic Mug,9.99,2,19.98,Credit Card,1291
722,2025-01-28,15:26:47,2,Riverside Mall,118,Merchandise,Mug,Branded Ceramic Mug,9.99,1,9.99,Credit Card,1326
723,2025-01-28,17:10:50,4,Airport Terminal 2,114,Bakery,Bagel,Plain Bagel with Cream Cheese,3.4,1,3.4,Credit Card,1205
724,2025-01-28,19:28:59,2,Riverside Mall,118,Merchandise,Mug,Branded Ceramic Mug,9.99,1,9.99,Credit Card,1161
725,2025-01-28,11:40:27,3,Uptown,112,Bakery,Croissant,Butter Croissant,3.25,2,6.5,Credit Card,1165
726,2025-01-28,08:49:35,5,Lakeside Plaza,118,Merchandise,Mug,Branded Ceramic Mug,9.99,3,29.97,Credit Card,1130
727,2025-01-28,18:00:46,4,Airport Terminal 2,115,Pastry,Cookie,Chocolate Chip Cookie,2.1,1,2.1,Credit Card,1145
728,2025-01-28,19:19:00,5,Lakeside Plaza,105,Coffee,Latte,Latte - Large,4.25,1,4.25,Credit Card,1113
729,2025-01-28,15:44:52,3,Uptown,101,Coffee,Brewed Coffee,Brewed Coffee - Regular,2.5,1,2.5,Credit Card,1283
730,2025-01-28,07:29:22,5,Lakeside Plaza,105,Coffee,Latte,Latte - Large,4.25,1,4.25,Credit Card,1135
731,2025-01-28,09:51:19,5,Lakeside Plaza,108,Coffee,Cold Brew,Cold Brew - Large,4.45,1,4.45,Credit Card,1204
732,2025-01-28,15:50:30,2,Riverside Mall,103,Coffee,Espresso,Espresso Shot,2.2,1,2.2,Mobile Pay,1422
733,2025-01-28,14:19:02,5,Lakeside Plaza,104,Coffee,Latte,Latte - Regular,3.75,2,7.5,Credit Card,1295
734,2025-01-28,10:52:27,1,Downtown,111,Tea,Chai,Chai Latte - Regular,3.85,1,3.85,Cash,1444
735,2025-01-28,14:40:24,2,Riverside Mall,101,Coffee,Brewed Coffee,Brewed Coffee - Regular,2.5,1,2.5,Cash,1268
736,2025-01-28,10:44:14,5,Lakeside Plaza,105,Coffee,Latte,Latte - Large,4.25,1,4.25,Credit Card,1344
737,2025-01-28,15:36:32,4,Airport Terminal 2,115,Pastry,Cookie,Chocolate Chip Cookie,2.1,1,2.1,Credit Card,1221
738,2025-01-28,08:05:30,4,Airport Terminal 2,105,Coffee,Latte,Latte - Large,4.25,1,4.25,Credit Card,1025
739,2025-01-28,11:27:49,3,Uptown,103,Coffee,Espresso,Espresso Shot,2.2,2,4.4,Cash,1390
740,2025-01-29,11:36:12,2,Riverside Mall,116,Pastry,Scone,Cranberry Scone,2.95,1,2.95,Credit Card,1376
741,2025-01-29,09:27:20,2,Riverside Mall,103,Coffee,Espresso,Espresso Shot,2.2,2,4.4,Cash,1294
742,2025-01-29,11:12:20,4,Airport Terminal 2,114,Bakery,Bagel,Plain Bagel with Cream Cheese,3.4,1,3.4,Cash,1335
743,2025-01-29,19:39:52,3,Uptown,106,Coffee,Cappuccino,Cappuccino - Regular,3.65,4,14.6,Credit Card,1226
744,2025-01-29,17:14:12,4,Airport Terminal 2,102,Coffee,Brewed Coffee,Brewed Coffee - Large,2.95,2,5.9,Mobile Pay,1079
745,2025-01-29,15:15:39,1,Downtown,104,Coffee,Latte,Latte - Regular,3.75,3,11.25,Mobile Pay,1444
746,2025-01-29,10:51:07,3,Uptown,101,Coffee,Brewed Coffee,Brewed Coffee - Regular,2.5,1,2.5,Cash,1241
747,2025-01-29,08:34:33,2,Riverside Mall,118,Merchandise,Mug,Branded Ceramic Mug,9.99,2,19.98,Credit Card,1280
748,2025-01-29,11:57:42,2,Riverside Mall,101,Coffee,Brewed Coffee,Brewed Coffee - Regular,2.5,1,2.5,Cash,1130
749,2025-01-29,16:39:17,3,Uptown,107,Coffee,Cold Brew,Cold Brew - Regular,3.95,1,3.95,Mobile Pay,1335
750,2025-01-29,14:42:54,1,Downtown,113,Bakery,Muffin,Blueberry Muffin,3.1,3,9.3,Mobile Pay,1184
751,2025-01-29,16:41:24,1,Downtown,110,Tea,Brewed Tea,Earl Grey,2.75,1,2.75,Credit Card,1194
752,2025-01-29,12:38:34,1,Downtown,111,Tea,Chai,Chai Latte - Regular,3.85,1,3.85,Credit Card,1101
753,2025-01-29,17:01:02,4,Airport Terminal 2,118,Merchandise,Mug,Branded Ceramic Mug,9.99,1,9.99,Credit Card,1271
754,2025-01-29,15:01:22,4,Airport Terminal 2,113,Bakery,Muffin,Blueberry Muffin,3.1,2,6.2,Credit Card,1181
755,2025-01-29,09:03:40,2,Riverside Mall,117,Merchandise,Bag,Coffee Beans - 12oz Bag,12.5,1,12.5,Mobile Pay,1198
756,2025-01-29,18:14:09,1,Downtown,118,Merchandise,Mug,Branded Ceramic Mug,9.99,1,9.99,Credit Card,1201
757,2025-01-29,13:43:39,1,Downtown,113,Bakery,Muffin,Blueberry Muffin,3.1,3,9.3,Credit Card,1351
758,2025-01-29,12:19:58,2,Riverside Mall,105,Coffee,Latte,Latte - Large,4.25,2,8.5,Credit Card,1229
759,2025-01-29,14:43:51,2,Riverside Mall,105,Coffee,Latte,Latte - Large,4.25,1,4.25,Credit Card,1070
760,2025-01-29,12:58:49,5,Lakeside Plaza,105,Coffee,Latte,Latte - Large,4.25,1,4.25,Mobile Pay,1289
761,2025-01-29,13:46:07,3,Uptown,103,Coffee,Espresso,Espresso Shot,2.2,1,2.2,Mobile Pay,1429
762,2025-01-29,17:26:26,1,Downtown,111,Tea,Chai,Chai Latte - Regular,3.85,1,3.85,Mobile Pay,1381
763,2025-01-29,15:06:08,3,Uptown,105,Coffee,Latte,Latte - Large,4.25,1,4.25,Mobile Pay,1390
764,2025-01-29,14:39:14,5,Lakeside Plaza,109,Tea,Brewed Tea,Green Tea,2.75,1,2.75,Credit Card,1118
765,2025-01-29,15:30:08,3,Uptown,103,Coffee,Espresso,Espresso Shot,2.2,1,2.2,Credit Card,1309
766,2025-01-30,16:31:30,3,Uptown,106,Coffee,Cappuccino,Cappuccino - Regular,3.65,1,3.65,Credit Card,1098
767,2025-01-30,17:26:14,4,Airport Terminal 2,101,Coffee,Brewed Coffee,Brewed Coffee - Regular,2.5,2,5.0,Mobile Pay,1103
768,2025-01-30,17:28:55,1,Downtown,106,Coffee,Cappuccino,Cappuccino - Regular,3.65,2,7.3,Credit Card,1352
769,2025-01-30,12:49:02,4,Airport Terminal 2,108,Coffee,Cold Brew,Cold Brew - Large,4.45,2,8.9,Credit Card,1422
770,2025-01-30,14:47:36,3,Uptown,113,Bakery,Muffin,Blueberry Muffin,3.1,1,3.1,Credit Card,1268
771,2025-01-30,08:29:52,1,Downtown,117,Merchandise,Bag,Coffee Beans - 12oz Bag,12.5,3,37.5,Mobile Pay,1449
772,2025-01-30,11:47:02,5,Lakeside Plaza,118,Merchandise,Mug,Branded Ceramic Mug,9.99,1,9.99,Mobile Pay,1264
773,2025-01-30,09:25:56,1,Downtown,107,Coffee,Cold Brew,Cold Brew - Regular,3.95,1,3.95,Credit Card,1423
774,2025-01-30,09:58:03,2,Riverside Mall,114,Bakery,Bagel,Plain Bagel with Cream Cheese,3.4,2,6.8,Credit Card,1072
775,2025-01-30,15:07:11,4,Airport Terminal 2,103,Coffee,Espresso,Espresso Shot,2.2,2,4.4,Credit Card,1356
776,2025-01-30,10:01:11,4,Airport Terminal 2,114,Bakery,Bagel,Plain Bagel with Cream Cheese,3.4,1,3.4,Mobile Pay,1364
777,2025-01-30,09:44:41,4,Airport Terminal 2,103,Coffee,Espresso,Espresso Shot,2.2,3,6.6,Cash,1407
778,2025-01-30,08:28:40,1,Downtown,103,Coffee,Espresso,Espresso Shot,2.2,1,2.2,Credit Card,1268
779,2025-01-30,11:24:02,5,Lakeside Plaza,106,Coffee,Cappuccino,Cappuccino - Regular,3.65,2,7.3,Credit Card,1171
780,2025-01-30,16:11:49,2,Riverside Mall,106,Coffee,Cappuccino,Cappuccino - Regular,3.65,2,7.3,Credit Card,1214
781,2025-01-30,14:07:57,4,Airport Terminal 2,110,Tea,Brewed Tea,Earl Grey,2.75,1,2.75,Cash,1103
782,2025-01-30,12:54:31,3,Uptown,101,Coffee,Brewed Coffee,Brewed Coffee - Regular,2.5,1,2.5,Credit Card,1002
783,2025-01-30,09:42:30,4,Airport Terminal 2,108,Coffee,Cold Brew,Cold Brew - Large,4.45,1,4.45,Cash,1226
784,2025-01-30,09:35:17,5,Lakeside Plaza,101,Coffee,Brewed Coffee,Brewed Coffee - Regular,2.5,2,5.0,Mobile Pay,1285
785,2025-01-30,08:03:41,2,Riverside Mall,102,Coffee,Brewed Coffee,Brewed Coffee - Large,2.95,1,2.95,Mobile Pay,1074
786,2025-01-30,10:05:03,5,Lakeside Plaza,110,Tea,Brewed Tea,Earl Grey,2.75,1,2.75,Cash,1091
787,2025-01-30,08:29:47,3,Uptown,118,Merchandise,Mug,Branded Ceramic Mug,9.99,1,9.99,Cash,1018
788,2025-01-30,11:24:52,3,Uptown,111,Tea,Chai,Chai Latte - Regular,3.85,1,3.85,Mobile Pay,1218
789,2025-01-30,12:07:44,1,Downtown,110,Tea,Brewed Tea,Earl Grey,2.75,3,8.25,Credit Card,1168
790,2025-01-30,15:39:03,5,Lakeside Plaza,107,Coffee,Cold Brew,Cold Brew - Regular,3.95,1,3.95,Mobile Pay,1373
791,2025-01-30,12:44:38,5,Lakeside Plaza,103,Coffee,Espresso,Espresso Shot,2.2,3,6.6,Credit Card,1361
792,2025-01-30,09:36:39,5,Lakeside Plaza,111,Tea,Chai,Chai Latte - Regular,3.85,1,3.85,Credit Card,1066
793,2025-01-30,15:31:31,4,Airport Terminal 2,117,Merchandise,Bag,Coffee Beans - 12oz Bag,12.5,2,25.0,Credit Card,1312
794,2025-01-31,08:29:40,2,Riverside Mall,101,Coffee,Brewed Coffee,Brewed Coffee - Regular,2.5,2,5.0,Mobile Pay,1377
795,2025-01-31,11:21:22,5,Lakeside Plaza,114,Bakery,Bagel,Plain Bagel with Cream Cheese,3.4,1,3.4,Credit Card,1326
796,2025-01-31,09:04:19,2,Riverside Mall,110,Tea,Brewed Tea,Earl Grey,2.75,1,2.75,Credit Card,1281
797,2025-01-31,15:21:25,1,Downtown,104,Coffee,Latte,Latte - Regular,3.75,2,7.5,Mobile Pay,1315
798,2025-01-31,10:21:59,2,Riverside Mall,107,Coffee,Cold Brew,Cold Brew - Regular,3.95,2,7.9,Mobile Pay,1242
799,2025-01-31,08:29:57,2,Riverside Mall,116,Pastry,Scone,Cranberry Scone,2.95,3,8.85,Credit Card,1171
800,2025-01-31,16:19:36,4,Airport Terminal 2,102,Coffee,Brewed Coffee,Brewed Coffee - Large,2.95,2,5.9,Credit Card,1161
801,2025-01-31,14:21:51,1,Downtown,107,Coffee,Cold Brew,Cold Brew - Regular,3.95,3,11.85,Credit Card,1407
802,2025-01-31,16:21:24,2,Riverside Mall,109,Tea,Brewed Tea,Green Tea,2.75,2,5.5,Cash,1431
803,2025-01-31,08:07:55,5,Lakeside Plaza,113,Bakery,Muffin,Blueberry Muffin,3.1,2,6.2,Credit Card,1157
804,2025-01-31,09:05:31,3,Uptown,102,Coffee,Brewed Coffee,Brewed Coffee - Large,2.95,3,8.85,Credit Card,1190
805,2025-01-31,13:11:07,3,Uptown,107,Coffee,Cold Brew,Cold Brew - Regular,3.95,1,3.95,Mobile Pay,1019
806,2025-01-31,13:51:30,1,Downtown,115,Pastry,Cookie,Chocolate Chip Cookie,2.1,3,6.3,Cash,1078
807,2025-01-31,10:20:09,4,Airport Terminal 2,117,Merchandise,Bag,Coffee Beans - 12oz Bag,12.5,2,25.0,Mobile Pay,1050
808,2025-01-31,08:02:29,5,Lakeside Plaza,105,Coffee,Latte,Latte - Large,4.25,1,4.25,Credit Card,1442
809,2025-01-31,18:43:54,1,Downtown,110,Tea,Brewed Tea,Earl Grey,2.75,1,2.75,Credit Card,1044
810,2025-01-31,13:42:47,1,Downtown,104,Coffee,Latte,Latte - Regular,3.75,1,3.75,Mobile Pay,1295
811,2025-01-31,08:18:17,2,Riverside Mall,111,Tea,Chai,Chai Latte - Regular,3.85,1,3.85,Credit Card,1395
812,2025-01-31,08:17:07,1,Downtown,109,Tea,Brewed Tea,Green Tea,2.75,1,2.75,Credit Card,1318
813,2025-01-31,13:35:20,1,Downtown,107,Coffee,Cold Brew,Cold Brew - Regular,3.95,1,3.95,Mobile Pay,1360
814,2025-01-31,08:19:39,5,Lakeside Plaza,108,Coffee,Cold Brew,Cold Brew - Large,4.45,3,13.35,Credit Card,1276
815,2025-01-31,12:43:03,2,Riverside Mall,101,Coffee,Brewed Coffee,Brewed Coffee - Regular,2.5,1,2.5,Cash,1027
816,2025-02-01,14:19:21,2,Riverside Mall,115,Pastry,Cookie,Chocolate Chip Cookie,2.1,2,4.2,Mobile Pay,1365
817,2025-02-01,19:48:48,5,Lakeside Plaza,103,Coffee,Espresso,Espresso Shot,2.2,1,2.2,Cash,1067
818,2025-02-01,12:43:41,4,Airport Terminal 2,104,Coffee,Latte,Latte - Regular,3.75,2,7.5,Credit Card,1238
819,2025-02-01,16:39:16,2,Riverside Mall,105,Coffee,Latte,Latte - Large,4.25,3,12.75,Cash,1200
820,2025-02-01,12:01:04,3,Uptown,111,Tea,Chai,Chai Latte - Regular,3.85,1,3.85,Credit Card,1179
821,2025-02-01,15:38:36,2,Riverside Mall,110,Tea,Brewed Tea,Earl Grey,2.75,1,2.75,Credit Card,1052
822,2025-02-01,13:04:50,1,Downtown,111,Tea,Chai,Chai Latte - Regular,3.85,1,3.85,Credit Card,1236
823,2025-02-01,14:35:10,4,Airport Terminal 2,108,Coffee,Cold Brew,Cold Brew - Large,4.45,4,17.8,Cash,1196
824,2025-02-01,15:27:36,2,Riverside Mall,114,Bakery,Bagel,Plain Bagel with Cream Cheese,3.4,2,6.8,Credit Card,1278
825,2025-02-01,15:45:36,2,Riverside Mall,103,Coffee,Espresso,Espresso Shot,2.2,2,4.4,Credit Card,1058
826,2025-02-01,13:52:28,4,Airport Terminal 2,111,Tea,Chai,Chai Latte - Regular,3.85,1,3.85,Cash,1207
827,2025-02-01,10:41:42,1,Downtown,113,Bakery,Muffin,Blueberry Muffin,3.1,1,3.1,Mobile Pay,1111
828,2025-02-01,15:42:09,5,Lakeside Plaza,101,Coffee,Brewed Coffee,Brewed Coffee - Regular,2.5,1,2.5,Credit Card,1149
829,2025-02-01,08:43:56,5,Lakeside Plaza,115,Pastry,Cookie,Chocolate Chip Cookie,2.1,1,2.1,Mobile Pay,1291
830,2025-02-01,15:58:22,3,Uptown,114,Bakery,Bagel,Plain Bagel with Cream Cheese,3.4,4,13.6,Cash,1298
831,2025-02-01,16:54:18,5,Lakeside Plaza,113,Bakery,Muffin,Blueberry Muffin,3.1,1,3.1,Mobile Pay,1281
832,2025-02-01,16:22:07,1,Downtown,118,Merchandise,Mug,Branded Ceramic Mug,9.99,3,29.97,Cash,1443
833,2025-02-01,14:45:24,4,Airport Terminal 2,113,Bakery,Muffin,Blueberry Muffin,3.1,1,3.1,Credit Card,1222
834,2025-02-01,08:35:24,2,Riverside Mall,116,Pastry,Scone,Cranberry Scone,2.95,2,5.9,Mobile Pay,1184
835,2025-02-01,19:42:08,2,Riverside Mall,110,Tea,Brewed Tea,Earl Grey,2.75,1,2.75,Credit Card,1036
836,2025-02-01,14:08:05,2,Riverside Mall,116,Pastry,Scone,Cranberry Scone,2.95,1,2.95,Credit Card,1412
837,2025-02-01,14:29:32,4,Airport Terminal 2,114,Bakery,Bagel,Plain Bagel with Cream Cheese,3.4,1,3.4,Credit Card,1419
838,2025-02-01,08:38:00,3,Uptown,108,Coffee,Cold Brew,Cold Brew - Large,4.45,1,4.45,Credit Card,1433
839,2025-02-01,11:34:36,5,Lakeside Plaza,109,Tea,Brewed Tea,Green Tea,2.75,1,2.75,Credit Card,1019
840,2025-02-02,14:44:05,3,Uptown,104,Coffee,Latte,Latte - Regular,3.75,1,3.75,Credit Card,1374
841,2025-02-02,13:33:56,3,Uptown,115,Pastry,Cookie,Chocolate Chip Cookie,2.1,2,4.2,Credit Card,1125
842,2025-02-02,16:19:39,1,Downtown,118,Merchandise,Mug,Branded Ceramic Mug,9.99,1,9.99,Credit Card,1175
843,2025-02-02,12:57:30,1,Downtown,116,Pastry,Scone,Cranberry Scone,2.95,1,2.95,Credit Card,1169
844,2025-02-02,08:44:59,3,Uptown,110,Tea,Brewed Tea,Earl Grey,2.75,1,2.75,Credit Card,1155
845,2025-02-02,07:30:37,5,Lakeside Plaza,109,Tea,Brewed Tea,Green Tea,2.75,1,2.75,Credit Card,1026
846,2025-02-02,09:05:08,3,Uptown,101,Coffee,Brewed Coffee,Brewed Coffee - Regular,2.5,1,2.5,Mobile Pay,1435
847,2025-02-02,14:17:54,3,Uptown,105,Coffee,Latte,Latte - Large,4.25,1,4.25,Cash,1379
848,2025-02-02,14:23:51,2,Riverside Mall,105,Coffee,Latte,Latte - Large,4.25,1,4.25,Credit Card,1400
849,2025-02-02,16:55:02,4,Airport Terminal 2,106,Coffee,Cappuccino,Cappuccino - Regular,3.65,1,3.65,Mobile Pay,1043
850,2025-02-02,16:48:26,5,Lakeside Plaza,105,Coffee,Latte,Latte - Large,4.25,2,8.5,Credit Card,1121
851,2025-02-02,14:53:22,2,Riverside Mall,107,Coffee,Cold Brew,Cold Brew - Regular,3.95,1,3.95,Mobile Pay,1135
852,2025-02-02,08:25:30,1,Downtown,102,Coffee,Brewed Coffee,Brewed Coffee - Large,2.95,1,2.95,Mobile Pay,1382
853,2025-02-02,11:45:24,5,Lakeside Plaza,108,Coffee,Cold Brew,Cold Brew - Large,4.45,1,4.45,Credit Card,1074
854,2025-02-02,09:51:28,4,Airport Terminal 2,101,Coffee,Brewed Coffee,Brewed Coffee - Regular,2.5,1,2.5,Mobile Pay,1161
855,2025-02-02,17:40:22,1,Downtown,104,Coffee,Latte,Latte - Regular,3.75,4,15.0,Credit Card,1221
856,2025-02-02,09:51:06,3,Uptown,111,Tea,Chai,Chai Latte - Regular,3.85,1,3.85,Credit Card,1299
857,2025-02-02,13:43:44,2,Riverside Mall,107,Coffee,Cold Brew,Cold Brew - Regular,3.95,4,15.8,Credit Card,1160
858,2025-02-02,06:06:33,1,Downtown,103,Coffee,Espresso,Espresso Shot,2.2,1,2.2,Credit Card,1228
859,2025-02-02,08:01:39,3,Uptown,109,Tea,Brewed Tea,Green Tea,2.75,1,2.75,Credit Card,1304
860,2025-02-02,15:07:05,2,Riverside Mall,104,Coffee,Latte,Latte - Regular,3.75,3,11.25,Credit Card,1066
861,2025-02-02,17:44:11,5,Lakeside Plaza,106,Coffee,Cappuccino,Cappuccino - Regular,3.65,1,3.65,Credit Card,1239
862,2025-02-02,17:17:49,1,Downtown,115,Pastry,Cookie,Chocolate Chip Cookie,2.1,1,2.1,Mobile Pay,1341
863,2025-02-02,08:04:17,3,Uptown,109,Tea,Brewed Tea,Green Tea,2.75,2,5.5,Credit Card,1195
864,2025-02-02,18:16:11,1,Downtown,109,Tea,Brewed Tea,Green Tea,2.75,1,2.75,Mobile Pay,1251
865,2025-02-02,08:31:06,2,Riverside Mall,113,Bakery,Muffin,Blueberry Muffin,3.1,1,3.1,Credit Card,1393
866,2025-02-02,17:45:16,5,Lakeside Plaza,104,Coffee,Latte,Latte - Regular,3.75,1,3.75,Cash,1037
867,2025-02-02,06:31:09,3,Uptown,115,Pastry,Cookie,Chocolate Chip Cookie,2.1,2,4.2,Mobile Pay,1000
868,2025-02-02,08:21:57,4,Airport Terminal 2,109,Tea,Brewed Tea,Green Tea,2.75,1,2.75,Credit Card,1001
869,2025-02-03,12:54:46,4,Airport Terminal 2,116,Pastry,Scone,Cranberry Scone,2.95,2,5.9,Cash,1402
870,2025-02-03,11:44:52,2,Riverside Mall,101,Coffee,Brewed Coffee,Brewed Coffee - Regular,2.5,2,5.0,Credit Card,1062
871,2025-02-03,15:25:03,3,Uptown,111,Tea,Chai,Chai Latte - Regular,3.85,2,7.7,Cash,1331
872,2025-02-03,07:29:48,5,Lakeside Plaza,111,Tea,Chai,Chai Latte - Regular,3.85,2,7.7,Credit Card,1331
873,2025-02-03,18:42:12,5,Lakeside Plaza,102,Coffee,Brewed Coffee,Brewed Coffee - Large,2.95,1,2.95,Mobile Pay,1199
874,2025-02-03,07:40:28,3,Uptown,116,Pastry,Scone,Cranberry Scone,2.95,2,5.9,Cash,1071
875,2025-02-03,13:04:50,1,Downtown,108,Coffee,Cold Brew,Cold Brew - Large,4.45,1,4.45,Credit Card,1157
876,2025-02-03,07:03:21,4,Airport Terminal 2,101,Coffee,Brewed Coffee,Brewed Coffee - Regular,2.5,2,5.0,Credit Card,1021
877,2025-02-03,12:43:55,2,Riverside Mall,117,Merchandise,Bag,Coffee Beans - 12oz Bag,12.5,3,37.5,Credit Card,1076
878,2025-02-03,07:09:31,2,Riverside Mall,103,Coffee,Espresso,Espresso Shot,2.2,2,4.4,Mobile Pay,1241
879,2025-02-03,09:41:08,5,Lakeside Plaza,102,Coffee,Brewed Coffee,Brewed Coffee - Large,2.95,1,2.95,Cash,1323
880,2025-02-03,12:10:53,3,Uptown,104,Coffee,Latte,Latte - Regular,3.75,1,3.75,Mobile Pay,1418
881,2025-02-03,14:39:14,1,Downtown,116,Pastry,Scone,Cranberry Scone,2.95,1,2.95,Credit Card,1103
882,2025-02-03,08:43:36,4,Airport Terminal 2,111,Tea,Chai,Chai Latte - Regular,3.85,1,3.85,Mobile Pay,1164
883,2025-02-03,14:21:04,2,Riverside Mall,102,Coffee,Brewed Coffee,Brewed Coffee - Large,2.95,1,2.95,Mobile Pay,1072
884,2025-02-03,13:28:15,2,Riverside Mall,112,Bakery,Croissant,Butter Croissant,3.25,3,9.75,Cash,1020
885,2025-02-03,15:01:56,5,Lakeside Plaza,113,Bakery,Muffin,Blueberry Muffin,3.1,1,3.1,Cash,1003
886,2025-02-03,12:51:50,1,Downtown,110,Tea,Brewed Tea,Earl Grey,2.75,2,5.5,Cash,1354
887,2025-02-03,13:26:15,2,Riverside Mall,109,Tea,Brewed Tea,Green Tea,2.75,3,8.25,Credit Card,1312
888,2025-02-03,15:39:05,5,Lakeside Plaza,106,Coffee,Cappuccino,Cappuccino - Regular,3.65,2,7.3,Credit Card,1400
889,2025-02-03,13:12:07,4,Airport Terminal 2,101,Coffee,Brewed Coffee,Brewed Coffee - Regular,2.5,4,10.0,Credit Card,1048
890,2025-02-03,09:49:40,5,Lakeside Plaza,117,Merchandise,Bag,Coffee Beans - 12oz Bag,12.5,2,25.0,Cash,1141
891,2025-02-03,15:58:30,1,Downtown,105,Coffee,Latte,Latte - Large,4.25,1,4.25,Credit Card,1081
892,2025-02-03,14:18:13,1,Downtown,102,Coffee,Brewed Coffee,Brewed Coffee - Large,2.95,1,2.95,Credit Card,1171
893,2025-02-03,08:03:59,4,Airport Terminal 2,102,Coffee,Brewed Coffee,Brewed Coffee - Large,2.95,1,2.95,Mobile Pay,1080
894,2025-02-03,08:57:15,4,Airport Terminal 2,117,Merchandise,Bag,Coffee Beans - 12oz Bag,12.5,2,25.0,Credit Card,1303
895,2025-02-03,15:57:20,4,Airport Terminal 2,107,Coffee,Cold Brew,Cold Brew - Regular,3.95,1,3.95,Credit Card,1056
896,2025-02-03,15:55:12,1,Downtown,108,Coffee,Cold Brew,Cold Brew - Large,4.45,1,4.45,Cash,1112
897,2025-02-03,07:27:09,5,Lakeside Plaza,116,Pastry,Scone,Cranberry Scone,2.95,1,2.95,Credit Card,1312
898,2025-02-03,08:46:12,4,Airport Terminal 2,112,Bakery,Croissant,Butter Croissant,3.25,2,6.5,Credit Card,1138
899,2025-02-04,09:07:54,1,Downtown,102,Coffee,Brewed Coffee,Brewed Coffee - Large,2.95,1,2.95,Cash,1214
900,2025-02-04,17:38:10,3,Uptown,108,Coffee,Cold Brew,Cold Brew - Large,4.45,2,8.9,Mobile Pay,1326
901,2025-02-04,16:05:26,2,Riverside Mall,118,Merchandise,Mug,Branded Ceramic Mug,9.99,3,29.97,Mobile Pay,1250
902,2025-02-04,16:17:00,2,Riverside Mall,116,Pastry,Scone,Cranberry Scone,2.95,2,5.9,Mobile Pay,1376
903,2025-02-04,12:14:57,2,Riverside Mall,111,Tea,Chai,Chai Latte - Regular,3.85,3,11.55,Mobile Pay,1076
904,2025-02-04,19:02:30,1,Downtown,114,Bakery,Bagel,Plain Bagel with Cream Cheese,3.4,2,6.8,Cash,1258
905,2025-02-04,12:51:44,5,Lakeside Plaza,113,Bakery,Muffin,Blueberry Muffin,3.1,2,6.2,Credit Card,1231
906,2025-02-04,15:44:46,1,Downtown,118,Merchandise,Mug,Branded Ceramic Mug,9.99,1,9.99,Cash,1111
907,2025-02-04,14:05:01,3,Uptown,108,Coffee,Cold Brew,Cold Brew - Large,4.45,1,4.45,Cash,1156
908,2025-02-04,19:29:49,4,Airport Terminal 2,101,Coffee,Brewed Coffee,Brewed Coffee - Regular,2.5,1,2.5,Credit Card,1360
909,2025-02-04,15:00:55,3,Uptown,115,Pastry,Cookie,Chocolate Chip Cookie,2.1,2,4.2,Mobile Pay,1197
910,2025-02-04,07:27:48,3,Uptown,117,Merchandise,Bag,Coffee Beans - 12oz Bag,12.5,1,12.5,Credit Card,1313
911,2025-02-04,14:21:47,2,Riverside Mall,103,Coffee,Espresso,Espresso Shot,2.2,3,6.6,Mobile Pay,1263
912,2025-02-04,08:23:29,3,Uptown,102,Coffee,Brewed Coffee,Brewed Coffee - Large,2.95,2,5.9,Credit Card,1187
913,2025-02-04,13:49:13,5,Lakeside Plaza,103,Coffee,Espresso,Espresso Shot,2.2,1,2.2,Credit Card,1171
914,2025-02-04,15:48:37,1,Downtown,116,Pastry,Scone,Cranberry Scone,2.95,3,8.85,Credit Card,1359
915,2025-02-04,10:17:32,2,Riverside Mall,111,Tea,Chai,Chai Latte - Regular,3.85,2,7.7,Cash,1141
916,2025-02-04,12:32:33,3,Uptown,112,Bakery,Croissant,Butter Croissant,3.25,2,6.5,Credit Card,1240
917,2025-02-04,12:23:51,5,Lakeside Plaza,110,Tea,Brewed Tea,Earl Grey,2.75,2,5.5,Mobile Pay,1354
918,2025-02-04,17:29:05,1,Downtown,107,Coffee,Cold Brew,Cold Brew - Regular,3.95,1,3.95,Credit Card,1091
919,2025-02-05,09:44:09,1,Downtown,106,Coffee,Cappuccino,Cappuccino - Regular,3.65,1,3.65,Credit Card,1447
920,2025-02-05,12:43:34,1,Downtown,110,Tea,Brewed Tea,Earl Grey,2.75,3,8.25,Credit Card,1242
921,2025-02-05,09:04:01,4,Airport Terminal 2,101,Coffee,Brewed Coffee,Brewed Coffee - Regular,2.5,3,7.5,Mobile Pay,1118
922,2025-02-05,11:21:41,5,Lakeside Plaza,111,Tea,Chai,Chai Latte - Regular,3.85,2,7.7,Credit Card,1167
923,2025-02-05,12:19:36,5,Lakeside Plaza,118,Merchandise,Mug,Branded Ceramic Mug,9.99,1,9.99,Credit Card,1404
924,2025-02-05,12:18:49,3,Uptown,108,Coffee,Cold Brew,Cold Brew - Large,4.45,2,8.9,Credit Card,1075
925,2025-02-05,14:10:45,4,Airport Terminal 2,106,Coffee,Cappuccino,Cappuccino - Regular,3.65,1,3.65,Mobile Pay,1093
926,2025-02-05,09:02:20,2,Riverside Mall,106,Coffee,Cappuccino,Cappuccino - Regular,3.65,1,3.65,Credit Card,1225
927,2025-02-05,13:02:42,2,Riverside Mall,107,Coffee,Cold Brew,Cold Brew - Regular,3.95,1,3.95,Cash,1176
928,2025-02-05,19:34:19,4,Airport Terminal 2,118,Merchandise,Mug,Branded Ceramic Mug,9.99,1,9.99,Credit Card,1012
929,2025-02-05,18:59:20,4,Airport Terminal 2,105,Coffee,Latte,Latte - Large,4.25,1,4.25,Credit Card,1378
930,2025-02-05,14:18:30,5,Lakeside Plaza,111,Tea,Chai,Chai Latte - Regular,3.85,3,11.55,Mobile Pay,1386
931,2025-02-05,16:46:58,5,Lakeside Plaza,105,Coffee,Latte,Latte - Large,4.25,3,12.75,Credit Card,1173
932,2025-02-05,08:35:07,4,Airport Terminal 2,102,Coffee,Brewed Coffee,Brewed Coffee - Large,2.95,1,2.95,Credit Card,1205
933,2025-02-05,11:20:03,2,Riverside Mall,115,Pastry,Cookie,Chocolate Chip Cookie,2.1,2,4.2,Credit Card,1099
934,2025-02-05,08:05:34,2,Riverside Mall,109,Tea,Brewed Tea,Green Tea,2.75,2,5.5,Credit Card,1346
935,2025-02-05,11:31:20,1,Downtown,117,Merchandise,Bag,Coffee Beans - 12oz Bag,12.5,2,25.0,Mobile Pay,1261
936,2025-02-05,08:54:27,3,Uptown,113,Bakery,Muffin,Blueberry Muffin,3.1,1,3.1,Cash,1190
937,2025-02-05,10:28:55,3,Uptown,112,Bakery,Croissant,Butter Croissant,3.25,1,3.25,Credit Card,1110
938,2025-02-06,09:51:46,4,Airport Terminal 2,115,Pastry,Cookie,Chocolate Chip Cookie,2.1,4,8.4,Credit Card,1217
939,2025-02-06,16:38:05,4,Airport Terminal 2,105,Coffee,Latte,Latte - Large,4.25,1,4.25,Credit Card,1155
940,2025-02-06,07:37:48,5,Lakeside Plaza,111,Tea,Chai,Chai Latte - Regular,3.85,1,3.85,Credit Card,1003
941,2025-02-06,08:29:45,3,Uptown,114,Bakery,Bagel,Plain Bagel with Cream Cheese,3.4,1,3.4,Cash,1070
942,2025-02-06,13:02:52,4,Airport Terminal 2,110,Tea,Brewed Tea,Earl Grey,2.75,2,5.5,Credit Card,1427
943,2025-02-06,15:14:01,4,Airport Terminal 2,118,Merchandise,Mug,Branded Ceramic Mug,9.99,2,19.98,Credit Card,1078
944,2025-02-06,14:57:18,4,Airport Terminal 2,104,Coffee,Latte,Latte - Regular,3.75,1,3.75,Mobile Pay,1251
945,2025-02-06,08:17:31,2,Riverside Mall,101,Coffee,Brewed Coffee,Brewed Coffee - Regular,2.5,4,10.0,Credit Card,1034
946,2025-02-06,13:55:16,3,Uptown,116,Pastry,Scone,Cranberry Scone,2.95,2,5.9,Mobile Pay,1243
947,2025-02-06,13:36:01,1,Downtown,112,Bakery,Croissant,Butter Croissant,3.25,2,6.5,Credit Card,1083
948,2025-02-06,12:44:08,2,Riverside Mall,111,Tea,Chai,Chai Latte - Regular,3.85,1,3.85,Credit Card,1027
949,2025-02-06,07:18:33,4,Airport Terminal 2,112,Bakery,Croissant,Butter Croissant,3.25,2,6.5,Credit Card,1039
950,2025-02-06,14:10:34,2,Riverside Mall,104,Coffee,Latte,Latte - Regular,3.75,1,3.75,Mobile Pay,1161
951,2025-02-06,15:44:23,3,Uptown,109,Tea,Brewed Tea,Green Tea,2.75,1,2.75,Credit Card,1296
952,2025-02-06,08:18:23,2,Riverside Mall,101,Coffee,Brewed Coffee,Brewed Coffee - Regular,2.5,2,5.0,Credit Card,1210
953,2025-02-06,09:32:14,2,Riverside Mall,104,Coffee,Latte,Latte - Regular,3.75,2,7.5,Mobile Pay,1407
954,2025-02-06,16:45:35,5,Lakeside Plaza,117,Merchandise,Bag,Coffee Beans - 12oz Bag,12.5,2,25.0,Cash,1410
955,2025-02-06,08:08:59,4,Airport Terminal 2,103,Coffee,Espresso,Espresso Shot,2.2,1,2.2,Credit Card,1178
956,2025-02-06,16:56:38,3,Uptown,105,Coffee,Latte,Latte - Large,4.25,1,4.25,Cash,1175
957,2025-02-06,15:07:14,3,Uptown,101,Coffee,Brewed Coffee,Brewed Coffee - Regular,2.5,1,2.5,Cash,1355
958,2025-02-06,08:08:05,2,Riverside Mall,110,Tea,Brewed Tea,Earl Grey,2.75,1,2.75,Mobile Pay,1390
959,2025-02-06,15:48:27,1,Downtown,101,Coffee,Brewed Coffee,Brewed Coffee - Regular,2.5,1,2.5,Cash,1055
960,2025-02-06,12:58:16,5,Lakeside Plaza,102,Coffee,Brewed Coffee,Brewed Coffee - Large,2.95,1,2.95,Credit Card,1154
961,2025-02-06,17:13:37,1,Downtown,104,Coffee,Latte,Latte - Regular,3.75,3,11.25,Credit Card,1094
962,2025-02-06,08:47:17,1,Downtown,103,Coffee,Espresso,Espresso Shot,2.2,3,6.6,Credit Card,1178
963,2025-02-07,13:04:06,5,Lakeside Plaza,108,Coffee,Cold Brew,Cold Brew - Large,4.45,2,8.9,Cash,1390
964,2025-02-07,18:10:57,2,Riverside Mall,107,Coffee,Cold Brew,Cold Brew - Regular,3.95,2,7.9,Mobile Pay,1002
965,2025-02-07,17:54:45,1,Downtown,107,Coffee,Cold Brew,Cold Brew - Regular,3.95,1,3.95,Credit Card,1357
966,2025-02-07,08:22:24,4,Airport Terminal 2,104,Coffee,Latte,Latte - Regular,3.75,1,3.75,Credit Card,1263
967,2025-02-07,08:07:33,1,Downtown,111,Tea,Chai,Chai Latte - Regular,3.85,1,3.85,Credit Card,1390
968,2025-02-07,15:05:20,3,Uptown,118,Merchandise,Mug,Branded Ceramic Mug,9.99,1,9.99,Credit Card,1197
969,2025-02-07,15:53:28,5,Lakeside Plaza,110,Tea,Brewed Tea,Earl Grey,2.75,1,2.75,Credit Card,1208
970,2025-02-07,16:57:53,4,Airport Terminal 2,107,Coffee,Cold Brew,Cold Brew - Regular,3.95,2,7.9,Credit Card,1347
971,2025-02-07,15:25:28,1,Downtown,116,Pastry,Scone,Cranberry Scone,2.95,1,2.95,Cash,1346
972,2025-02-07,11:37:06,2,Riverside Mall,113,Bakery,Muffin,Blueberry Muffin,3.1,2,6.2,Cash,1086
973,2025-02-07,08:54:25,2,Riverside Mall,111,Tea,Chai,Chai Latte - Regular,3.85,1,3.85,Credit Card,1429
974,2025-02-07,15:49:37,4,Airport Terminal 2,109,Tea,Brewed Tea,Green Tea,2.75,1,2.75,Mobile Pay,1387
975,2025-02-07,12:38:25,4,Airport Terminal 2,112,Bakery,Croissant,Butter Croissant,3.25,4,13.0,Credit Card,1261
976,2025-02-07,08:31:31,4,Airport Terminal 2,104,Coffee,Latte,Latte - Regular,3.75,1,3.75,Cash,1068
977,2025-02-07,13:01:11,1,Downtown,103,Coffee,Espresso,Espresso Shot,2.2,1,2.2,Credit Card,1347
978,2025-02-07,15:42:48,3,Uptown,104,Coffee,Latte,Latte - Regular,3.75,1,3.75,Mobile Pay,1252
979,2025-02-07,14:31:32,2,Riverside Mall,110,Tea,Brewed Tea,Earl Grey,2.75,1,2.75,Mobile Pay,1175
980,2025-02-07,06:48:02,5,Lakeside Plaza,118,Merchandise,Mug,Branded Ceramic Mug,9.99,4,39.96,Credit Card,1060
981,2025-02-07,12:02:02,3,Uptown,113,Bakery,Muffin,Blueberry Muffin,3.1,1,3.1,Mobile Pay,1337
982,2025-02-07,13:08:19,3,Uptown,106,Coffee,Cappuccino,Cappuccino - Regular,3.65,2,7.3,Mobile Pay,1249
983,2025-02-07,14:43:34,5,Lakeside Plaza,116,Pastry,Scone,Cranberry Scone,2.95,1,2.95,Credit Card,1243
984,2025-02-07,07:16:31,2,Riverside Mall,117,Merchandise,Bag,Coffee Beans - 12oz Bag,12.5,1,12.5,Credit Card,1193
985,2025-02-07,10:01:37,3,Uptown,110,Tea,Brewed Tea,Earl Grey,2.75,1,2.75,Credit Card,1428
986,2025-02-07,15:40:21,5,Lakeside Plaza,101,Coffee,Brewed Coffee,Brewed Coffee - Regular,2.5,1,2.5,Credit Card,1219
987,2025-02-07,10:42:15,3,Uptown,114,Bakery,Bagel,Plain Bagel with Cream Cheese,3.4,1,3.4,Credit Card,1331
988,2025-02-07,16:07:21,1,Downtown,103,Coffee,Espresso,Espresso Shot,2.2,1,2.2,Credit Card,1275
989,2025-02-07,13:57:26,4,Airport Terminal 2,114,Bakery,Bagel,Plain Bagel with Cream Cheese,3.4,1,3.4,Credit Card,1356
990,2025-02-07,11:24:20,1,Downtown,111,Tea,Chai,Chai Latte - Regular,3.85,1,3.85,Credit Card,1413
991,2025-02-07,13:51:48,2,Riverside Mall,111,Tea,Chai,Chai Latte - Regular,3.85,2,7.7,Credit Card,1085
992,2025-02-07,08:40:54,3,Uptown,114,Bakery,Bagel,Plain Bagel with Cream Cheese,3.4,4,13.6,Mobile Pay,1038
993,2025-02-07,09:03:19,5,Lakeside Plaza,107,Coffee,Cold Brew,Cold Brew - Regular,3.95,4,15.8,Mobile Pay,1205
994,2025-02-08,14:17:04,1,Downtown,104,Coffee,Latte,Latte - Regular,3.75,1,3.75,Credit Card,1271
995,2025-02-08,16:41:52,2,Riverside Mall,112,Bakery,Croissant,Butter Croissant,3.25,1,3.25,Credit Card,1411
996,2025-02-08,08:25:16,5,Lakeside Plaza,111,Tea,Chai,Chai Latte - Regular,3.85,2,7.7,Credit Card,1232
997,2025-02-08,17:40:45,5,Lakeside Plaza,106,Coffee,Cappuccino,Cappuccino - Regular,3.65,1,3.65,Credit Card,1095
998,2025-02-08,09:40:34,2,Riverside Mall,115,Pastry,Cookie,Chocolate Chip Cookie,2.1,2,4.2,Mobile Pay,1436
999,2025-02-08,13:23:29,4,Airport Terminal 2,102,Coffee,Brewed Coffee,Brewed Coffee - Large,2.95,1,2.95,Credit Card,1077
1000,2025-02-08,11:55:53,3,Uptown,114,Bakery,Bagel,Plain Bagel with Cream Cheese,3.4,3,10.2,Credit Card,1324
1001,2025-02-08,16:41:10,4,Airport Terminal 2,109,Tea,Brewed Tea,Green Tea,2.75,1,2.75,Credit Card,1307
1002,2025-02-08,08:01:15,2,Riverside Mall,104,Coffee,Latte,Latte - Regular,3.75,2,7.5,Credit Card,1158
1003,2025-02-08,12:57:02,5,Lakeside Plaza,114,Bakery,Bagel,Plain Bagel with Cream Cheese,3.4,1,3.4,Cash,1139
1004,2025-02-08,14:11:41,3,Uptown,109,Tea,Brewed Tea,Green Tea,2.75,3,8.25,Credit Card,1369
1005,2025-02-08,16:05:20,1,Downtown,102,Coffee,Brewed Coffee,Brewed Coffee - Large,2.95,2,5.9,Cash,1443
1006,2025-02-08,15:56:05,4,Airport Terminal 2,112,Bakery,Croissant,Butter Croissant,3.25,1,3.25,Credit Card,1429
1007,2025-02-08,08:47:32,2,Riverside Mall,108,Coffee,Cold Brew,Cold Brew - Large,4.45,3,13.35,Credit Card,1267
1008,2025-02-08,09:56:05,5,Lakeside Plaza,117,Merchandise,Bag,Coffee Beans - 12oz Bag,12.5,1,12.5,Mobile Pay,1062
1009,2025-02-08,16:47:24,3,Uptown,111,Tea,Chai,Chai Latte - Regular,3.85,2,7.7,Credit Card,1380
1010,2025-02-08,08:11:13,4,Airport Terminal 2,107,Coffee,Cold Brew,Cold Brew - Regular,3.95,4,15.8,Credit Card,1225
1011,2025-02-08,13:23:44,5,Lakeside Plaza,102,Coffee,Brewed Coffee,Brewed Coffee - Large,2.95,3,8.85,Credit Card,1162
1012,2025-02-08,18:56:50,4,Airport Terminal 2,108,Coffee,Cold Brew,Cold Brew - Large,4.45,3,13.35,Credit Card,1185
1013,2025-02-08,06:57:38,3,Uptown,110,Tea,Brewed Tea,Earl Grey,2.75,1,2.75,Credit Card,1378
1014,2025-02-08,09:24:19,1,Downtown,108,Coffee,Cold Brew,Cold Brew - Large,4.45,2,8.9,Credit Card,1358
1015,2025-02-08,16:54:28,1,Downtown,118,Merchandise,Mug,Branded Ceramic Mug,9.99,1,9.99,Mobile Pay,1201
1016,2025-02-08,07:52:48,3,Uptown,110,Tea,Brewed Tea,Earl Grey,2.75,1,2.75,Mobile Pay,1107
1017,2025-02-08,14:56:51,2,Riverside Mall,115,Pastry,Cookie,Chocolate Chip Cookie,2.1,2,4.2,Mobile Pay,1208
1018,2025-02-08,16:31:30,3,Uptown,103,Coffee,Espresso,Espresso Shot,2.2,2,4.4,Credit Card,1430
1019,2025-02-08,16:44:16,4,Airport Terminal 2,104,Coffee,Latte,Latte - Regular,3.75,1,3.75,Credit Card,1180
1020,2025-02-08,12:01:48,5,Lakeside Plaza,111,Tea,Chai,Chai Latte - Regular,3.85,1,3.85,Cash,1328
1021,2025-02-09,11:40:19,2,Riverside Mall,101,Coffee,Brewed Coffee,Brewed Coffee - Regular,2.5,1,2.5,Cash,1042
1022,2025-02-09,15:49:53,2,Riverside Mall,117,Merchandise,Bag,Coffee Beans - 12oz Bag,12.5,2,25.0,Mobile Pay,1066
1023,2025-02-09,12:55:47,4,Airport Terminal 2,111,Tea,Chai,Chai Latte - Regular,3.85,1,3.85,Credit Card,1088
1024,2025-02-09,08:26:23,3,Uptown,110,Tea,Brewed Tea,Earl Grey,2.75,1,2.75,Credit Card,1448
1025,2025-02-09,06:01:59,5,Lakeside Plaza,108,Coffee,Cold Brew,Cold Brew - Large,4.45,1,4.45,Credit Card,1313
1026,2025-02-09,08:44:54,1,Downtown,115,Pastry,Cookie,Chocolate Chip Cookie,2.1,1,2.1,Credit Card,1205
1027,2025-02-09,08:23:10,5,Lakeside Plaza,109,Tea,Brewed Tea,Green Tea,2.75,3,8.25,Cash,1060
1028,2025-02-09,15:59:29,5,Lakeside Plaza,114,Bakery,Bagel,Plain Bagel with Cream Cheese,3.4,2,6.8,Cash,1253
1029,2025-02-09,18:52:50,2,Riverside Mall,107,Coffee,Cold Brew,Cold Brew - Regular,3.95,1,3.95,Credit Card,1382
1030,2025-02-09,16:38:13,2,Riverside Mall,114,Bakery,Bagel,Plain Bagel with Cream Cheese,3.4,4,13.6,Credit Card,1144
1031,2025-02-09,08:50:09,2,Riverside Mall,114,Bakery,Bagel,Plain Bagel with Cream Cheese,3.4,1,3.4,Credit Card,1134
1032,2025-02-09,11:43:41,4,Airport Terminal 2,108,Coffee,Cold Brew,Cold Brew - Large,4.45,1,4.45,Credit Card,1005
1033,2025-02-09,15:45:24,3,Uptown,113,Bakery,Muffin,Blueberry Muffin,3.1,2,6.2,Credit Card,1376
1034,2025-02-09,13:03:21,1,Downtown,104,Coffee,Latte,Latte - Regular,3.75,3,11.25,Mobile Pay,1241
1035,2025-02-09,06:32:39,5,Lakeside Plaza,102,Coffee,Brewed Coffee,Brewed Coffee - Large,2.95,1,2.95,Credit Card,1202
1036,2025-02-09,07:11:16,2,Riverside Mall,118,Merchandise,Mug,Branded Ceramic Mug,9.99,1,9.99,Mobile Pay,1252
1037,2025-02-09,07:45:33,4,Airport Terminal 2,105,Coffee,Latte,Latte - Large,4.25,1,4.25,Cash,1133
1038,2025-02-09,13:53:17,1,Downtown,105,Coffee,Latte,Latte - Large,4.25,2,8.5,Credit Card,1220
1039,2025-02-09,13:27:57,3,Uptown,109,Tea,Brewed Tea,Green Tea,2.75,1,2.75,Mobile Pay,1377
1040,2025-02-09,16:42:40,2,Riverside Mall,118,Merchandise,Mug,Branded Ceramic Mug,9.99,2,19.98,Cash,1027
1041,2025-02-09,08:30:16,1,Downtown,108,Coffee,Cold Brew,Cold Brew - Large,4.45,1,4.45,Credit Card,1239
1042,2025-02-09,12:45:35,4,Airport Terminal 2,102,Coffee,Brewed Coffee,Brewed Coffee - Large,2.95,1,2.95,Cash,1252
1043,2025-02-09,10:13:55,2,Riverside Mall,104,Coffee,Latte,Latte - Regular,3.75,1,3.75,Cash,1427
1044,2025-02-09,13:42:37,5,Lakeside Plaza,109,Tea,Brewed Tea,Green Tea,2.75,1,2.75,Credit Card,1002
1045,2025-02-09,12:04:15,5,Lakeside Plaza,106,Coffee,Cappuccino,Cappuccino - Regular,3.65,2,7.3,Cash,1346
1046,2025-02-10,15:43:07,1,Downtown,110,Tea,Brewed Tea,Earl Grey,2.75,1,2.75,Mobile Pay,1302
1047,2025-02-10,08:05:29,1,Downtown,111,Tea,Chai,Chai Latte - Regular,3.85,2,7.7,Credit Card,1337
1048,2025-02-10,10:02:41,3,Uptown,101,Coffee,Brewed Coffee,Brewed Coffee - Regular,2.5,2,5.0,Credit Card,1231
1049,2025-02-10,08:03:51,5,Lakeside Plaza,105,Coffee,Latte,Latte - Large,4.25,2,8.5,Mobile Pay,1165
1050,2025-02-10,18:24:05,1,Downtown,118,Merchandise,Mug,Branded Ceramic Mug,9.99,1,9.99,Credit Card,1091
1051,2025-02-10,06:13:10,4,Airport Terminal 2,103,Coffee,Espresso,Espresso Shot,2.2,1,2.2,Credit Card,1206
1052,2025-02-10,09:51:27,2,Riverside Mall,104,Coffee,Latte,Latte - Regular,3.75,2,7.5,Mobile Pay,1158
1053,2025-02-10,11:06:53,5,Lakeside Plaza,105,Coffee,Latte,Latte - Large,4.25,1,4.25,Credit Card,1102
1054,2025-02-10,09:38:27,4,Airport Terminal 2,116,Pastry,Scone,Cranberry Scone,2.95,1,2.95,Mobile Pay,1216
1055,2025-02-10,12:27:05,5,Lakeside Plaza,106,Coffee,Cappuccino,Cappuccino - Regular,3.65,1,3.65,Mobile Pay,1174
1056,2025-02-10,18:33:40,2,Riverside Mall,105,Coffee,Latte,Latte - Large,4.25,2,8.5,Credit Card,1042
1057,2025-02-10,17:30:19,4,Airport Terminal 2,103,Coffee,Espresso,Espresso Shot,2.2,1,2.2,Credit Card,1065
1058,2025-02-10,13:18:36,3,Uptown,108,Coffee,Cold Brew,Cold Brew - Large,4.45,1,4.45,Mobile Pay,1039
1059,2025-02-10,13:26:06,5,Lakeside Plaza,104,Coffee,Latte,Latte - Regular,3.75,1,3.75,Credit Card,1368
1060,2025-02-10,09:05:49,3,Uptown,112,Bakery,Croissant,Butter Croissant,3.25,1,3.25,Credit Card,1058
1061,2025-02-10,16:53:25,4,Airport Terminal 2,106,Coffee,Cappuccino,Cappuccino - Regular,3.65,1,3.65,Mobile Pay,1213
1062,2025-02-10,14:29:48,3,Uptown,111,Tea,Chai,Chai Latte - Regular,3.85,2,7.7,Mobile Pay,1319
1063,2025-02-10,08:05:47,3,Uptown,106,Coffee,Cappuccino,Cappuccino - Regular,3.65,4,14.6,Mobile Pay,1132
1064,2025-02-10,13:00:25,1,Downtown,114,Bakery,Bagel,Plain Bagel with Cream Cheese,3.4,1,3.4,Credit Card,1087
1065,2025-02-10,16:47:38,4,Airport Terminal 2,113,Bakery,Muffin,Blueberry Muffin,3.1,2,6.2,Credit Card,1155
1066,2025-02-10,15:44:43,5,Lakeside Plaza,112,Bakery,Croissant,Butter Croissant,3.25,1,3.25,Cash,1154
1067,2025-02-10,08:52:01,2,Riverside Mall,101,Coffee,Brewed Coffee,Brewed Coffee - Regular,2.5,2,5.0,Mobile Pay,1096
1068,2025-02-10,14:41:15,2,Riverside Mall,116,Pastry,Scone,Cranberry Scone,2.95,1,2.95,Mobile Pay,1320
1069,2025-02-11,10:29:09,2,Riverside Mall,103,Coffee,Espresso,Espresso Shot,2.2,1,2.2,Cash,1011
1070,2025-02-11,18:30:01,2,Riverside Mall,115,Pastry,Cookie,Chocolate Chip Cookie,2.1,3,6.3,Credit Card,1299
1071,2025-02-11,07:00:06,3,Uptown,113,Bakery,Muffin,Blueberry Muffin,3.1,2,6.2,Credit Card,1365
1072,2025-02-11,15:38:46,4,Airport Terminal 2,116,Pastry,Scone,Cranberry Scone,2.95,1,2.95,Cash,1148
1073,2025-02-11,13:46:39,4,Airport Terminal 2,116,Pastry,Scone,Cranberry Scone,2.95,3,8.85,Mobile Pay,1418
1074,2025-02-11,13:27:36,2,Riverside Mall,102,Coffee,Brewed Coffee,Brewed Coffee - Large,2.95,1,2.95,Credit Card,1032
1075,2025-02-11,08:39:41,4,Airport Terminal 2,116,Pastry,Scone,Cranberry Scone,2.95,1,2.95,Credit Card,1357
1076,2025-02-11,15:30:22,2,Riverside Mall,110,Tea,Brewed Tea,Earl Grey,2.75,1,2.75,Credit Card,1259
1077,2025-02-11,08:18:46,3,Uptown,115,Pastry,Cookie,Chocolate Chip Cookie,2.1,2,4.2,Mobile Pay,1213
1078,2025-02-11,16:54:10,3,Uptown,116,Pastry,Scone,Cranberry Scone,2.95,2,5.9,Credit Card,1144
1079,2025-02-11,08:12:10,1,Downtown,116,Pastry,Scone,Cranberry Scone,2.95,2,5.9,Mobile Pay,1051
1080,2025-02-11,09:35:03,4,Airport Terminal 2,110,Tea,Brewed Tea,Earl Grey,2.75,4,11.0,Mobile Pay,1183
1081,2025-02-11,08:55:57,3,Uptown,106,Coffee,Cappuccino,Cappuccino - Regular,3.65,1,3.65,Cash,1413
1082,2025-02-11,14:07:35,4,Airport Terminal 2,104,Coffee,Latte,Latte - Regular,3.75,1,3.75,Mobile Pay,1132
1083,2025-02-11,15:35:17,3,Uptown,102,Coffee,Brewed Coffee,Brewed Coffee - Large,2.95,3,8.85,Credit Card,1436
1084,2025-02-11,15:59:28,5,Lakeside Plaza,104,Coffee,Latte,Latte - Regular,3.75,2,7.5,Mobile Pay,1430
1085,2025-02-11,16:02:32,1,Downtown,104,Coffee,Latte,Latte - Regular,3.75,1,3.75,Cash,1322
1086,2025-02-11,08:18:45,2,Riverside Mall,112,Bakery,Croissant,Butter Croissant,3.25,1,3.25,Credit Card,1259
1087,2025-02-11,14:21:52,1,Downtown,105,Coffee,Latte,Latte - Large,4.25,1,4.25,Credit Card,1434
1088,2025-02-11,09:51:30,4,Airport Terminal 2,101,Coffee,Brewed Coffee,Brewed Coffee - Regular,2.5,1,2.5,Cash,1258
1089,2025-02-11,15:26:23,3,Uptown,112,Bakery,Croissant,Butter Croissant,3.25,2,6.5,Cash,1125
1090,2025-02-11,16:08:51,5,Lakeside Plaza,114,Bakery,Bagel,Plain Bagel with Cream Cheese,3.4,1,3.4,Mobile Pay,1209
1091,2025-02-11,18:28:09,5,Lakeside Plaza,112,Bakery,Croissant,Butter Croissant,3.25,2,6.5,Mobile Pay,1367
1092,2025-02-11,10:25:49,1,Downtown,103,Coffee,Espresso,Espresso Shot,2.2,1,2.2,Credit Card,1031
1093,2025-02-11,17:03:40,1,Downtown,105,Coffee,Latte,Latte - Large,4.25,4,17.0,Credit Card,1409
1094,2025-02-11,12:56:43,5,Lakeside Plaza,110,Tea,Brewed Tea,Earl Grey,2.75,2,5.5,Credit Card,1447
1095,2025-02-12,06:17:57,3,Uptown,112,Bakery,Croissant,Butter Croissant,3.25,1,3.25,Credit Card,1075
1096,2025-02-12,17:39:50,4,Airport Terminal 2,107,Coffee,Cold Brew,Cold Brew - Regular,3.95,2,7.9,Credit Card,1226
1097,2025-02-12,17:05:02,4,Airport Terminal 2,107,Coffee,Cold Brew,Cold Brew - Regular,3.95,1,3.95,Credit Card,1199
1098,2025-02-12,19:18:13,2,Riverside Mall,117,Merchandise,Bag,Coffee Beans - 12oz Bag,12.5,1,12.5,Credit Card,1282
1099,2025-02-12,06:56:50,3,Uptown,106,Coffee,Cappuccino,Cappuccino - Regular,3.65,1,3.65,Credit Card,1132
1100,2025-02-12,19:07:46,3,Uptown,114,Bakery,Bagel,Plain Bagel with Cream Cheese,3.4,1,3.4,Credit Card,1190
1101,2025-02-12,08:48:41,5,Lakeside Plaza,112,Bakery,Croissant,Butter Croissant,3.25,3,9.75,Credit Card,1229
1102,2025-02-12,10:15:51,1,Downtown,115,Pastry,Cookie,Chocolate Chip Cookie,2.1,2,4.2,Credit Card,1297
1103,2025-02-12,10:18:42,5,Lakeside Plaza,108,Coffee,Cold Brew,Cold Brew - Large,4.45,2,8.9,Credit Card,1366
1104,2025-02-12,13:15:06,2,Riverside Mall,113,Bakery,Muffin,Blueberry Muffin,3.1,1,3.1,Cash,1298
1105,2025-02-12,07:45:27,3,Uptown,115,Pastry,Cookie,Chocolate Chip Cookie,2.1,2,4.2,Cash,1041
1106,2025-02-12,12:28:04,4,Airport Terminal 2,105,Coffee,Latte,Latte - Large,4.25,1,4.25,Credit Card,1269
1107,2025-02-12,15:55:16,5,Lakeside Plaza,117,Merchandise,Bag,Coffee Beans - 12oz Bag,12.5,1,12.5,Credit Card,1325
1108,2025-02-12,15:26:52,4,Airport Terminal 2,116,Pastry,Scone,Cranberry Scone,2.95,1,2.95,Cash,1258
1109,2025-02-12,18:32:55,4,Airport Terminal 2,105,Coffee,Latte,Latte - Large,4.25,1,4.25,Credit Card,1355
1110,2025-02-12,15:35:23,4,Airport Terminal 2,102,Coffee,Brewed Coffee,Brewed Coffee - Large,2.95,3,8.85,Credit Card,1060
1111,2025-02-12,08:36:18,4,Airport Terminal 2,104,Coffee,Latte,Latte - Regular,3.75,1,3.75,Cash,1078
1112,2025-02-12,10:31:01,3,Uptown,112,Bakery,Croissant,Butter Croissant,3.25,2,6.5,Mobile Pay,1072
1113,2025-02-12,18:19:56,4,Airport Terminal 2,102,Coffee,Brewed Coffee,Brewed Coffee - Large,2.95,1,2.95,Mobile Pay,1093
1114,2025-02-12,08:22:04,4,Airport Terminal 2,101,Coffee,Brewed Coffee,Brewed Coffee - Regular,2.5,3,7.5,Credit Card,1213
1115,2025-02-12,17:50:24,3,Uptown,115,Pastry,Cookie,Chocolate Chip Cookie,2.1,1,2.1,Mobile Pay,1368
1116,2025-02-12,13:29:48,2,Riverside Mall,105,Coffee,Latte,Latte - Large,4.25,1,4.25,Cash,1229
1117,2025-02-12,16:42:39,3,Uptown,103,Coffee,Espresso,Espresso Shot,2.2,1,2.2,Mobile Pay,1119
1118,2025-02-12,07:42:56,3,Uptown,118,Merchandise,Mug,Branded Ceramic Mug,9.99,1,9.99,Credit Card,1142
1119,2025-02-12,14:50:49,2,Riverside Mall,101,Coffee,Brewed Coffee,Brewed Coffee - Regular,2.5,2,5.0,Credit Card,1287
1120,2025-02-12,08:39:34,5,Lakeside Plaza,103,Coffee,Espresso,Espresso Shot,2.2,1,2.2,Mobile Pay,1027
1121,2025-02-12,15:32:57,5,Lakeside Plaza,107,Coffee,Cold Brew,Cold Brew - Regular,3.95,1,3.95,Mobile Pay,1337
1122,2025-02-12,09:13:15,2,Riverside Mall,101,Coffee,Brewed Coffee,Brewed Coffee - Regular,2.5,2,5.0,Mobile Pay,1429
1123,2025-02-12,16:38:20,4,Airport Terminal 2,103,Coffee,Espresso,Espresso Shot,2.2,1,2.2,Credit Card,1023
1124,2025-02-13,12:26:01,1,Downtown,111,Tea,Chai,Chai Latte - Regular,3.85,3,11.55,Credit Card,1162
1125,2025-02-13,19:34:10,1,Downtown,104,Coffee,Latte,Latte - Regular,3.75,1,3.75,Credit Card,1093
1126,2025-02-13,10:26:43,1,Downtown,105,Coffee,Latte,Latte - Large,4.25,1,4.25,Mobile Pay,1314
1127,2025-02-13,15:19:24,2,Riverside Mall,101,Coffee,Brewed Coffee,Brewed Coffee - Regular,2.5,1,2.5,Credit Card,1072
1128,2025-02-13,11:52:57,3,Uptown,109,Tea,Brewed Tea,Green Tea,2.75,1,2.75,Credit Card,1103
1129,2025-02-13,13:48:32,5,Lakeside Plaza,108,Coffee,Cold Brew,Cold Brew - Large,4.45,1,4.45,Credit Card,1058
1130,2025-02-13,13:04:30,3,Uptown,115,Pastry,Cookie,Chocolate Chip Cookie,2.1,1,2.1,Credit Card,1324
1131,2025-02-13,13:37:43,1,Downtown,109,Tea,Brewed Tea,Green Tea,2.75,1,2.75,Credit Card,1390
1132,2025-02-13,13:28:05,2,Riverside Mall,110,Tea,Brewed Tea,Earl Grey,2.75,2,5.5,Credit Card,1256
1133,2025-02-13,13:10:50,2,Riverside Mall,112,Bakery,Croissant,Butter Croissant,3.25,1,3.25,Mobile Pay,1216
1134,2025-02-13,07:52:29,5,Lakeside Plaza,115,Pastry,Cookie,Chocolate Chip Cookie,2.1,4,8.4,Credit Card,1317
1135,2025-02-13,07:58:30,2,Riverside Mall,101,Coffee,Brewed Coffee,Brewed Coffee - Regular,2.5,1,2.5,Mobile Pay,1128
1136,2025-02-13,16:13:37,4,Airport Terminal 2,112,Bakery,Croissant,Butter Croissant,3.25,2,6.5,Cash,1144
1137,2025-02-13,10:25:44,5,Lakeside Plaza,103,Coffee,Espresso,Espresso Shot,2.2,1,2.2,Credit Card,1071
1138,2025-02-13,08:32:51,3,Uptown,114,Bakery,Bagel,Plain Bagel with Cream Cheese,3.4,1,3.4,Mobile Pay,1349
1139,2025-02-13,09:42:20,3,Uptown,115,Pastry,Cookie,Chocolate Chip Cookie,2.1,1,2.1,Mobile Pay,1235
1140,2025-02-13,17:08:41,3,Uptown,101,Coffee,Brewed Coffee,Brewed Coffee - Regular,2.5,3,7.5,Credit Card,1311
1141,2025-02-13,11:57:44,1,Downtown,106,Coffee,Cappuccino,Cappuccino - Regular,3.65,2,7.3,Credit Card,1390
1142,2025-02-13,13:57:53,1,Downtown,103,Coffee,Espresso,Espresso Shot,2.2,2,4.4,Credit Card,1227
1143,2025-02-13,16:22:24,3,Uptown,113,Bakery,Muffin,Blueberry Muffin,3.1,1,3.1,Mobile Pay,1393
1144,2025-02-13,12:59:12,1,Downtown,104,Coffee,Latte,Latte - Regular,3.75,1,3.75,Credit Card,1113
1145,2025-02-13,08:52:39,3,Uptown,112,Bakery,Croissant,Butter Croissant,3.25,2,6.5,Credit Card,1413
1146,2025-02-13,18:02:17,2,Riverside Mall,116,Pastry,Scone,Cranberry Scone,2.95,1,2.95,Credit Card,1360
1147,2025-02-13,08:52:40,2,Riverside Mall,101,Coffee,Brewed Coffee,Brewed Coffee - Regular,2.5,1,2.5,Credit Card,1445
1148,2025-02-13,08:12:42,5,Lakeside Plaza,116,Pastry,Scone,Cranberry Scone,2.95,2,5.9,Credit Card,1344
1149,2025-02-13,07:08:47,5,Lakeside Plaza,106,Coffee,Cappuccino,Cappuccino - Regular,3.65,1,3.65,Mobile Pay,1132
1150,2025-02-13,15:17:12,2,Riverside Mall,117,Merchandise,Bag,Coffee Beans - 12oz Bag,12.5,2,25.0,Mobile Pay,1011
1151,2025-02-13,15:56:29,5,Lakeside Plaza,109,Tea,Brewed Tea,Green Tea,2.75,1,2.75,Credit Card,1218
1152,2025-02-13,12:26:17,1,Downtown,111,Tea,Chai,Chai Latte - Regular,3.85,1,3.85,Credit Card,1265
1153,2025-02-13,15:56:46,3,Uptown,117,Merchandise,Bag,Coffee Beans - 12oz Bag,12.5,1,12.5,Mobile Pay,1142
1154,2025-02-13,10:25:12,5,Lakeside Plaza,115,Pastry,Cookie,Chocolate Chip Cookie,2.1,1,2.1,Mobile Pay,1292
1155,2025-02-13,18:58:15,2,Riverside Mall,114,Bakery,Bagel,Plain Bagel with Cream Cheese,3.4,1,3.4,Credit Card,1168
1156,2025-02-14,12:51:01,1,Downtown,101,Coffee,Brewed Coffee,Brewed Coffee - Regular,2.5,1,2.5,Mobile Pay,1320
1157,2025-02-14,08:15:21,3,Uptown,108,Coffee,Cold Brew,Cold Brew - Large,4.45,2,8.9,Credit Card,1420
1158,2025-02-14,15:39:28,2,Riverside Mall,103,Coffee,Espresso,Espresso Shot,2.2,2,4.4,Credit Card,1320
1159,2025-02-14,19:58:02,1,Downtown,103,Coffee,Espresso,Espresso Shot,2.2,1,2.2,Credit Card,1434
1160,2025-02-14,17:28:03,2,Riverside Mall,102,Coffee,Brewed Coffee,Brewed Coffee - Large,2.95,1,2.95,Credit Card,1320
1161,2025-02-14,13:18:54,1,Downtown,102,Coffee,Brewed Coffee,Brewed Coffee - Large,2.95,1,2.95,Credit Card,1049
1162,2025-02-14,16:50:42,4,Airport Terminal 2,108,Coffee,Cold Brew,Cold Brew - Large,4.45,2,8.9,Credit Card,1232
1163,2025-02-14,10:43:50,4,Airport Terminal 2,104,Coffee,Latte,Latte - Regular,3.75,1,3.75,Credit Card,1264
1164,2025-02-14,08:38:45,2,Riverside Mall,104,Coffee,Latte,Latte - Regular,3.75,1,3.75,Mobile Pay,1404
1165,2025-02-14,14:16:22,5,Lakeside Plaza,105,Coffee,Latte,Latte - Large,4.25,1,4.25,Credit Card,1371
1166,2025-02-14,08:02:03,2,Riverside Mall,108,Coffee,Cold Brew,Cold Brew - Large,4.45,1,4.45,Credit Card,1299
1167,2025-02-14,14:34:49,3,Uptown,110,Tea,Brewed Tea,Earl Grey,2.75,1,2.75,Credit Card,1240
1168,2025-02-14,11:00:33,3,Uptown,110,Tea,Brewed Tea,Earl Grey,2.75,1,2.75,Cash,1347
1169,2025-02-14,16:35:54,2,Riverside Mall,117,Merchandise,Bag,Coffee Beans - 12oz Bag,12.5,1,12.5,Cash,1176
1170,2025-02-14,15:21:12,2,Riverside Mall,107,Coffee,Cold Brew,Cold Brew - Regular,3.95,2,7.9,Credit Card,1355
1171,2025-02-14,16:36:21,4,Airport Terminal 2,111,Tea,Chai,Chai Latte - Regular,3.85,2,7.7,Credit Card,1214
1172,2025-02-14,17:58:02,1,Downtown,115,Pastry,Cookie,Chocolate Chip Cookie,2.1,1,2.1,Credit Card,1001
1173,2025-02-14,14:15:30,2,Riverside Mall,115,Pastry,Cookie,Chocolate Chip Cookie,2.1,2,4.2,Credit Card,1417
1174,2025-02-14,11:52:00,4,Airport Terminal 2,107,Coffee,Cold Brew,Cold Brew - Regular,3.95,1,3.95,Credit Card,1037
1175,2025-02-14,08:28:12,5,Lakeside Plaza,104,Coffee,Latte,Latte - Regular,3.75,2,7.5,Credit Card,1391
1176,2025-02-14,08:11:14,1,Downtown,107,Coffee,Cold Brew,Cold Brew - Regular,3.95,3,11.85,Cash,1368
1177,2025-02-14,08:01:11,5,Lakeside Plaza,108,Coffee,Cold Brew,Cold Brew - Large,4.45,2,8.9,Cash,1051
1178,2025-02-14,14:56:07,2,Riverside Mall,113,Bakery,Muffin,Blueberry Muffin,3.1,1,3.1,Credit Card,1107
1179,2025-02-14,16:42:10,2,Riverside Mall,112,Bakery,Croissant,Butter Croissant,3.25,3,9.75,Mobile Pay,1409
1180,2025-02-14,08:56:59,4,Airport Terminal 2,103,Coffee,Espresso,Espresso Shot,2.2,1,2.2,Cash,1097
1181,2025-02-14,10:27:40,4,Airport Terminal 2,112,Bakery,Croissant,Butter Croissant,3.25,1,3.25,Mobile Pay,1023
1182,2025-02-14,16:18:50,5,Lakeside Plaza,107,Coffee,Cold Brew,Cold Brew - Regular,3.95,1,3.95,Cash,1126
1183,2025-02-14,16:37:56,3,Uptown,105,Coffee,Latte,Latte - Large,4.25,1,4.25,Cash,1372
1184,2025-02-15,08:24:48,5,Lakeside Plaza,103,Coffee,Espresso,Espresso Shot,2.2,3,6.6,Credit Card,1384
1185,2025-02-15,12:20:45,4,Airport Terminal 2,117,Merchandise,Bag,Coffee Beans - 12oz Bag,12.5,1,12.5,Credit Card,1355
1186,2025-02-15,09:25:40,4,Airport Terminal 2,116,Pastry,Scone,Cranberry Scone,2.95,3,8.85,Credit Card,1298
1187,2025-02-15,17:28:55,2,Riverside Mall,108,Coffee,Cold Brew,Cold Brew - Large,4.45,1,4.45,Credit Card,1111
1188,2025-02-15,18:23:16,4,Airport Terminal 2,106,Coffee,Cappuccino,Cappuccino - Regular,3.65,1,3.65,Mobile Pay,1068
1189,2025-02-15,13:14:37,3,Uptown,115,Pastry,Cookie,Chocolate Chip Cookie,2.1,1,2.1,Credit Card,1262
1190,2025-02-15,12:26:23,4,Airport Terminal 2,115,Pastry,Cookie,Chocolate Chip Cookie,2.1,2,4.2,Credit Card,1162
1191,2025-02-15,12:16:41,1,Downtown,106,Coffee,Cappuccino,Cappuccino - Regular,3.65,1,3.65,Credit Card,1042
1192,2025-02-15,13:05:50,5,Lakeside Plaza,117,Merchandise,Bag,Coffee Beans - 12oz Bag,12.5,1,12.5,Cash,1116
1193,2025-02-15,07:12:21,1,Downtown,112,Bakery,Croissant,Butter Croissant,3.25,1,3.25,Credit Card,1168
1194,2025-02-15,15:08:54,3,Uptown,107,Coffee,Cold Brew,Cold Brew - Regular,3.95,2,7.9,Credit Card,1378
1195,2025-02-15,15:18:52,3,Uptown,101,Coffee,Brewed Coffee,Brewed Coffee - Regular,2.5,1,2.5,Mobile Pay,1206
1196,2025-02-15,12:32:48,5,Lakeside Plaza,101,Coffee,Brewed Coffee,Brewed Coffee - Regular,2.5,4,10.0,Credit Card,1443
1197,2025-02-15,12:33:37,2,Riverside Mall,107,Coffee,Cold Brew,Cold Brew - Regular,3.95,2,7.9,Credit Card,1387
1198,2025-02-15,16:20:54,4,Airport Terminal 2,111,Tea,Chai,Chai Latte - Regular,3.85,1,3.85,Mobile Pay,1394
1199,2025-02-15,12:54:35,4,Airport Terminal 2,107,Coffee,Cold Brew,Cold Brew - Regular,3.95,1,3.95,Credit Card,1071
1200,2025-02-15,18:00:31,2,Riverside Mall,110,Tea,Brewed Tea,Earl Grey,2.75,2,5.5,Credit Card,1427
1201,2025-02-15,12:48:25,2,Riverside Mall,114,Bakery,Bagel,Plain Bagel with Cream Cheese,3.4,2,6.8,Credit Card,1353
1202,2025-02-15,13:02:59,3,Uptown,101,Coffee,Brewed Coffee,Brewed Coffee - Regular,2.5,1,2.5,Credit Card,1169
1203,2025-02-15,19:13:25,5,Lakeside Plaza,113,Bakery,Muffin,Blueberry Muffin,3.1,1,3.1,Cash,1197
1204,2025-02-15,13:28:40,1,Downtown,111,Tea,Chai,Chai Latte - Regular,3.85,3,11.55,Cash,1047
1205,2025-02-15,07:44:38,5,Lakeside Plaza,106,Coffee,Cappuccino,Cappuccino - Regular,3.65,1,3.65,Cash,1095
1206,2025-02-15,08:18:42,4,Airport Terminal 2,110,Tea,Brewed Tea,Earl Grey,2.75,1,2.75,Cash,1232
1207,2025-02-15,08:55:58,5,Lakeside Plaza,101,Coffee,Brewed Coffee,Brewed Coffee - Regular,2.5,1,2.5,Mobile Pay,1080
1208,2025-02-15,12:47:04,2,Riverside Mall,118,Merchandise,Mug,Branded Ceramic Mug,9.99,1,9.99,Credit Card,1443
1209,2025-02-16,12:45:42,2,Riverside Mall,110,Tea,Brewed Tea,Earl Grey,2.75,1,2.75,Credit Card,1309
1210,2025-02-16,13:43:29,3,Uptown,107,Coffee,Cold Brew,Cold Brew - Regular,3.95,1,3.95,Mobile Pay,1003
1211,2025-02-16,16:38:51,4,Airport Terminal 2,103,Coffee,Espresso,Espresso Shot,2.2,1,2.2,Mobile Pay,1168
1212,2025-02-16,12:02:47,4,Airport Terminal 2,115,Pastry,Cookie,Chocolate Chip Cookie,2.1,1,2.1,Mobile Pay,1330
1213,2025-02-16,15:45:50,4,Airport Terminal 2,112,Bakery,Croissant,Butter Croissant,3.25,1,3.25,Mobile Pay,1313
1214,2025-02-16,09:57:39,2,Riverside Mall,114,Bakery,Bagel,Plain Bagel with Cream Cheese,3.4,2,6.8,Credit Card,1234
1215,2025-02-16,11:02:15,2,Riverside Mall,104,Coffee,Latte,Latte - Regular,3.75,3,11.25,Credit Card,1080
1216,2025-02-16,14:04:44,5,Lakeside Plaza,110,Tea,Brewed Tea,Earl Grey,2.75,2,5.5,Mobile Pay,1111
1217,2025-02-16,08:23:04,4,Airport Terminal 2,118,Merchandise,Mug,Branded Ceramic Mug,9.99,2,19.98,Mobile Pay,1258
1218,2025-02-16,12:16:13,3,Uptown,114,Bakery,Bagel,Plain Bagel with Cream Cheese,3.4,1,3.4,Cash,1236
1219,2025-02-16,10:25:54,4,Airport Terminal 2,113,Bakery,Muffin,Blueberry Muffin,3.1,1,3.1,Cash,1019
1220,2025-02-16,10:47:29,1,Downtown,105,Coffee,Latte,Latte - Large,4.25,1,4.25,Cash,1034
1221,2025-02-16,08:52:17,2,Riverside Mall,115,Pastry,Cookie,Chocolate Chip Cookie,2.1,2,4.2,Mobile Pay,1087
1222,2025-02-16,08:07:34,5,Lakeside Plaza,104,Coffee,Latte,Latte - Regular,3.75,2,7.5,Cash,1086
1223,2025-02-16,08:22:11,1,Downtown,109,Tea,Brewed Tea,Green Tea,2.75,1,2.75,Mobile Pay,1017
1224,2025-02-16,12:03:53,5,Lakeside Plaza,107,Coffee,Cold Brew,Cold Brew - Regular,3.95,2,7.9,Credit Card,1267
1225,2025-02-16,15:28:03,1,Downtown,113,Bakery,Muffin,Blueberry Muffin,3.1,1,3.1,Mobile Pay,1024
1226,2025-02-16,11:15:12,2,Riverside Mall,108,Coffee,Cold Brew,Cold Brew - Large,4.45,1,4.45,Cash,1215
1227,2025-02-16,16:43:42,1,Downtown,111,Tea,Chai,Chai Latte - Regular,3.85,1,3.85,Mobile Pay,1049
1228,2025-02-16,07:32:06,2,Riverside Mall,106,Coffee,Cappuccino,Cappuccino - Regular,3.65,2,7.3,Credit Card,1165
1229,2025-02-16,18:25:27,2,Riverside Mall,107,Coffee,Cold Brew,Cold Brew - Regular,3.95,1,3.95,Cash,1109
1230,2025-02-16,06:41:20,3,Uptown,106,Coffee,Cappuccino,Cappuccino - Regular,3.65,1,3.65,Credit Card,1108
1231,2025-02-16,14:23:02,1,Downtown,109,Tea,Brewed Tea,Green Tea,2.75,1,2.75,Credit Card,1111
1232,2025-02-16,19:06:45,5,Lakeside Plaza,116,Pastry,Scone,Cranberry Scone,2.95,1,2.95,Credit Card,1435
1233,2025-02-16,14:40:44,3,Uptown,104,Coffee,Latte,Latte - Regular,3.75,1,3.75,Credit Card,1394
1234,2025-02-16,14:56:44,3,Uptown,106,Coffee,Cappuccino,Cappuccino - Regular,3.65,1,3.65,Credit Card,1435
1235,2025-02-16,06:58:37,1,Downtown,111,Tea,Chai,Chai Latte - Regular,3.85,1,3.85,Credit Card,1261
1236,2025-02-16,14:00:14,2,Riverside Mall,117,Merchandise,Bag,Coffee Beans - 12oz Bag,12.5,1,12.5,Mobile Pay,1388
1237,2025-02-16,15:48:15,3,Uptown,108,Coffee,Cold Brew,Cold Brew - Large,4.45,2,8.9,Cash,1030
1238,2025-02-16,08:24:13,4,Airport Terminal 2,110,Tea,Brewed Tea,Earl Grey,2.75,2,5.5,Mobile Pay,1121
1239,2025-02-16,15:21:08,5,Lakeside Plaza,115,Pastry,Cookie,Chocolate Chip Cookie,2.1,1,2.1,Mobile Pay,1329
1240,2025-02-17,14:18:48,5,Lakeside Plaza,114,Bakery,Bagel,Plain Bagel with Cream Cheese,3.4,1,3.4,Credit Card,1433
1241,2025-02-17,08:03:58,3,Uptown,108,Coffee,Cold Brew,Cold Brew - Large,4.45,3,13.35,Mobile Pay,1127
1242,2025-02-17,13:11:28,2,Riverside Mall,113,Bakery,Muffin,Blueberry Muffin,3.1,2,6.2,Mobile Pay,1033
1243,2025-02-17,07:09:13,1,Downtown,107,Coffee,Cold Brew,Cold Brew - Regular,3.95,1,3.95,Credit Card,1088
1244,2025-02-17,13:27:46,2,Riverside Mall,108,Coffee,Cold Brew,Cold Brew - Large,4.45,1,4.45,Credit Card,1084
1245,2025-02-17,08:15:19,2,Riverside Mall,114,Bakery,Bagel,Plain Bagel with Cream Cheese,3.4,1,3.4,Mobile Pay,1229
1246,2025-02-17,16:30:05,2,Riverside Mall,109,Tea,Brewed Tea,Green Tea,2.75,4,11.0,Credit Card,1184
1247,2025-02-17,12:32:39,2,Riverside Mall,116,Pastry,Scone,Cranberry Scone,2.95,2,5.9,Cash,1389
1248,2025-02-17,15:27:54,4,Airport Terminal 2,101,Coffee,Brewed Coffee,Brewed Coffee - Regular,2.5,1,2.5,Credit Card,1153
1249,2025-02-17,15:16:24,2,Riverside Mall,118,Merchandise,Mug,Branded Ceramic Mug,9.99,1,9.99,Credit Card,1232
1250,2025-02-17,07:08:45,5,Lakeside Plaza,116,Pastry,Scone,Cranberry Scone,2.95,1,2.95,Mobile Pay,1079
1251,2025-02-17,16:46:46,1,Downtown,101,Coffee,Brewed Coffee,Brewed Coffee - Regular,2.5,1,2.5,Mobile Pay,1207
1252,2025-02-17,11:19:41,4,Airport Terminal 2,112,Bakery,Croissant,Butter Croissant,3.25,4,13.0,Credit Card,1036
1253,2025-02-17,11:36:10,1,Downtown,104,Coffee,Latte,Latte - Regular,3.75,1,3.75,Mobile Pay,1223
1254,2025-02-17,15:40:44,3,Uptown,117,Merchandise,Bag,Coffee Beans - 12oz Bag,12.5,1,12.5,Credit Card,1029
1255,2025-02-17,09:02:58,4,Airport Terminal 2,108,Coffee,Cold Brew,Cold Brew - Large,4.45,2,8.9,Credit Card,1323
1256,2025-02-17,09:29:43,1,Downtown,105,Coffee,Latte,Latte - Large,4.25,1,4.25,Credit Card,1126
1257,2025-02-17,08:05:41,2,Riverside Mall,101,Coffee,Brewed Coffee,Brewed Coffee - Regular,2.5,2,5.0,Credit Card,1196
1258,2025-02-18,17:56:27,1,Downtown,117,Merchandise,Bag,Coffee Beans - 12oz Bag,12.5,1,12.5,Credit Card,1218
1259,2025-02-18,18:42:56,3,Uptown,117,Merchandise,Bag,Coffee Beans - 12oz Bag,12.5,1,12.5,Credit Card,1157
1260,2025-02-18,14:49:51,1,Downtown,104,Coffee,Latte,Latte - Regular,3.75,1,3.75,Credit Card,1073
1261,2025-02-18,15:00:10,2,Riverside Mall,113,Bakery,Muffin,Blueberry Muffin,3.1,2,6.2,Cash,1000
1262,2025-02-18,12:18:46,4,Airport Terminal 2,117,Merchandise,Bag,Coffee Beans - 12oz Bag,12.5,1,12.5,Credit Card,1090
1263,2025-02-18,13:32:07,2,Riverside Mall,107,Coffee,Cold Brew,Cold Brew - Regular,3.95,1,3.95,Credit Card,1416
1264,2025-02-18,15:51:48,2,Riverside Mall,102,Coffee,Brewed Coffee,Brewed Coffee - Large,2.95,1,2.95,Credit Card,1446
1265,2025-02-18,16:10:05,5,Lakeside Plaza,104,Coffee,Latte,Latte - Regular,3.75,1,3.75,Cash,1193
1266,2025-02-18,07:15:30,1,Downtown,111,Tea,Chai,Chai Latte - Regular,3.85,1,3.85,Cash,1389
1267,2025-02-18,15:00:42,1,Downtown,109,Tea,Brewed Tea,Green Tea,2.75,1,2.75,Cash,1021
1268,2025-02-18,11:33:48,5,Lakeside Plaza,101,Coffee,Brewed Coffee,Brewed Coffee - Regular,2.5,1,2.5,Credit Card,1248
1269,2025-02-18,10:43:56,3,Uptown,114,Bakery,Bagel,Plain Bagel with Cream Cheese,3.4,1,3.4,Mobile Pay,1161
1270,2025-02-18,11:03:22,3,Uptown,113,Bakery,Muffin,Blueberry Muffin,3.1,3,9.3,Cash,1412
1271,2025-02-18,15:56:59,4,Airport Terminal 2,113,Bakery,Muffin,Blueberry Muffin,3.1,1,3.1,Cash,1308
1272,2025-02-18,18:48:52,5,Lakeside Plaza,109,Tea,Brewed Tea,Green Tea,2.75,1,2.75,Credit Card,1231
1273,2025-02-18,11:12:00,4,Airport Terminal 2,117,Merchandise,Bag,Coffee Beans - 12oz Bag,12.5,4,50.0,Credit Card,1416
1274,2025-02-18,18:47:20,3,Uptown,102,Coffee,Brewed Coffee,Brewed Coffee - Large,2.95,2,5.9,Credit Card,1119
1275,2025-02-18,10:59:59,4,Airport Terminal 2,103,Coffee,Espresso,Espresso Shot,2.2,1,2.2,Mobile Pay,1337
1276,2025-02-18,09:12:45,1,Downtown,113,Bakery,Muffin,Blueberry Muffin,3.1,1,3.1,Mobile Pay,1266
1277,2025-02-18,08:50:05,5,Lakeside Plaza,102,Coffee,Brewed Coffee,Brewed Coffee - Large,2.95,1,2.95,Mobile Pay,1344
1278,2025-02-18,17:07:30,4,Airport Terminal 2,106,Coffee,Cappuccino,Cappuccino - Regular,3.65,2,7.3,Credit Card,1123
1279,2025-02-18,08:45:01,2,Riverside Mall,103,Coffee,Espresso,Espresso Shot,2.2,1,2.2,Mobile Pay,1167
1280,2025-02-18,15:42:30,3,Uptown,108,Coffee,Cold Brew,Cold Brew - Large,4.45,4,17.8,Cash,1343
1281,2025-02-18,14:31:05,2,Riverside Mall,118,Merchandise,Mug,Branded Ceramic Mug,9.99,2,19.98,Mobile Pay,1170
1282,2025-02-18,14:24:58,5,Lakeside Plaza,103,Coffee,Espresso,Espresso Shot,2.2,2,4.4,Credit Card,1376
1283,2025-02-18,16:14:16,5,Lakeside Plaza,114,Bakery,Bagel,Plain Bagel with Cream Cheese,3.4,1,3.4,Cash,1044
1284,2025-02-18,15:07:36,3,Uptown,107,Coffee,Cold Brew,Cold Brew - Regular,3.95,1,3.95,Credit Card,1436
1285,2025-02-19,10:37:34,5,Lakeside Plaza,101,Coffee,Brewed Coffee,Brewed Coffee - Regular,2.5,1,2.5,Mobile Pay,1198
1286,2025-02-19,16:59:50,3,Uptown,112,Bakery,Croissant,Butter Croissant,3.25,1,3.25,Credit Card,1339
1287,2025-02-19,11:34:54,2,Riverside Mall,104,Coffee,Latte,Latte - Regular,3.75,1,3.75,Mobile Pay,1074
1288,2025-02-19,13:29:09,3,Uptown,108,Coffee,Cold Brew,Cold Brew - Large,4.45,2,8.9,Credit Card,1074
1289,2025-02-19,10:44:07,1,Downtown,111,Tea,Chai,Chai Latte - Regular,3.85,1,3.85,Credit Card,1434
1290,2025-02-19,13:45:24,4,Airport Terminal 2,107,Coffee,Cold Brew,Cold Brew - Regular,3.95,1,3.95,Credit Card,1414
1291,2025-02-19,15:03:59,2,Riverside Mall,108,Coffee,Cold Brew,Cold Brew - Large,4.45,3,13.35,Mobile Pay,1091
1292,2025-02-19,19:42:58,4,Airport Terminal 2,110,Tea,Brewed Tea,Earl Grey,2.75,2,5.5,Credit Card,1011
1293,2025-02-19,15:22:48,3,Uptown,114,Bakery,Bagel,Plain Bagel with Cream Cheese,3.4,1,3.4,Credit Card,1036
1294,2025-02-19,15:12:44,3,Uptown,110,Tea,Brewed Tea,Earl Grey,2.75,3,8.25,Cash,1201
1295,2025-02-19,16:45:19,3,Uptown,102,Coffee,Brewed Coffee,Brewed Coffee - Large,2.95,1,2.95,Credit Card,1083
1296,2025-02-19,09:09:13,4,Airport Terminal 2,116,Pastry,Scone,Cranberry Scone,2.95,1,2.95,Cash,1383
1297,2025-02-19,15:36:06,1,Downtown,112,Bakery,Croissant,Butter Croissant,3.25,2,6.5,Cash,1439
1298,2025-02-19,17:06:22,4,Airport Terminal 2,106,Coffee,Cappuccino,Cappuccino - Regular,3.65,4,14.6,Mobile Pay,1091
1299,2025-02-19,14:37:27,1,Downtown,117,Merchandise,Bag,Coffee Beans - 12oz Bag,12.5,4,50.0,Credit Card,1321
1300,2025-02-19,08:25:31,2,Riverside Mall,102,Coffee,Brewed Coffee,Brewed Coffee - Large,2.95,1,2.95,Mobile Pay,1305
1301,2025-02-19,15:55:52,4,Airport Terminal 2,103,Coffee,Espresso,Espresso Shot,2.2,2,4.4,Credit Card,1140
1302,2025-02-19,06:07:05,4,Airport Terminal 2,112,Bakery,Croissant,Butter Croissant,3.25,1,3.25,Credit Card,1328
1303,2025-02-19,06:36:36,5,Lakeside Plaza,108,Coffee,Cold Brew,Cold Brew - Large,4.45,1,4.45,Credit Card,1355
1304,2025-02-19,11:41:44,5,Lakeside Plaza,106,Coffee,Cappuccino,Cappuccino - Regular,3.65,1,3.65,Cash,1292
1305,2025-02-19,15:55:50,3,Uptown,103,Coffee,Espresso,Espresso Shot,2.2,1,2.2,Mobile Pay,1207
1306,2025-02-19,13:34:50,1,Downtown,113,Bakery,Muffin,Blueberry Muffin,3.1,2,6.2,Cash,1250
1307,2025-02-19,15:50:41,5,Lakeside Plaza,118,Merchandise,Mug,Branded Ceramic Mug,9.99,1,9.99,Credit Card,1385
1308,2025-02-19,16:44:11,1,Downtown,106,Coffee,Cappuccino,Cappuccino - Regular,3.65,1,3.65,Mobile Pay,1228
1309,2025-02-20,14:41:10,1,Downtown,105,Coffee,Latte,Latte - Large,4.25,1,4.25,Mobile Pay,1131
1310,2025-02-20,19:32:19,1,Downtown,103,Coffee,Espresso,Espresso Shot,2.2,1,2.2,Cash,1278
1311,2025-02-20,10:33:57,1,Downtown,108,Coffee,Cold Brew,Cold Brew - Large,4.45,2,8.9,Credit Card,1337
1312,2025-02-20,15:33:58,2,Riverside Mall,116,Pastry,Scone,Cranberry Scone,2.95,4,11.8,Credit Card,1180
1313,2025-02-20,15:42:52,5,Lakeside Plaza,107,Coffee,Cold Brew,Cold Brew - Regular,3.95,1,3.95,Cash,1018
1314,2025-02-20,18:38:35,3,Uptown,107,Coffee,Cold Brew,Cold Brew - Regular,3.95,1,3.95,Credit Card,1183
1315,2025-02-20,07:16:16,5,Lakeside Plaza,114,Bakery,Bagel,Plain Bagel with Cream Cheese,3.4,1,3.4,Credit Card,1083
1316,2025-02-20,15:44:09,1,Downtown,109,Tea,Brewed Tea,Green Tea,2.75,1,2.75,Credit Card,1036
1317,2025-02-20,15:36:42,3,Uptown,107,Coffee,Cold Brew,Cold Brew - Regular,3.95,2,7.9,Credit Card,1261
1318,2025-02-20,10:50:27,4,Airport Terminal 2,105,Coffee,Latte,Latte - Large,4.25,1,4.25,Credit Card,1309
1319,2025-02-20,13:43:35,3,Uptown,104,Coffee,Latte,Latte - Regular,3.75,1,3.75,Credit Card,1168
1320,2025-02-20,15:09:55,3,Uptown,111,Tea,Chai,Chai Latte - Regular,3.85,2,7.7,Cash,1140
1321,2025-02-20,11:06:50,4,Airport Terminal 2,108,Coffee,Cold Brew,Cold Brew - Large,4.45,3,13.35,Credit Card,1089
1322,2025-02-20,07:22:44,3,Uptown,116,Pastry,Scone,Cranberry Scone,2.95,1,2.95,Credit Card,1144
1323,2025-02-20,17:10:20,5,Lakeside Plaza,104,Coffee,Latte,Latte - Regular,3.75,3,11.25,Cash,1199
1324,2025-02-20,14:54:25,5,Lakeside Plaza,118,Merchandise,Mug,Branded Ceramic Mug,9.99,1,9.99,Credit Card,1065
1325,2025-02-20,14:09:24,5,Lakeside Plaza,105,Coffee,Latte,Latte - Large,4.25,1,4.25,Cash,1136
1326,2025-02-20,15:26:45,3,Uptown,108,Coffee,Cold Brew,Cold Brew - Large,4.45,1,4.45,Mobile Pay,1224
1327,2025-02-20,09:27:33,4,Airport Terminal 2,117,Merchandise,Bag,Coffee Beans - 12oz Bag,12.5,3,37.5,Credit Card,1416
1328,2025-02-21,11:20:54,1,Downtown,110,Tea,Brewed Tea,Earl Grey,2.75,1,2.75,Cash,1040
1329,2025-02-21,08:03:05,2,Riverside Mall,103,Coffee,Espresso,Espresso Shot,2.2,2,4.4,Mobile Pay,1283
1330,2025-02-21,15:59:46,1,Downtown,114,Bakery,Bagel,Plain Bagel with Cream Cheese,3.4,1,3.4,Credit Card,1254
1331,2025-02-21,11:39:12,5,Lakeside Plaza,104,Coffee,Latte,Latte - Regular,3.75,3,11.25,Cash,1381
1332,2025-02-21,15:15:47,4,Airport Terminal 2,118,Merchandise,Mug,Branded Ceramic Mug,9.99,2,19.98,Mobile Pay,1421
1333,2025-02-21,14:10:43,5,Lakeside Plaza,102,Coffee,Brewed Coffee,Brewed Coffee - Large,2.95,3,8.85,Credit Card,1391
1334,2025-02-21,07:53:08,2,Riverside Mall,106,Coffee,Cappuccino,Cappuccino - Regular,3.65,1,3.65,Credit Card,1026
1335,2025-02-21,11:07:21,4,Airport Terminal 2,106,Coffee,Cappuccino,Cappuccino - Regular,3.65,3,10.95,Mobile Pay,1127
1336,2025-02-21,09:18:16,1,Downtown,110,Tea,Brewed Tea,Earl Grey,2.75,1,2.75,Credit Card,1377
1337,2025-02-21,17:59:59,4,Airport Terminal 2,107,Coffee,Cold Brew,Cold Brew - Regular,3.95,4,15.8,Mobile Pay,1263
1338,2025-02-21,17:54:31,1,Downtown,115,Pastry,Cookie,Chocolate Chip Cookie,2.1,1,2.1,Credit Card,1003
1339,2025-02-21,10:00:22,3,Uptown,110,Tea,Brewed Tea,Earl Grey,2.75,3,8.25,Credit Card,1095
1340,2025-02-21,12:12:05,1,Downtown,104,Coffee,Latte,Latte - Regular,3.75,1,3.75,Credit Card,1078
1341,2025-02-21,08:42:16,4,Airport Terminal 2,101,Coffee,Brewed Coffee,Brewed Coffee - Regular,2.5,1,2.5,Credit Card,1202
1342,2025-02-21,17:34:51,3,Uptown,114,Bakery,Bagel,Plain Bagel with Cream Cheese,3.4,1,3.4,Credit Card,1224
1343,2025-02-21,08:47:27,4,Airport Terminal 2,106,Coffee,Cappuccino,Cappuccino - Regular,3.65,1,3.65,Credit Card,1445
1344,2025-02-21,09:08:25,1,Downtown,107,Coffee,Cold Brew,Cold Brew - Regular,3.95,1,3.95,Mobile Pay,1169
1345,2025-02-21,18:42:17,2,Riverside Mall,107,Coffee,Cold Brew,Cold Brew - Regular,3.95,1,3.95,Credit Card,1250
1346,2025-02-21,15:49:56,2,Riverside Mall,111,Tea,Chai,Chai Latte - Regular,3.85,1,3.85,Mobile Pay,1371
1347,2025-02-21,08:06:50,4,Airport Terminal 2,105,Coffee,Latte,Latte - Large,4.25,1,4.25,Credit Card,1079
1348,2025-02-21,07:53:21,1,Downtown,108,Coffee,Cold Brew,Cold Brew - Large,4.45,1,4.45,Credit Card,1305
1349,2025-02-21,09:31:05,4,Airport Terminal 2,116,Pastry,Scone,Cranberry Scone,2.95,2,5.9,Credit Card,1126
1350,2025-02-21,09:49:07,5,Lakeside Plaza,106,Coffee,Cappuccino,Cappuccino - Regular,3.65,3,10.95,Credit Card,1358
1351,2025-02-21,12:50:51,4,Airport Terminal 2,107,Coffee,Cold Brew,Cold Brew - Regular,3.95,1,3.95,Credit Card,1373
1352,2025-02-21,19:37:40,2,Riverside Mall,107,Coffee,Cold Brew,Cold Brew - Regular,3.95,2,7.9,Cash,1117
1353,2025-02-21,09:12:59,4,Airport Terminal 2,102,Coffee,Brewed Coffee,Brewed Coffee - Large,2.95,1,2.95,Credit Card,1009
1354,2025-02-21,11:33:19,1,Downtown,102,Coffee,Brewed Coffee,Brewed Coffee - Large,2.95,2,5.9,Credit Card,1118
1355,2025-02-21,07:27:41,4,Airport Terminal 2,116,Pastry,Scone,Cranberry Scone,2.95,1,2.95,Credit Card,1056
1356,2025-02-22,09:57:03,3,Uptown,114,Bakery,Bagel,Plain Bagel with Cream Cheese,3.4,1,3.4,Cash,1000
1357,2025-02-22,09:17:58,3,Uptown,107,Coffee,Cold Brew,Cold Brew - Regular,3.95,2,7.9,Cash,1220
1358,2025-02-22,10:07:06,4,Airport Terminal 2,112,Bakery,Croissant,Butter Croissant,3.25,2,6.5,Credit Card,1349
1359,2025-02-22,11:51:23,2,Riverside Mall,111,Tea,Chai,Chai Latte - Regular,3.85,2,7.7,Credit Card,1301
1360,2025-02-22,14:13:37,3,Uptown,108,Coffee,Cold Brew,Cold Brew - Large,4.45,1,4.45,Cash,1054
1361,2025-02-22,07:58:56,5,Lakeside Plaza,104,Coffee,Latte,Latte - Regular,3.75,2,7.5,Cash,1097
1362,2025-02-22,07:34:39,4,Airport Terminal 2,104,Coffee,Latte,Latte - Regular,3.75,1,3.75,Credit Card,1371
1363,2025-02-22,15:02:08,2,Riverside Mall,118,Merchandise,Mug,Branded Ceramic Mug,9.99,1,9.99,Credit Card,1281
1364,2025-02-22,17:28:40,5,Lakeside Plaza,112,Bakery,Croissant,Butter Croissant,3.25,2,6.5,Cash,1223
1365,2025-02-22,18:32:50,4,Airport Terminal 2,117,Merchandise,Bag,Coffee Beans - 12oz Bag,12.5,1,12.5,Credit Card,1306
1366,2025-02-22,07:36:03,2,Riverside Mall,110,Tea,Brewed Tea,Earl Grey,2.75,2,5.5,Cash,1355
1367,2025-02-22,15:55:32,4,Airport Terminal 2,116,Pastry,Scone,Cranberry Scone,2.95,4,11.8,Credit Card,1084
1368,2025-02-22,13:24:25,5,Lakeside Plaza,113,Bakery,Muffin,Blueberry Muffin,3.1,2,6.2,Cash,1105
1369,2025-02-22,14:00:56,2,Riverside Mall,107,Coffee,Cold Brew,Cold Brew - Regular,3.95,3,11.85,Credit Card,1262
1370,2025-02-22,10:14:18,5,Lakeside Plaza,109,Tea,Brewed Tea,Green Tea,2.75,2,5.5,Cash,1282
1371,2025-02-22,13:18:02,2,Riverside Mall,102,Coffee,Brewed Coffee,Brewed Coffee - Large,2.95,2,5.9,Mobile Pay,1142
1372,2025-02-22,14:15:52,3,Uptown,102,Coffee,Brewed Coffee,Brewed Coffee - Large,2.95,1,2.95,Cash,1059
1373,2025-02-22,10:45:56,3,Uptown,112,Bakery,Croissant,Butter Croissant,3.25,1,3.25,Cash,1369
1374,2025-02-22,10:03:40,5,Lakeside Plaza,110,Tea,Brewed Tea,Earl Grey,2.75,2,5.5,Credit Card,1421
1375,2025-02-22,09:01:34,3,Uptown,106,Coffee,Cappuccino,Cappuccino - Regular,3.65,2,7.3,Mobile Pay,1444
1376,2025-02-22,15:44:24,5,Lakeside Plaza,104,Coffee,Latte,Latte - Regular,3.75,3,11.25,Mobile Pay,1131
1377,2025-02-22,08:28:14,5,Lakeside Plaza,118,Merchandise,Mug,Branded Ceramic Mug,9.99,1,9.99,Credit Card,1104
1378,2025-02-23,12:46:46,4,Airport Terminal 2,105,Coffee,Latte,Latte - Large,4.25,1,4.25,Mobile Pay,1075
1379,2025-02-23,08:11:52,1,Downtown,116,Pastry,Scone,Cranberry Scone,2.95,3,8.85,Credit Card,1096
1380,2025-02-23,06:10:56,2,Riverside Mall,110,Tea,Brewed Tea,Earl Grey,2.75,1,2.75,Credit Card,1201
1381,2025-02-23,08:27:15,2,Riverside Mall,103,Coffee,Espresso,Espresso Shot,2.2,1,2.2,Mobile Pay,1330
1382,2025-02-23,08:48:51,1,Downtown,117,Merchandise,Bag,Coffee Beans - 12oz Bag,12.5,1,12.5,Credit Card,1051
1383,2025-02-23,16:48:53,1,Downtown,104,Coffee,Latte,Latte - Regular,3.75,2,7.5,Cash,1022
1384,2025-02-23,08:40:38,1,Downtown,109,Tea,Brewed Tea,Green Tea,2.75,1,2.75,Mobile Pay,1004
1385,2025-02-23,15:21:54,1,Downtown,118,Merchandise,Mug,Branded Ceramic Mug,9.99,2,19.98,Cash,1103
1386,2025-02-23,16:19:21,5,Lakeside Plaza,115,Pastry,Cookie,Chocolate Chip Cookie,2.1,1,2.1,Cash,1124
1387,2025-02-23,08:52:02,3,Uptown,118,Merchandise,Mug,Branded Ceramic Mug,9.99,1,9.99,Cash,1151
1388,2025-02-23,06:14:01,4,Airport Terminal 2,105,Coffee,Latte,Latte - Large,4.25,1,4.25,Cash,1197
1389,2025-02-23,17:43:24,3,Uptown,108,Coffee,Cold Brew,Cold Brew - Large,4.45,2,8.9,Mobile Pay,1366
1390,2025-02-23,08:07:14,1,Downtown,116,Pastry,Scone,Cranberry Scone,2.95,1,2.95,Credit Card,1144
1391,2025-02-23,08:59:59,5,Lakeside Plaza,111,Tea,Chai,Chai Latte - Regular,3.85,3,11.55,Credit Card,1022
1392,2025-02-23,13:38:11,2,Riverside Mall,114,Bakery,Bagel,Plain Bagel with Cream Cheese,3.4,2,6.8,Mobile Pay,1076
1393,2025-02-23,10:06:17,3,Uptown,110,Tea,Brewed Tea,Earl Grey,2.75,3,8.25,Credit Card,1338
1394,2025-02-23,16:55:59,3,Uptown,103,Coffee,Espresso,Espresso Shot,2.2,4,8.8,Credit Card,1398
1395,2025-02-23,11:46:50,3,Uptown,105,Coffee,Latte,Latte - Large,4.25,2,8.5,Mobile Pay,1244
1396,2025-02-23,18:17:09,1,Downtown,114,Bakery,Bagel,Plain Bagel with Cream Cheese,3.4,1,3.4,Cash,1065
1397,2025-02-23,10:27:30,4,Airport Terminal 2,112,Bakery,Croissant,Butter Croissant,3.25,2,6.5,Credit Card,1211
1398,2025-02-23,16:41:58,3,Uptown,105,Coffee,Latte,Latte - Large,4.25,1,4.25,Credit Card,1214
1399,2025-02-23,13:34:52,5,Lakeside Plaza,118,Merchandise,Mug,Branded Ceramic Mug,9.99,1,9.99,Credit Card,1042
1400,2025-02-23,14:44:51,4,Airport Terminal 2,117,Merchandise,Bag,Coffee Beans - 12oz Bag,12.5,2,25.0,Cash,1359
1401,2025-02-23,08:54:01,3,Uptown,101,Coffee,Brewed Coffee,Brewed Coffee - Regular,2.5,1,2.5,Mobile Pay,1242
1402,2025-02-23,17:23:54,1,Downtown,102,Coffee,Brewed Coffee,Brewed Coffee - Large,2.95,2,5.9,Mobile Pay,1398
1403,2025-02-23,08:54:35,3,Uptown,115,Pastry,Cookie,Chocolate Chip Cookie,2.1,4,8.4,Credit Card,1215
1404,2025-02-23,15:07:44,2,Riverside Mall,102,Coffee,Brewed Coffee,Brewed Coffee - Large,2.95,2,5.9,Credit Card,1193
1405,2025-02-23,07:06:42,4,Airport Terminal 2,112,Bakery,Croissant,Butter Croissant,3.25,1,3.25,Mobile Pay,1244
1406,2025-02-23,08:09:05,2,Riverside Mall,101,Coffee,Brewed Coffee,Brewed Coffee - Regular,2.5,1,2.5,Credit Card,1006
1407,2025-02-23,15:30:47,4,Airport Terminal 2,105,Coffee,Latte,Latte - Large,4.25,1,4.25,Credit Card,1270
1408,2025-02-24,15:28:50,4,Airport Terminal 2,114,Bakery,Bagel,Plain Bagel with Cream Cheese,3.4,2,6.8,Credit Card,1006
1409,2025-02-24,17:02:38,2,Riverside Mall,102,Coffee,Brewed Coffee,Brewed Coffee - Large,2.95,2,5.9,Cash,1257
1410,2025-02-24,15:56:29,4,Airport Terminal 2,114,Bakery,Bagel,Plain Bagel with Cream Cheese,3.4,1,3.4,Credit Card,1424
1411,2025-02-24,10:14:27,5,Lakeside Plaza,117,Merchandise,Bag,Coffee Beans - 12oz Bag,12.5,3,37.5,Mobile Pay,1139
1412,2025-02-24,19:08:47,5,Lakeside Plaza,113,Bakery,Muffin,Blueberry Muffin,3.1,1,3.1,Cash,1316
1413,2025-02-24,16:35:38,4,Airport Terminal 2,106,Coffee,Cappuccino,Cappuccino - Regular,3.65,2,7.3,Credit Card,1418
1414,2025-02-24,14:25:52,4,Airport Terminal 2,111,Tea,Chai,Chai Latte - Regular,3.85,1,3.85,Mobile Pay,1027
1415,2025-02-24,09:06:04,4,Airport Terminal 2,107,Coffee,Cold Brew,Cold Brew - Regular,3.95,1,3.95,Mobile Pay,1398
1416,2025-02-24,09:34:06,1,Downtown,108,Coffee,Cold Brew,Cold Brew - Large,4.45,1,4.45,Cash,1305
1417,2025-02-24,13:40:59,3,Uptown,107,Coffee,Cold Brew,Cold Brew - Regular,3.95,1,3.95,Cash,1137
1418,2025-02-24,13:50:30,5,Lakeside Plaza,102,Coffee,Brewed Coffee,Brewed Coffee - Large,2.95,1,2.95,Cash,1161
1419,2025-02-24,19:48:18,3,Uptown,101,Coffee,Brewed Coffee,Brewed Coffee - Regular,2.5,4,10.0,Cash,1256
1420,2025-02-24,19:44:43,4,Airport Terminal 2,112,Bakery,Croissant,Butter Croissant,3.25,1,3.25,Mobile Pay,1208
1421,2025-02-24,13:49:09,5,Lakeside Plaza,104,Coffee,Latte,Latte - Regular,3.75,1,3.75,Credit Card,1407
1422,2025-02-24,09:09:43,5,Lakeside Plaza,102,Coffee,Brewed Coffee,Brewed Coffee - Large,2.95,1,2.95,Cash,1320
1423,2025-02-24,16:41:09,2,Riverside Mall,107,Coffee,Cold Brew,Cold Brew - Regular,3.95,2,7.9,Mobile Pay,1082
1424,2025-02-24,19:38:41,5,Lakeside Plaza,117,Merchandise,Bag,Coffee Beans - 12oz Bag,12.5,1,12.5,Credit Card,1393
1425,2025-02-24,09:39:54,2,Riverside Mall,111,Tea,Chai,Chai Latte - Regular,3.85,3,11.55,Mobile Pay,1020
1426,2025-02-24,08:39:38,4,Airport Terminal 2,108,Coffee,Cold Brew,Cold Brew - Large,4.45,1,4.45,Credit Card,1078
1427,2025-02-24,16:09:49,4,Airport Terminal 2,104,Coffee,Latte,Latte - Regular,3.75,3,11.25,Mobile Pay,1280
1428,2025-02-24,07:20:10,1,Downtown,116,Pastry,Scone,Cranberry Scone,2.95,3,8.85,Cash,1082
1429,2025-02-24,10:04:11,5,Lakeside Plaza,112,Bakery,Croissant,Butter Croissant,3.25,2,6.5,Credit Card,1235
1430,2025-02-25,14:08:07,3,Uptown,115,Pastry,Cookie,Chocolate Chip Cookie,2.1,4,8.4,Cash,1249
1431,2025-02-25,11:39:58,3,Uptown,113,Bakery,Muffin,Blueberry Muffin,3.1,2,6.2,Credit Card,1225
1432,2025-02-25,11:43:26,5,Lakeside Plaza,111,Tea,Chai,Chai Latte - Regular,3.85,1,3.85,Mobile Pay,1134
1433,2025-02-25,15:15:44,1,Downtown,102,Coffee,Brewed Coffee,Brewed Coffee - Large,2.95,2,5.9,Cash,1004
1434,2025-02-25,11:36:25,1,Downtown,110,Tea,Brewed Tea,Earl Grey,2.75,3,8.25,Credit Card,1114
1435,2025-02-25,10:29:41,4,Airport Terminal 2,103,Coffee,Espresso,Espresso Shot,2.2,1,2.2,Credit Card,1418
1436,2025-02-25,15:58:59,1,Downtown,106,Coffee,Cappuccino,Cappuccino - Regular,3.65,1,3.65,Cash,1221
1437,2025-02-25,10:38:31,3,Uptown,103,Coffee,Espresso,Espresso Shot,2.2,1,2.2,Credit Card,1379
1438,2025-02-25,07:09:30,3,Uptown,115,Pastry,Cookie,Chocolate Chip Cookie,2.1,1,2.1,Credit Card,1109
1439,2025-02-25,07:51:23,1,Downtown,113,Bakery,Muffin,Blueberry Muffin,3.1,2,6.2,Credit Card,1242
1440,2025-02-25,18:43:27,2,Riverside Mall,101,Coffee,Brewed Coffee,Brewed Coffee - Regular,2.5,1,2.5,Cash,1325
1441,2025-02-25,09:05:19,2,Riverside Mall,103,Coffee,Espresso,Espresso Shot,2.2,3,6.6,Mobile Pay,1231
1442,2025-02-25,14:16:11,5,Lakeside Plaza,107,Coffee,Cold Brew,Cold Brew - Regular,3.95,2,7.9,Mobile Pay,1047
1443,2025-02-25,18:19:10,4,Airport Terminal 2,111,Tea,Chai,Chai Latte - Regular,3.85,1,3.85,Credit Card,1214
1444,2025-02-25,18:27:22,5,Lakeside Plaza,106,Coffee,Cappuccino,Cappuccino - Regular,3.65,3,10.95,Credit Card,1292
1445,2025-02-25,15:38:12,1,Downtown,118,Merchandise,Mug,Branded Ceramic Mug,9.99,1,9.99,Credit Card,1341
1446,2025-02-25,14:52:46,2,Riverside Mall,111,Tea,Chai,Chai Latte - Regular,3.85,2,7.7,Credit Card,1377
1447,2025-02-25,17:59:09,1,Downtown,105,Coffee,Latte,Latte - Large,4.25,1,4.25,Cash,1162
1448,2025-02-25,13:00:28,4,Airport Terminal 2,109,Tea,Brewed Tea,Green Tea,2.75,3,8.25,Cash,1438
1449,2025-02-25,07:47:12,4,Airport Terminal 2,104,Coffee,Latte,Latte - Regular,3.75,1,3.75,Mobile Pay,1279
1450,2025-02-25,09:13:12,5,Lakeside Plaza,113,Bakery,Muffin,Blueberry Muffin,3.1,4,12.4,Mobile Pay,1295
1451,2025-02-25,06:57:19,3,Uptown,112,Bakery,Croissant,Butter Croissant,3.25,1,3.25,Cash,1444
1452,2025-02-25,11:22:22,4,Airport Terminal 2,115,Pastry,Cookie,Chocolate Chip Cookie,2.1,2,4.2,Credit Card,1218
1453,2025-02-25,17:29:27,3,Uptown,104,Coffee,Latte,Latte - Regular,3.75,1,3.75,Credit Card,1283
1454,2025-02-25,11:54:42,5,Lakeside Plaza,114,Bakery,Bagel,Plain Bagel with Cream Cheese,3.4,2,6.8,Credit Card,1223
1455,2025-02-26,19:51:53,5,Lakeside Plaza,104,Coffee,Latte,Latte - Regular,3.75,1,3.75,Cash,1332
1456,2025-02-26,13:48:39,4,Airport Terminal 2,104,Coffee,Latte,Latte - Regular,3.75,3,11.25,Credit Card,1051
1457,2025-02-26,14:54:26,5,Lakeside Plaza,102,Coffee,Brewed Coffee,Brewed Coffee - Large,2.95,1,2.95,Credit Card,1397
1458,2025-02-26,08:30:07,4,Airport Terminal 2,104,Coffee,Latte,Latte - Regular,3.75,1,3.75,Mobile Pay,1406
1459,2025-02-26,06:23:50,4,Airport Terminal 2,113,Bakery,Muffin,Blueberry Muffin,3.1,1,3.1,Credit Card,1145
1460,2025-02-26,16:50:58,3,Uptown,110,Tea,Brewed Tea,Earl Grey,2.75,1,2.75,Cash,1123
1461,2025-02-26,06:09:50,4,Airport Terminal 2,102,Coffee,Brewed Coffee,Brewed Coffee - Large,2.95,1,2.95,Credit Card,1418
1462,2025-02-26,10:36:27,5,Lakeside Plaza,111,Tea,Chai,Chai Latte - Regular,3.85,1,3.85,Cash,1200
1463,2025-02-26,16:36:27,4,Airport Terminal 2,102,Coffee,Brewed Coffee,Brewed Coffee - Large,2.95,1,2.95,Credit Card,1325
1464,2025-02-26,17:33:10,2,Riverside Mall,113,Bakery,Muffin,Blueberry Muffin,3.1,1,3.1,Credit Card,1050
1465,2025-02-26,08:36:50,2,Riverside Mall,117,Merchandise,Bag,Coffee Beans - 12oz Bag,12.5,1,12.5,Credit Card,1390
1466,2025-02-26,08:20:13,3,Uptown,118,Merchandise,Mug,Branded Ceramic Mug,9.99,1,9.99,Credit Card,1013
1467,2025-02-26,06:45:34,5,Lakeside Plaza,105,Coffee,Latte,Latte - Large,4.25,3,12.75,Credit Card,1040
1468,2025-02-26,19:40:40,1,Downtown,105,Coffee,Latte,Latte - Large,4.25,2,8.5,Credit Card,1095
1469,2025-02-26,08:53:15,2,Riverside Mall,110,Tea,Brewed Tea,Earl Grey,2.75,2,5.5,Mobile Pay,1413
1470,2025-02-26,09:59:09,3,Uptown,102,Coffee,Brewed Coffee,Brewed Coffee - Large,2.95,2,5.9,Mobile Pay,1326
1471,2025-02-26,12:38:07,1,Downtown,104,Coffee,Latte,Latte - Regular,3.75,1,3.75,Credit Card,1144
1472,2025-02-26,07:54:23,2,Riverside Mall,103,Coffee,Espresso,Espresso Shot,2.2,3,6.6,Credit Card,1106
1473,2025-02-26,11:31:40,4,Airport Terminal 2,101,Coffee,Brewed Coffee,Brewed Coffee - Regular,2.5,1,2.5,Credit Card,1351
1474,2025-02-26,16:11:19,3,Uptown,115,Pastry,Cookie,Chocolate Chip Cookie,2.1,1,2.1,Credit Card,1091
1475,2025-02-26,08:21:22,5,Lakeside Plaza,102,Coffee,Brewed Coffee,Brewed Coffee - Large,2.95,1,2.95,Credit Card,1314
1476,2025-02-26,13:16:59,1,Downtown,106,Coffee,Cappuccino,Cappuccino - Regular,3.65,1,3.65,Cash,1310
1477,2025-02-26,13:09:13,1,Downtown,117,Merchandise,Bag,Coffee Beans - 12oz Bag,12.5,3,37.5,Mobile Pay,1058
1478,2025-02-26,08:05:46,1,Downtown,111,Tea,Chai,Chai Latte - Regular,3.85,2,7.7,Credit Card,1064
1479,2025-02-26,18:22:45,4,Airport Terminal 2,107,Coffee,Cold Brew,Cold Brew - Regular,3.95,1,3.95,Credit Card,1150
1480,2025-02-26,13:25:59,4,Airport Terminal 2,114,Bakery,Bagel,Plain Bagel with Cream Cheese,3.4,1,3.4,Cash,1088
1481,2025-02-26,08:50:49,3,Uptown,113,Bakery,Muffin,Blueberry Muffin,3.1,1,3.1,Mobile Pay,1084
1482,2025-02-26,17:27:38,4,Airport Terminal 2,114,Bakery,Bagel,Plain Bagel with Cream Cheese,3.4,2,6.8,Credit Card,1417
1483,2025-02-26,12:36:22,1,Downtown,113,Bakery,Muffin,Blueberry Muffin,3.1,1,3.1,Mobile Pay,1323
1484,2025-02-27,18:16:37,2,Riverside Mall,102,Coffee,Brewed Coffee,Brewed Coffee - Large,2.95,1,2.95,Mobile Pay,1309
1485,2025-02-27,11:07:11,5,Lakeside Plaza,112,Bakery,Croissant,Butter Croissant,3.25,2,6.5,Mobile Pay,1219
1486,2025-02-27,07:42:23,3,Uptown,108,Coffee,Cold Brew,Cold Brew - Large,4.45,1,4.45,Credit Card,1399
1487,2025-02-27,15:45:21,1,Downtown,111,Tea,Chai,Chai Latte - Regular,3.85,1,3.85,Mobile Pay,1290
1488,2025-02-27,07:18:38,2,Riverside Mall,118,Merchandise,Mug,Branded Ceramic Mug,9.99,1,9.99,Cash,1111
1489,2025-02-27,14:41:26,3,Uptown,103,Coffee,Espresso,Espresso Shot,2.2,2,4.4,Credit Card,1222
1490,2025-02-27,08:51:31,3,Uptown,107,Coffee,Cold Brew,Cold Brew - Regular,3.95,1,3.95,Credit Card,1140
1491,2025-02-27,08:20:37,1,Downtown,115,Pastry,Cookie,Chocolate Chip Cookie,2.1,1,2.1,Cash,1295
1492,2025-02-27,17:18:08,1,Downtown,101,Coffee,Brewed Coffee,Brewed Coffee - Regular,2.5,2,5.0,Cash,1206
1493,2025-02-27,07:41:01,5,Lakeside Plaza,117,Merchandise,Bag,Coffee Beans - 12oz Bag,12.5,1,12.5,Mobile Pay,1048
1494,2025-02-27,09:48:22,4,Airport Terminal 2,110,Tea,Brewed Tea,Earl Grey,2.75,1,2.75,Mobile Pay,1284
1495,2025-02-27,11:44:29,4,Airport Terminal 2,102,Coffee,Brewed Coffee,Brewed Coffee - Large,2.95,1,2.95,Mobile Pay,1328
1496,2025-02-27,18:06:01,1,Downtown,112,Bakery,Croissant,Butter Croissant,3.25,1,3.25,Cash,1422
1497,2025-02-27,16:46:27,1,Downtown,111,Tea,Chai,Chai Latte - Regular,3.85,1,3.85,Cash,1045
1498,2025-02-27,19:59:44,3,Uptown,118,Merchandise,Mug,Branded Ceramic Mug,9.99,3,29.97,Mobile Pay,1132
1499,2025-02-27,07:19:04,1,Downtown,104,Coffee,Latte,Latte - Regular,3.75,1,3.75,Credit Card,1352
1500,2025-02-27,15:59:08,4,Airport Terminal 2,109,Tea,Brewed Tea,Green Tea,2.75,1,2.75,Cash,1061
1501,2025-02-27,14:42:07,2,Riverside Mall,114,Bakery,Bagel,Plain Bagel with Cream Cheese,3.4,1,3.4,Credit Card,1123
1502,2025-02-27,10:46:30,4,Airport Terminal 2,109,Tea,Brewed Tea,Green Tea,2.75,1,2.75,Mobile Pay,1135
1503,2025-02-27,13:55:15,1,Downtown,112,Bakery,Croissant,Butter Croissant,3.25,2,6.5,Mobile Pay,1376
1504,2025-02-27,19:03:13,1,Downtown,103,Coffee,Espresso,Espresso Shot,2.2,1,2.2,Credit Card,1110
1505,2025-02-27,13:21:13,4,Airport Terminal 2,107,Coffee,Cold Brew,Cold Brew - Regular,3.95,2,7.9,Credit Card,1389
1506,2025-02-27,15:41:09,3,Uptown,110,Tea,Brewed Tea,Earl Grey,2.75,2,5.5,Mobile Pay,1054
1507,2025-02-27,11:28:55,2,Riverside Mall,112,Bakery,Croissant,Butter Croissant,3.25,2,6.5,Mobile Pay,1103
1508,2025-02-27,09:10:43,2,Riverside Mall,103,Coffee,Espresso,Espresso Shot,2.2,1,2.2,Credit Card,1445
1509,2025-02-28,17:47:07,2,Riverside Mall,115,Pastry,Cookie,Chocolate Chip Cookie,2.1,1,2.1,Cash,1235
1510,2025-02-28,14:28:22,1,Downtown,116,Pastry,Scone,Cranberry Scone,2.95,1,2.95,Cash,1281
1511,2025-02-28,08:32:27,4,Airport Terminal 2,107,Coffee,Cold Brew,Cold Brew - Regular,3.95,1,3.95,Credit Card,1027
1512,2025-02-28,07:24:46,3,Uptown,104,Coffee,Latte,Latte - Regular,3.75,3,11.25,Credit Card,1099
1513,2025-02-28,14:33:38,4,Airport Terminal 2,106,Coffee,Cappuccino,Cappuccino - Regular,3.65,1,3.65,Cash,1221
1514,2025-02-28,18:14:07,1,Downtown,108,Coffee,Cold Brew,Cold Brew - Large,4.45,1,4.45,Credit Card,1018
1515,2025-02-28,13:17:14,2,Riverside Mall,103,Coffee,Espresso,Espresso Shot,2.2,3,6.6,Credit Card,1358
1516,2025-02-28,08:46:52,4,Airport Terminal 2,113,Bakery,Muffin,Blueberry Muffin,3.1,3,9.3,Credit Card,1137
1517,2025-02-28,10:18:45,2,Riverside Mall,107,Coffee,Cold Brew,Cold Brew - Regular,3.95,1,3.95,Cash,1375
1518,2025-02-28,17:39:30,2,Riverside Mall,117,Merchandise,Bag,Coffee Beans - 12oz Bag,12.5,2,25.0,Mobile Pay,1436
1519,2025-02-28,10:04:10,2,Riverside Mall,106,Coffee,Cappuccino,Cappuccino - Regular,3.65,1,3.65,Cash,1233
1520,2025-02-28,12:01:11,1,Downtown,116,Pastry,Scone,Cranberry Scone,2.95,4,11.8,Cash,1039
1521,2025-02-28,18:37:00,1,Downtown,112,Bakery,Croissant,Butter Croissant,3.25,1,3.25,Credit Card,1126
1522,2025-02-28,13:18:53,1,Downtown,101,Coffee,Brewed Coffee,Brewed Coffee - Regular,2.5,1,2.5,Cash,1257
1523,2025-02-28,07:51:47,2,Riverside Mall,104,Coffee,Latte,Latte - Regular,3.75,1,3.75,Credit Card,1251
1524,2025-02-28,14:16:23,5,Lakeside Plaza,109,Tea,Brewed Tea,Green Tea,2.75,1,2.75,Credit Card,1423
1525,2025-02-28,15:54:55,3,Uptown,117,Merchandise,Bag,Coffee Beans - 12oz Bag,12.5,3,37.5,Credit Card,1305
1526,2025-02-28,15:01:09,3,Uptown,117,Merchandise,Bag,Coffee Beans - 12oz Bag,12.5,4,50.0,Credit Card,1438
1527,2025-02-28,13:15:36,2,Riverside Mall,112,Bakery,Croissant,Butter Croissant,3.25,2,6.5,Credit Card,1220
1528,2025-03-01,17:24:40,1,Downtown,107,Coffee,Cold Brew,Cold Brew - Regular,3.95,1,3.95,Mobile Pay,1140
1529,2025-03-01,19:56:33,5,Lakeside Plaza,115,Pastry,Cookie,Chocolate Chip Cookie,2.1,1,2.1,Credit Card,1347
1530,2025-03-01,14:17:19,3,Uptown,113,Bakery,Muffin,Blueberry Muffin,3.1,1,3.1,Credit Card,1296
1531,2025-03-01,12:29:36,3,Uptown,104,Coffee,Latte,Latte - Regular,3.75,4,15.0,Credit Card,1405
1532,2025-03-01,13:43:09,1,Downtown,101,Coffee,Brewed Coffee,Brewed Coffee - Regular,2.5,1,2.5,Credit Card,1076
1533,2025-03-01,14:19:31,3,Uptown,118,Merchandise,Mug,Branded Ceramic Mug,9.99,1,9.99,Credit Card,1409
1534,2025-03-01,09:52:37,4,Airport Terminal 2,102,Coffee,Brewed Coffee,Brewed Coffee - Large,2.95,1,2.95,Credit Card,1250
1535,2025-03-01,14:00:03,4,Airport Terminal 2,112,Bakery,Croissant,Butter Croissant,3.25,1,3.25,Mobile Pay,1179
1536,2025-03-01,08:05:45,5,Lakeside Plaza,118,Merchandise,Mug,Branded Ceramic Mug,9.99,1,9.99,Cash,1375
1537,2025-03-01,09:02:30,5,Lakeside Plaza,103,Coffee,Espresso,Espresso Shot,2.2,3,6.6,Mobile Pay,1127
1538,2025-03-01,11:57:06,4,Airport Terminal 2,114,Bakery,Bagel,Plain Bagel with Cream Cheese,3.4,3,10.2,Credit Card,1154
1539,2025-03-01,15:20:51,2,Riverside Mall,114,Bakery,Bagel,Plain Bagel with Cream Cheese,3.4,1,3.4,Mobile Pay,1349
1540,2025-03-01,12:12:19,3,Uptown,105,Coffee,Latte,Latte - Large,4.25,1,4.25,Credit Card,1152
1541,2025-03-01,08:50:56,4,Airport Terminal 2,118,Merchandise,Mug,Branded Ceramic Mug,9.99,2,19.98,Cash,1049
1542,2025-03-01,13:43:45,4,Airport Terminal 2,111,Tea,Chai,Chai Latte - Regular,3.85,1,3.85,Credit Card,1181
1543,2025-03-01,12:58:35,4,Airport Terminal 2,114,Bakery,Bagel,Plain Bagel with Cream Cheese,3.4,1,3.4,Credit Card,1392
1544,2025-03-01,16:37:32,2,Riverside Mall,110,Tea,Brewed Tea,Earl Grey,2.75,1,2.75,Credit Card,1317
1545,2025-03-01,07:54:25,5,Lakeside Plaza,110,Tea,Brewed Tea,Earl Grey,2.75,1,2.75,Cash,1343
1546,2025-03-01,16:05:03,5,Lakeside Plaza,115,Pastry,Cookie,Chocolate Chip Cookie,2.1,1,2.1,Cash,1332
1547,2025-03-01,16:36:30,5,Lakeside Plaza,104,Coffee,Latte,Latte - Regular,3.75,2,7.5,Cash,1442
1548,2025-03-01,15:03:44,5,Lakeside Plaza,117,Merchandise,Bag,Coffee Beans - 12oz Bag,12.5,1,12.5,Credit Card,1073
1549,2025-03-01,09:43:40,4,Airport Terminal 2,105,Coffee,Latte,Latte - Large,4.25,3,12.75,Credit Card,1154
1550,2025-03-01,14:12:07,1,Downtown,116,Pastry,Scone,Cranberry Scone,2.95,1,2.95,Credit Card,1078
1551,2025-03-01,07:13:06,1,Downtown,117,Merchandise,Bag,Coffee Beans - 12oz Bag,12.5,1,12.5,Credit Card,1426
1552,2025-03-01,17:19:25,4,Airport Terminal 2,102,Coffee,Brewed Coffee,Brewed Coffee - Large,2.95,1,2.95,Mobile Pay,1094
1553,2025-03-01,16:43:28,5,Lakeside Plaza,109,Tea,Brewed Tea,Green Tea,2.75,3,8.25,Cash,1315
1554,2025-03-01,08:52:47,2,Riverside Mall,101,Coffee,Brewed Coffee,Brewed Coffee - Regular,2.5,2,5.0,Credit Card,1087
1555,2025-03-01,12:18:18,5,Lakeside Plaza,107,Coffee,Cold Brew,Cold Brew - Regular,3.95,2,7.9,Credit Card,1301
1556,2025-03-01,11:51:06,3,Uptown,113,Bakery,Muffin,Blueberry Muffin,3.1,1,3.1,Credit Card,1416
1557,2025-03-02,08:24:00,3,Uptown,115,Pastry,Cookie,Chocolate Chip Cookie,2.1,1,2.1,Credit Card,1017
1558,2025-03-02,07:58:22,5,Lakeside Plaza,115,Pastry,Cookie,Chocolate Chip Cookie,2.1,4,8.4,Mobile Pay,1239
1559,2025-03-02,06:10:22,4,Airport Terminal 2,109,Tea,Brewed Tea,Green Tea,2.75,1,2.75,Credit Card,1440
1560,2025-03-02,11:04:11,3,Uptown,117,Merchandise,Bag,Coffee Beans - 12oz Bag,12.5,2,25.0,Credit Card,1180
1561,2025-03-02,12:54:50,5,Lakeside Plaza,111,Tea,Chai,Chai Latte - Regular,3.85,1,3.85,Mobile Pay,1401
1562,2025-03-02,07:53:41,3,Uptown,113,Bakery,Muffin,Blueberry Muffin,3.1,1,3.1,Credit Card,1241
1563,2025-03-02,15:33:16,2,Riverside Mall,117,Merchandise,Bag,Coffee Beans - 12oz Bag,12.5,1,12.5,Credit Card,1165
1564,2025-03-02,14:53:25,5,Lakeside Plaza,112,Bakery,Croissant,Butter Croissant,3.25,1,3.25,Mobile Pay,1015
1565,2025-03-02,07:06:31,2,Riverside Mall,108,Coffee,Cold Brew,Cold Brew - Large,4.45,3,13.35,Credit Card,1243
1566,2025-03-02,08:56:11,2,Riverside Mall,108,Coffee,Cold Brew,Cold Brew - Large,4.45,2,8.9,Mobile Pay,1196
1567,2025-03-02,07:16:07,4,Airport Terminal 2,103,Coffee,Espresso,Espresso Shot,2.2,1,2.2,Cash,1383
1568,2025-03-02,17:20:06,3,Uptown,101,Coffee,Brewed Coffee,Brewed Coffee - Regular,2.5,2,5.0,Cash,1193
1569,2025-03-02,08:16:31,5,Lakeside Plaza,118,Merchandise,Mug,Branded Ceramic Mug,9.99,1,9.99,Credit Card,1146
1570,2025-03-02,16:51:50,2,Riverside Mall,114,Bakery,Bagel,Plain Bagel with Cream Cheese,3.4,1,3.4,Cash,1298
1571,2025-03-02,07:08:57,1,Downtown,107,Coffee,Cold Brew,Cold Brew - Regular,3.95,1,3.95,Credit Card,1396
1572,2025-03-02,10:43:46,5,Lakeside Plaza,103,Coffee,Espresso,Espresso Shot,2.2,4,8.8,Credit Card,1372
1573,2025-03-02,16:36:52,4,Airport Terminal 2,107,Coffee,Cold Brew,Cold Brew - Regular,3.95,1,3.95,Credit Card,1180
1574,2025-03-02,16:28:27,5,Lakeside Plaza,105,Coffee,Latte,Latte - Large,4.25,2,8.5,Cash,1447
1575,2025-03-03,09:07:31,2,Riverside Mall,117,Merchandise,Bag,Coffee Beans - 12oz Bag,12.5,1,12.5,Credit Card,1307
1576,2025-03-03,16:18:59,1,Downtown,108,Coffee,Cold Brew,Cold Brew - Large,4.45,2,8.9,Credit Card,1199
1577,2025-03-03,18:04:34,1,Downtown,106,Coffee,Cappuccino,Cappuccino - Regular,3.65,1,3.65,Credit Card,1436
1578,2025-03-03,10:39:03,5,Lakeside Plaza,117,Merchandise,Bag,Coffee Beans - 12oz Bag,12.5,1,12.5,Credit Card,1056
1579,2025-03-03,07:26:16,3,Uptown,101,Coffee,Brewed Coffee,Brewed Coffee - Regular,2.5,1,2.5,Cash,1391
1580,2025-03-03,16:21:59,2,Riverside Mall,118,Merchandise,Mug,Branded Ceramic Mug,9.99,2,19.98,Cash,1449
1581,2025-03-03,16:36:57,4,Airport Terminal 2,103,Coffee,Espresso,Espresso Shot,2.2,2,4.4,Mobile Pay,1427
1582,2025-03-03,19:26:38,1,Downtown,112,Bakery,Croissant,Butter Croissant,3.25,2,6.5,Mobile Pay,1041
1583,2025-03-03,09:02:06,4,Airport Terminal 2,105,Coffee,Latte,Latte - Large,4.25,1,4.25,Credit Card,1259
1584,2025-03-03,12:50:54,3,Uptown,114,Bakery,Bagel,Plain Bagel with Cream Cheese,3.4,3,10.2,Cash,1116
1585,2025-03-03,15:51:12,1,Downtown,101,Coffee,Brewed Coffee,Brewed Coffee - Regular,2.5,1,2.5,Credit Card,1440
1586,2025-03-03,12:24:49,1,Downtown,118,Merchandise,Mug,Branded Ceramic Mug,9.99,1,9.99,Credit Card,1064
1587,2025-03-03,08:28:07,4,Airport Terminal 2,118,Merchandise,Mug,Branded Ceramic Mug,9.99,3,29.97,Credit Card,1188
1588,2025-03-03,17:15:14,3,Uptown,114,Bakery,Bagel,Plain Bagel with Cream Cheese,3.4,1,3.4,Credit Card,1005
1589,2025-03-03,19:00:55,5,Lakeside Plaza,102,Coffee,Brewed Coffee,Brewed Coffee - Large,2.95,2,5.9,Cash,1416
1590,2025-03-03,12:18:02,1,Downtown,105,Coffee,Latte,Latte - Large,4.25,1,4.25,Credit Card,1308
1591,2025-03-03,08:25:30,2,Riverside Mall,110,Tea,Brewed Tea,Earl Grey,2.75,2,5.5,Cash,1336
1592,2025-03-03,08:45:47,3,Uptown,118,Merchandise,Mug,Branded Ceramic Mug,9.99,2,19.98,Credit Card,1439
1593,2025-03-03,15:18:55,3,Uptown,112,Bakery,Croissant,Butter Croissant,3.25,2,6.5,Mobile Pay,1269
1594,2025-03-04,08:22:57,5,Lakeside Plaza,117,Merchandise,Bag,Coffee Beans - 12oz Bag,12.5,1,12.5,Credit Card,1318
1595,2025-03-04,17:53:33,1,Downtown,107,Coffee,Cold Brew,Cold Brew - Regular,3.95,1,3.95,Credit Card,1379
1596,2025-03-04,15:50:09,1,Downtown,112,Bakery,Croissant,Butter Croissant,3.25,1,3.25,Credit Card,1120
1597,2025-03-04,06:53:02,4,Airport Terminal 2,104,Coffee,Latte,Latte - Regular,3.75,1,3.75,Credit Card,1301
1598,2025-03-04,09:39:24,1,Downtown,102,Coffee,Brewed Coffee,Brewed Coffee - Large,2.95,1,2.95,Credit Card,1441
1599,2025-03-04,09:24:11,4,Airport Terminal 2,102,Coffee,Brewed Coffee,Brewed Coffee - Large,2.95,2,5.9,Cash,1272
1600,2025-03-04,13:22:59,3,Uptown,102,Coffee,Brewed Coffee,Brewed Coffee - Large,2.95,1,2.95,Mobile Pay,1311
1601,2025-03-04,16:37:13,3,Uptown,109,Tea,Brewed Tea,Green Tea,2.75,2,5.5,Credit Card,1174
1602,2025-03-04,16:50:46,5,Lakeside Plaza,114,Bakery,Bagel,Plain Bagel with Cream Cheese,3.4,3,10.2,Cash,1385
1603,2025-03-04,11:46:59,1,Downtown,118,Merchandise,Mug,Branded Ceramic Mug,9.99,2,19.98,Mobile Pay,1439
1604,2025-03-04,12:46:36,5,Lakeside Plaza,115,Pastry,Cookie,Chocolate Chip Cookie,2.1,2,4.2,Cash,1133
1605,2025-03-04,15:59:15,4,Airport Terminal 2,115,Pastry,Cookie,Chocolate Chip Cookie,2.1,1,2.1,Credit Card,1007
1606,2025-03-04,19:49:34,3,Uptown,103,Coffee,Espresso,Espresso Shot,2.2,1,2.2,Credit Card,1292
1607,2025-03-04,11:42:16,5,Lakeside Plaza,109,Tea,Brewed Tea,Green Tea,2.75,2,5.5,Mobile Pay,1414
1608,2025-03-04,10:42:20,1,Downtown,104,Coffee,Latte,Latte - Regular,3.75,2,7.5,Cash,1433
1609,2025-03-04,12:29:02,4,Airport Terminal 2,101,Coffee,Brewed Coffee,Brewed Coffee - Regular,2.5,4,10.0,Credit Card,1245
1610,2025-03-04,11:37:05,5,Lakeside Plaza,107,Coffee,Cold Brew,Cold Brew - Regular,3.95,1,3.95,Credit Card,1312
1611,2025-03-04,08:49:50,1,Downtown,115,Pastry,Cookie,Chocolate Chip Cookie,2.1,1,2.1,Credit Card,1444
1612,2025-03-04,08:39:41,2,Riverside Mall,106,Coffee,Cappuccino,Cappuccino - Regular,3.65,1,3.65,Credit Card,1058
1613,2025-03-04,16:37:20,2,Riverside Mall,117,Merchandise,Bag,Coffee Beans - 12oz Bag,12.5,1,12.5,Credit Card,1367
1614,2025-03-04,06:54:54,3,Uptown,109,Tea,Brewed Tea,Green Tea,2.75,2,5.5,Credit Card,1276
1615,2025-03-04,10:04:32,5,Lakeside Plaza,108,Coffee,Cold Brew,Cold Brew - Large,4.45,1,4.45,Cash,1261
1616,2025-03-04,13:53:52,2,Riverside Mall,111,Tea,Chai,Chai Latte - Regular,3.85,2,7.7,Credit Card,1036
1617,2025-03-05,06:38:50,3,Uptown,105,Coffee,Latte,Latte - Large,4.25,1,4.25,Mobile Pay,1208
1618,2025-03-05,18:18:39,3,Uptown,116,Pastry,Scone,Cranberry Scone,2.95,1,2.95,Cash,1188
1619,2025-03-05,08:13:51,2,Riverside Mall,101,Coffee,Brewed Coffee,Brewed Coffee - Regular,2.5,1,2.5,Mobile Pay,1366
1620,2025-03-05,18:24:53,5,Lakeside Plaza,112,Bakery,Croissant,Butter Croissant,3.25,1,3.25,Credit Card,1336
1621,2025-03-05,18:59:14,4,Airport Terminal 2,103,Coffee,Espresso,Espresso Shot,2.2,1,2.2,Credit Card,1294
1622,2025-03-05,15:54:56,4,Airport Terminal 2,118,Merchandise,Mug,Branded Ceramic Mug,9.99,1,9.99,Credit Card,1026
1623,2025-03-05,12:17:12,5,Lakeside Plaza,117,Merchandise,Bag,Coffee Beans - 12oz Bag,12.5,2,25.0,Mobile Pay,1150
1624,2025-03-05,16:23:14,3,Uptown,108,Coffee,Cold Brew,Cold Brew - Large,4.45,1,4.45,Mobile Pay,1383
1625,2025-03-05,15:56:26,2,Riverside Mall,115,Pastry,Cookie,Chocolate Chip Cookie,2.1,1,2.1,Credit Card,1180
1626,2025-03-05,14:38:14,1,Downtown,112,Bakery,Croissant,Butter Croissant,3.25,1,3.25,Credit Card,1214
1627,2025-03-05,09:58:26,2,Riverside Mall,118,Merchandise,Mug,Branded Ceramic Mug,9.99,2,19.98,Cash,1340
1628,2025-03-05,10:07:05,3,Uptown,110,Tea,Brewed Tea,Earl Grey,2.75,1,2.75,Mobile Pay,1258
1629,2025-03-05,14:49:12,5,Lakeside Plaza,116,Pastry,Scone,Cranberry Scone,2.95,3,8.85,Credit Card,1448
1630,2025-03-05,12:48:35,2,Riverside Mall,104,Coffee,Latte,Latte - Regular,3.75,2,7.5,Credit Card,1240
1631,2025-03-05,16:01:44,2,Riverside Mall,102,Coffee,Brewed Coffee,Brewed Coffee - Large,2.95,1,2.95,Cash,1037
1632,2025-03-05,17:22:08,5,Lakeside Plaza,113,Bakery,Muffin,Blueberry Muffin,3.1,1,3.1,Credit Card,1285
1633,2025-03-05,10:52:57,3,Uptown,104,Coffee,Latte,Latte - Regular,3.75,1,3.75,Credit Card,1311
1634,2025-03-05,15:22:28,1,Downtown,103,Coffee,Espresso,Espresso Shot,2.2,3,6.6,Credit Card,1322
1635,2025-03-05,15:44:08,4,Airport Terminal 2,110,Tea,Brewed Tea,Earl Grey,2.75,2,5.5,Mobile Pay,1370
1636,2025-03-05,08:00:37,5,Lakeside Plaza,103,Coffee,Espresso,Espresso Shot,2.2,1,2.2,Credit Card,1345
1637,2025-03-05,12:32:46,4,Airport Terminal 2,111,Tea,Chai,Chai Latte - Regular,3.85,1,3.85,Cash,1395
1638,2025-03-05,10:36:33,3,Uptown,116,Pastry,Scone,Cranberry Scone,2.95,3,8.85,Credit Card,1296
1639,2025-03-05,10:20:48,4,Airport Terminal 2,110,Tea,Brewed Tea,Earl Grey,2.75,1,2.75,Cash,1073
1640,2025-03-05,13:36:56,2,Riverside Mall,114,Bakery,Bagel,Plain Bagel with Cream Cheese,3.4,2,6.8,Credit Card,1050
1641,2025-03-05,09:31:28,2,Riverside Mall,104,Coffee,Latte,Latte - Regular,3.75,1,3.75,Credit Card,1086
1642,2025-03-05,17:42:17,3,Uptown,104,Coffee,Latte,Latte - Regular,3.75,1,3.75,Credit Card,1105
1643,2025-03-05,06:57:02,5,Lakeside Plaza,106,Coffee,Cappuccino,Cappuccino - Regular,3.65,4,14.6,Credit Card,1276
1644,2025-03-05,13:52:01,2,Riverside Mall,101,Coffee,Brewed Coffee,Brewed Coffee - Regular,2.5,1,2.5,Mobile Pay,1144
1645,2025-03-05,15:33:08,5,Lakeside Plaza,114,Bakery,Bagel,Plain Bagel with Cream Cheese,3.4,2,6.8,Mobile Pay,1151
1646,2025-03-05,17:31:16,1,Downtown,115,Pastry,Cookie,Chocolate Chip Cookie,2.1,1,2.1,Mobile Pay,1070
1647,2025-03-05,16:47:50,1,Downtown,112,Bakery,Croissant,Butter Croissant,3.25,1,3.25,Credit Card,1038
1648,2025-03-05,09:40:47,5,Lakeside Plaza,111,Tea,Chai,Chai Latte - Regular,3.85,1,3.85,Cash,1397
1649,2025-03-06,12:59:45,3,Uptown,102,Coffee,Brewed Coffee,Brewed Coffee - Large,2.95,2,5.9,Cash,1162
1650,2025-03-06,18:40:00,5,Lakeside Plaza,102,Coffee,Brewed Coffee,Brewed Coffee - Large,2.95,1,2.95,Credit Card,1300
1651,2025-03-06,09:09:31,2,Riverside Mall,107,Coffee,Cold Brew,Cold Brew - Regular,3.95,2,7.9,Credit Card,1375
1652,2025-03-06,14:05:33,2,Riverside Mall,107,Coffee,Cold Brew,Cold Brew - Regular,3.95,3,11.85,Credit Card,1383
1653,2025-03-06,13:39:13,4,Airport Terminal 2,103,Coffee,Espresso,Espresso Shot,2.2,2,4.4,Credit Card,1019
1654,2025-03-06,14:15:40,3,Uptown,113,Bakery,Muffin,Blueberry Muffin,3.1,1,3.1,Credit Card,1271
1655,2025-03-06,16:56:18,2,Riverside Mall,110,Tea,Brewed Tea,Earl Grey,2.75,2,5.5,Mobile Pay,1250
1656,2025-03-06,13:18:06,4,Airport Terminal 2,112,Bakery,Croissant,Butter Croissant,3.25,1,3.25,Mobile Pay,1386
1657,2025-03-06,10:42:27,4,Airport Terminal 2,115,Pastry,Cookie,Chocolate Chip Cookie,2.1,1,2.1,Mobile Pay,1237
1658,2025-03-06,15:45:08,1,Downtown,112,Bakery,Croissant,Butter Croissant,3.25,2,6.5,Mobile Pay,1247
1659,2025-03-06,15:01:18,4,Airport Terminal 2,114,Bakery,Bagel,Plain Bagel with Cream Cheese,3.4,1,3.4,Mobile Pay,1110
1660,2025-03-06,13:20:16,4,Airport Terminal 2,102,Coffee,Brewed Coffee,Brewed Coffee - Large,2.95,2,5.9,Credit Card,1210
1661,2025-03-06,11:58:03,4,Airport Terminal 2,114,Bakery,Bagel,Plain Bagel with Cream Cheese,3.4,1,3.4,Credit Card,1372
1662,2025-03-06,12:14:36,1,Downtown,110,Tea,Brewed Tea,Earl Grey,2.75,3,8.25,Credit Card,1274
1663,2025-03-06,08:34:01,1,Downtown,111,Tea,Chai,Chai Latte - Regular,3.85,4,15.4,Mobile Pay,1010
1664,2025-03-06,17:49:49,1,Downtown,111,Tea,Chai,Chai Latte - Regular,3.85,1,3.85,Cash,1335
1665,2025-03-06,13:10:53,2,Riverside Mall,112,Bakery,Croissant,Butter Croissant,3.25,1,3.25,Credit Card,1440
1666,2025-03-06,17:21:26,3,Uptown,106,Coffee,Cappuccino,Cappuccino - Regular,3.65,1,3.65,Credit Card,1375
1667,2025-03-06,16:48:33,1,Downtown,102,Coffee,Brewed Coffee,Brewed Coffee - Large,2.95,1,2.95,Mobile Pay,1203
1668,2025-03-06,09:01:14,1,Downtown,106,Coffee,Cappuccino,Cappuccino - Regular,3.65,2,7.3,Credit Card,1352
1669,2025-03-06,16:24:41,3,Uptown,104,Coffee,Latte,Latte - Regular,3.75,1,3.75,Credit Card,1418
1670,2025-03-06,07:32:46,3,Uptown,103,Coffee,Espresso,Espresso Shot,2.2,2,4.4,Credit Card,1375
1671,2025-03-06,14:09:06,1,Downtown,118,Merchandise,Mug,Branded Ceramic Mug,9.99,2,19.98,Credit Card,1405
1672,2025-03-06,15:27:32,5,Lakeside Plaza,110,Tea,Brewed Tea,Earl Grey,2.75,2,5.5,Credit Card,1154
1673,2025-03-06,09:41:36,2,Riverside Mall,104,Coffee,Latte,Latte - Regular,3.75,1,3.75,Credit Card,1149
1674,2025-03-06,13:30:18,2,Riverside Mall,114,Bakery,Bagel,Plain Bagel with Cream Cheese,3.4,3,10.2,Credit Card,1273
1675,2025-03-06,19:46:25,4,Airport Terminal 2,101,Coffee,Brewed Coffee,Brewed Coffee - Regular,2.5,4,10.0,Credit Card,1390
1676,2025-03-06,09:01:25,1,Downtown,115,Pastry,Cookie,Chocolate Chip Cookie,2.1,2,4.2,Credit Card,1228
1677,2025-03-06,14:21:09,5,Lakeside Plaza,104,Coffee,Latte,Latte - Regular,3.75,2,7.5,Cash,1042
1678,2025-03-07,14:05:09,2,Riverside Mall,116,Pastry,Scone,Cranberry Scone,2.95,1,2.95,Credit Card,1429
1679,2025-03-07,07:31:16,5,Lakeside Plaza,108,Coffee,Cold Brew,Cold Brew - Large,4.45,1,4.45,Credit Card,1379
1680,2025-03-07,10:36:38,2,Riverside Mall,102,Coffee,Brewed Coffee,Brewed Coffee - Large,2.95,1,2.95,Credit Card,1002
1681,2025-03-07,16:34:31,2,Riverside Mall,118,Merchandise,Mug,Branded Ceramic Mug,9.99,1,9.99,Credit Card,1333
1682,2025-03-07,13:54:47,4,Airport Terminal 2,116,Pastry,Scone,Cranberry Scone,2.95,4,11.8,Mobile Pay,1041
1683,2025-03-07,11:48:00,4,Airport Terminal 2,103,Coffee,Espresso,Espresso Shot,2.2,1,2.2,Cash,1383
1684,2025-03-07,16:07:02,2,Riverside Mall,115,Pastry,Cookie,Chocolate Chip Cookie,2.1,3,6.3,Cash,1253
1685,2025-03-07,08:55:35,5,Lakeside Plaza,116,Pastry,Scone,Cranberry Scone,2.95,1,2.95,Credit Card,1004
1686,2025-03-07,15:56:43,4,Airport Terminal 2,110,Tea,Brewed Tea,Earl Grey,2.75,1,2.75,Credit Card,1165
1687,2025-03-07,08:33:43,3,Uptown,106,Coffee,Cappuccino,Cappuccino - Regular,3.65,1,3.65,Mobile Pay,1314
1688,2025-03-07,14:30:29,3,Uptown,117,Merchandise,Bag,Coffee Beans - 12oz Bag,12.5,1,12.5,Mobile Pay,1169
1689,2025-03-07,13:53:30,2,Riverside Mall,106,Coffee,Cappuccino,Cappuccino - Regular,3.65,1,3.65,Cash,1213
1690,2025-03-07,19:00:19,4,Airport Terminal 2,103,Coffee,Espresso,Espresso Shot,2.2,2,4.4,Credit Card,1102
1691,2025-03-07,10:03:39,5,Lakeside Plaza,115,Pastry,Cookie,Chocolate Chip Cookie,2.1,1,2.1,Cash,1080
1692,2025-03-07,10:00:59,5,Lakeside Plaza,108,Coffee,Cold Brew,Cold Brew - Large,4.45,1,4.45,Mobile Pay,1145
1693,2025-03-07,11:49:25,4,Airport Terminal 2,110,Tea,Brewed Tea,Earl Grey,2.75,3,8.25,Credit Card,1287
1694,2025-03-07,14:06:46,2,Riverside Mall,103,Coffee,Espresso,Espresso Shot,2.2,1,2.2,Credit Card,1091
1695,2025-03-07,16:37:41,1,Downtown,105,Coffee,Latte,Latte - Large,4.25,2,8.5,Credit Card,1169
1696,2025-03-07,18:47:55,5,Lakeside Plaza,109,Tea,Brewed Tea,Green Tea,2.75,2,5.5,Credit Card,1242
1697,2025-03-07,19:05:59,1,Downtown,108,Coffee,Cold Brew,Cold Brew - Large,4.45,2,8.9,Cash,1075
1698,2025-03-08,07:03:08,1,Downtown,111,Tea,Chai,Chai Latte - Regular,3.85,1,3.85,Credit Card,1225
1699,2025-03-08,10:48:07,4,Airport Terminal 2,111,Tea,Chai,Chai Latte - Regular,3.85,1,3.85,Credit Card,1201
1700,2025-03-08,10:53:33,4,Airport Terminal 2,116,Pastry,Scone,Cranberry Scone,2.95,1,2.95,Mobile Pay,1040
1701,2025-03-08,18:53:17,2,Riverside Mall,106,Coffee,Cappuccino,Cappuccino - Regular,3.65,2,7.3,Credit Card,1430
1702,2025-03-08,15:16:43,4,Airport Terminal 2,116,Pastry,Scone,Cranberry Scone,2.95,1,2.95,Credit Card,1222
1703,2025-03-08,16:54:29,2,Riverside Mall,101,Coffee,Brewed Coffee,Brewed Coffee - Regular,2.5,2,5.0,Credit Card,1177
1704,2025-03-08,17:58:12,2,Riverside Mall,118,Merchandise,Mug,Branded Ceramic Mug,9.99,1,9.99,Mobile Pay,1091
1705,2025-03-08,12:33:12,1,Downtown,107,Coffee,Cold Brew,Cold Brew - Regular,3.95,1,3.95,Credit Card,1158
1706,2025-03-08,13:00:38,3,Uptown,109,Tea,Brewed Tea,Green Tea,2.75,1,2.75,Credit Card,1331
1707,2025-03-08,07:44:45,4,Airport Terminal 2,113,Bakery,Muffin,Blueberry Muffin,3.1,1,3.1,Cash,1320
1708,2025-03-08,16:59:30,5,Lakeside Plaza,101,Coffee,Brewed Coffee,Brewed Coffee - Regular,2.5,4,10.0,Credit Card,1323
1709,2025-03-08,15:41:48,2,Riverside Mall,116,Pastry,Scone,Cranberry Scone,2.95,1,2.95,Cash,1053
1710,2025-03-08,15:11:55,1,Downtown,105,Coffee,Latte,Latte - Large,4.25,3,12.75,Credit Card,1042
1711,2025-03-08,12:45:03,1,Downtown,102,Coffee,Brewed Coffee,Brewed Coffee - Large,2.95,1,2.95,Credit Card,1439
1712,2025-03-08,10:43:54,2,Riverside Mall,101,Coffee,Brewed Coffee,Brewed Coffee - Regular,2.5,3,7.5,Cash,1363
1713,2025-03-08,13:42:25,5,Lakeside Plaza,112,Bakery,Croissant,Butter Croissant,3.25,1,3.25,Credit Card,1341
1714,2025-03-08,16:32:09,1,Downtown,107,Coffee,Cold Brew,Cold Brew - Regular,3.95,2,7.9,Cash,1042
1715,2025-03-08,14:44:32,1,Downtown,109,Tea,Brewed Tea,Green Tea,2.75,1,2.75,Credit Card,1325
1716,2025-03-08,09:22:07,1,Downtown,110,Tea,Brewed Tea,Earl Grey,2.75,1,2.75,Mobile Pay,1290
1717,2025-03-08,07:58:05,1,Downtown,115,Pastry,Cookie,Chocolate Chip Cookie,2.1,1,2.1,Cash,1044
1718,2025-03-08,15:50:00,5,Lakeside Plaza,101,Coffee,Brewed Coffee,Brewed Coffee - Regular,2.5,1,2.5,Credit Card,1191
1719,2025-03-08,16:41:57,2,Riverside Mall,110,Tea,Brewed Tea,Earl Grey,2.75,3,8.25,Mobile Pay,1382
1720,2025-03-08,07:45:18,2,Riverside Mall,110,Tea,Brewed Tea,Earl Grey,2.75,1,2.75,Credit Card,1071
1721,2025-03-08,16:17:56,4,Airport Terminal 2,108,Coffee,Cold Brew,Cold Brew - Large,4.45,1,4.45,Credit Card,1151
1722,2025-03-08,07:22:37,4,Airport Terminal 2,109,Tea,Brewed Tea,Green Tea,2.75,1,2.75,Credit Card,1395
1723,2025-03-09,18:37:24,2,Riverside Mall,102,Coffee,Brewed Coffee,Brewed Coffee - Large,2.95,1,2.95,Credit Card,1291
1724,2025-03-09,14:43:50,4,Airport Terminal 2,112,Bakery,Croissant,Butter Croissant,3.25,1,3.25,Credit Card,1175
1725,2025-03-09,16:50:17,5,Lakeside Plaza,118,Merchandise,Mug,Branded Ceramic Mug,9.99,1,9.99,Credit Card,1395
1726,2025-03-09,09:59:07,2,Riverside Mall,115,Pastry,Cookie,Chocolate Chip Cookie,2.1,1,2.1,Cash,1323
1727,2025-03-09,14:23:36,2,Riverside Mall,115,Pastry,Cookie,Chocolate Chip Cookie,2.1,1,2.1,Mobile Pay,1301
1728,2025-03-09,14:55:57,3,Uptown,104,Coffee,Latte,Latte - Regular,3.75,1,3.75,Credit Card,1215
1729,2025-03-09,08:22:19,3,Uptown,104,Coffee,Latte,Latte - Regular,3.75,1,3.75,Cash,1279
1730,2025-03-09,16:29:37,1,Downtown,115,Pastry,Cookie,Chocolate Chip Cookie,2.1,1,2.1,Credit Card,1222
1731,2025-03-09,09:23:38,4,Airport Terminal 2,108,Coffee,Cold Brew,Cold Brew - Large,4.45,1,4.45,Credit Card,1347
1732,2025-03-09,15:57:59,1,Downtown,108,Coffee,Cold Brew,Cold Brew - Large,4.45,1,4.45,Credit Card,1215
1733,2025-03-09,14:10:32,3,Uptown,113,Bakery,Muffin,Blueberry Muffin,3.1,1,3.1,Mobile Pay,1153
1734,2025-03-09,18:36:48,5,Lakeside Plaza,107,Coffee,Cold Brew,Cold Brew - Regular,3.95,1,3.95,Credit Card,1339
1735,2025-03-09,10:49:09,1,Downtown,103,Coffee,Espresso,Espresso Shot,2.2,2,4.4,Credit Card,1234
1736,2025-03-09,14:12:56,4,Airport Terminal 2,101,Coffee,Brewed Coffee,Brewed Coffee - Regular,2.5,1,2.5,Cash,1157
1737,2025-03-09,12:46:15,2,Riverside Mall,107,Coffee,Cold Brew,Cold Brew - Regular,3.95,1,3.95,Mobile Pay,1284
1738,2025-03-09,12:22:06,3,Uptown,101,Coffee,Brewed Coffee,Brewed Coffee - Regular,2.5,1,2.5,Credit Card,1351
1739,2025-03-09,14:53:29,2,Riverside Mall,116,Pastry,Scone,Cranberry Scone,2.95,2,5.9,Mobile Pay,1390
1740,2025-03-09,10:59:08,4,Airport Terminal 2,105,Coffee,Latte,Latte - Large,4.25,1,4.25,Mobile Pay,1167
1741,2025-03-09,13:22:31,4,Airport Terminal 2,113,Bakery,Muffin,Blueberry Muffin,3.1,2,6.2,Cash,1300
1742,2025-03-09,15:23:23,5,Lakeside Plaza,106,Coffee,Cappuccino,Cappuccino - Regular,3.65,1,3.65,Cash,1421
1743,2025-03-09,17:41:14,5,Lakeside Plaza,113,Bakery,Muffin,Blueberry Muffin,3.1,1,3.1,Cash,1096
1744,2025-03-09,07:24:41,3,Uptown,114,Bakery,Bagel,Plain Bagel with Cream Cheese,3.4,1,3.4,Credit Card,1077
1745,2025-03-09,07:26:11,4,Airport Terminal 2,116,Pastry,Scone,Cranberry Scone,2.95,1,2.95,Credit Card,1349
1746,2025-03-09,16:22:43,1,Downtown,115,Pastry,Cookie,Chocolate Chip Cookie,2.1,2,4.2,Mobile Pay,1335
1747,2025-03-09,10:36:32,1,Downtown,106,Coffee,Cappuccino,Cappuccino - Regular,3.65,1,3.65,Cash,1232
1748,2025-03-10,15:19:27,4,Airport Terminal 2,114,Bakery,Bagel,Plain Bagel with Cream Cheese,3.4,1,3.4,Cash,1324
1749,2025-03-10,11:30:45,4,Airport Terminal 2,117,Merchandise,Bag,Coffee Beans - 12oz Bag,12.5,1,12.5,Mobile Pay,1273
1750,2025-03-10,19:34:48,1,Downtown,106,Coffee,Cappuccino,Cappuccino - Regular,3.65,1,3.65,Cash,1345
1751,2025-03-10,18:45:37,1,Downtown,111,Tea,Chai,Chai Latte - Regular,3.85,1,3.85,Mobile Pay,1263
1752,2025-03-10,07:18:02,4,Airport Terminal 2,114,Bakery,Bagel,Plain Bagel with Cream Cheese,3.4,1,3.4,Credit Card,1250
1753,2025-03-10,09:21:43,1,Downtown,112,Bakery,Croissant,Butter Croissant,3.25,1,3.25,Cash,1419
1754,2025-03-10,09:26:01,3,Uptown,106,Coffee,Cappuccino,Cappuccino - Regular,3.65,1,3.65,Credit Card,1152
1755,2025-03-10,11:02:34,5,Lakeside Plaza,104,Coffee,Latte,Latte - Regular,3.75,2,7.5,Cash,1127
1756,2025-03-10,08:09:40,5,Lakeside Plaza,104,Coffee,Latte,Latte - Regular,3.75,1,3.75,Credit Card,1140
1757,2025-03-10,17:57:53,4,Airport Terminal 2,108,Coffee,Cold Brew,Cold Brew - Large,4.45,3,13.35,Credit Card,1420
1758,2025-03-10,07:23:02,4,Airport Terminal 2,102,Coffee,Brewed Coffee,Brewed Coffee - Large,2.95,1,2.95,Credit Card,1370
1759,2025-03-10,13:46:05,1,Downtown,113,Bakery,Muffin,Blueberry Muffin,3.1,1,3.1,Credit Card,1326
1760,2025-03-10,06:47:16,4,Airport Terminal 2,113,Bakery,Muffin,Blueberry Muffin,3.1,2,6.2,Mobile Pay,1380
1761,2025-03-10,16:36:16,4,Airport Terminal 2,104,Coffee,Latte,Latte - Regular,3.75,4,15.0,Credit Card,1315
1762,2025-03-10,11:30:13,2,Riverside Mall,102,Coffee,Brewed Coffee,Brewed Coffee - Large,2.95,2,5.9,Credit Card,1223
1763,2025-03-10,13:02:38,2,Riverside Mall,109,Tea,Brewed Tea,Green Tea,2.75,1,2.75,Credit Card,1092
1764,2025-03-10,11:01:50,3,Uptown,101,Coffee,Brewed Coffee,Brewed Coffee - Regular,2.5,1,2.5,Credit Card,1066
1765,2025-03-10,07:14:01,4,Airport Terminal 2,111,Tea,Chai,Chai Latte - Regular,3.85,2,7.7,Cash,1113
1766,2025-03-10,14:40:38,3,Uptown,115,Pastry,Cookie,Chocolate Chip Cookie,2.1,1,2.1,Credit Card,1199
1767,2025-03-10,10:20:22,5,Lakeside Plaza,101,Coffee,Brewed Coffee,Brewed Coffee - Regular,2.5,2,5.0,Credit Card,1077
1768,2025-03-10,13:10:43,4,Airport Terminal 2,107,Coffee,Cold Brew,Cold Brew - Regular,3.95,1,3.95,Cash,1206
1769,2025-03-10,14:35:22,5,Lakeside Plaza,103,Coffee,Espresso,Espresso Shot,2.2,1,2.2,Mobile Pay,1382
1770,2025-03-10,09:20:28,3,Uptown,110,Tea,Brewed Tea,Earl Grey,2.75,2,5.5,Cash,1015
1771,2025-03-10,14:36:27,5,Lakeside Plaza,106,Coffee,Cappuccino,Cappuccino - Regular,3.65,1,3.65,Cash,1391
1772,2025-03-10,15:15:24,3,Uptown,118,Merchandise,Mug,Branded Ceramic Mug,9.99,3,29.97,Credit Card,1067
1773,2025-03-10,11:13:07,1,Downtown,104,Coffee,Latte,Latte - Regular,3.75,1,3.75,Mobile Pay,1091
1774,2025-03-10,11:48:13,4,Airport Terminal 2,118,Merchandise,Mug,Branded Ceramic Mug,9.99,1,9.99,Credit Card,1306
1775,2025-03-10,14:43:40,3,Uptown,104,Coffee,Latte,Latte - Regular,3.75,2,7.5,Credit Card,1162
1776,2025-03-11,16:31:48,4,Airport Terminal 2,108,Coffee,Cold Brew,Cold Brew - Large,4.45,1,4.45,Mobile Pay,1422
1777,2025-03-11,11:00:34,2,Riverside Mall,106,Coffee,Cappuccino,Cappuccino - Regular,3.65,2,7.3,Credit Card,1390
1778,2025-03-11,11:41:26,2,Riverside Mall,104,Coffee,Latte,Latte - Regular,3.75,4,15.0,Cash,1210
1779,2025-03-11,08:39:32,1,Downtown,108,Coffee,Cold Brew,Cold Brew - Large,4.45,4,17.8,Credit Card,1306
1780,2025-03-11,10:15:10,4,Airport Terminal 2,101,Coffee,Brewed Coffee,Brewed Coffee - Regular,2.5,1,2.5,Credit Card,1241
1781,2025-03-11,15:56:50,3,Uptown,101,Coffee,Brewed Coffee,Brewed Coffee - Regular,2.5,2,5.0,Credit Card,1282
1782,2025-03-11,12:46:55,2,Riverside Mall,106,Coffee,Cappuccino,Cappuccino - Regular,3.65,1,3.65,Mobile Pay,1241
1783,2025-03-11,08:04:57,2,Riverside Mall,111,Tea,Chai,Chai Latte - Regular,3.85,1,3.85,Credit Card,1295
1784,2025-03-11,19:50:11,2,Riverside Mall,115,Pastry,Cookie,Chocolate Chip Cookie,2.1,4,8.4,Credit Card,1256
1785,2025-03-11,17:58:10,5,Lakeside Plaza,111,Tea,Chai,Chai Latte - Regular,3.85,1,3.85,Mobile Pay,1369
1786,2025-03-11,15:26:55,1,Downtown,102,Coffee,Brewed Coffee,Brewed Coffee - Large,2.95,1,2.95,Mobile Pay,1240
1787,2025-03-11,18:56:45,1,Downtown,114,Bakery,Bagel,Plain Bagel with Cream Cheese,3.4,1,3.4,Mobile Pay,1366
1788,2025-03-11,12:52:46,5,Lakeside Plaza,101,Coffee,Brewed Coffee,Brewed Coffee - Regular,2.5,1,2.5,Credit Card,1415
1789,2025-03-11,11:59:32,1,Downtown,112,Bakery,Croissant,Butter Croissant,3.25,2,6.5,Credit Card,1225
1790,2025-03-11,08:16:48,1,Downtown,104,Coffee,Latte,Latte - Regular,3.75,2,7.5,Mobile Pay,1385
1791,2025-03-11,11:21:09,2,Riverside Mall,112,Bakery,Croissant,Butter Croissant,3.25,3,9.75,Credit Card,1407
1792,2025-03-11,10:44:04,3,Uptown,104,Coffee,Latte,Latte - Regular,3.75,1,3.75,Credit Card,1363
1793,2025-03-11,10:44:28,2,Riverside Mall,109,Tea,Brewed Tea,Green Tea,2.75,1,2.75,Credit Card,1230
1794,2025-03-11,14:48:08,5,Lakeside Plaza,109,Tea,Brewed Tea,Green Tea,2.75,1,2.75,Cash,1147
1795,2025-03-11,15:19:45,3,Uptown,112,Bakery,Croissant,Butter Croissant,3.25,1,3.25,Credit Card,1324
1796,2025-03-11,08:51:44,4,Airport Terminal 2,110,Tea,Brewed Tea,Earl Grey,2.75,1,2.75,Credit Card,1311
1797,2025-03-11,14:01:54,4,Airport Terminal 2,109,Tea,Brewed Tea,Green Tea,2.75,1,2.75,Cash,1155
1798,2025-03-11,11:32:47,1,Downtown,109,Tea,Brewed Tea,Green Tea,2.75,3,8.25,Credit Card,1264
1799,2025-03-11,19:41:09,5,Lakeside Plaza,106,Coffee,Cappuccino,Cappuccino - Regular,3.65,1,3.65,Credit Card,1256
1800,2025-03-11,16:31:41,3,Uptown,113,Bakery,Muffin,Blueberry Muffin,3.1,1,3.1,Credit Card,1268
1801,2025-03-11,06:04:21,4,Airport Terminal 2,113,Bakery,Muffin,Blueberry Muffin,3.1,1,3.1,Credit Card,1105
1802,2025-03-12,14:22:31,5,Lakeside Plaza,104,Coffee,Latte,Latte - Regular,3.75,1,3.75,Mobile Pay,1326
1803,2025-03-12,15:23:42,5,Lakeside Plaza,108,Coffee,Cold Brew,Cold Brew - Large,4.45,1,4.45,Cash,1320
1804,2025-03-12,07:35:34,3,Uptown,117,Merchandise,Bag,Coffee Beans - 12oz Bag,12.5,2,25.0,Mobile Pay,1275
1805,2025-03-12,13:15:15,1,Downtown,115,Pastry,Cookie,Chocolate Chip Cookie,2.1,1,2.1,Cash,1378
1806,2025-03-12,15:29:11,2,Riverside Mall,108,Coffee,Cold Brew,Cold Brew - Large,4.45,1,4.45,Credit Card,1311
1807,2025-03-12,15:46:53,3,Uptown,103,Coffee,Espresso,Espresso Shot,2.2,3,6.6,Credit Card,1067
1808,2025-03-12,09:37:48,1,Downtown,107,Coffee,Cold Brew,Cold Brew - Regular,3.95,1,3.95,Cash,1237
1809,2025-03-12,16:04:12,1,Downtown,111,Tea,Chai,Chai Latte - Regular,3.85,1,3.85,Cash,1226
1810,2025-03-12,13:13:38,2,Riverside Mall,104,Coffee,Latte,Latte - Regular,3.75,1,3.75,Cash,1291
1811,2025-03-12,15:28:49,4,Airport Terminal 2,104,Coffee,Latte,Latte - Regular,3.75,2,7.5,Mobile Pay,1301
1812,2025-03-12,19:16:48,5,Lakeside Plaza,115,Pastry,Cookie,Chocolate Chip Cookie,2.1,1,2.1,Credit Card,1138
1813,2025-03-12,13:32:18,2,Riverside Mall,111,Tea,Chai,Chai Latte - Regular,3.85,4,15.4,Credit Card,1153
1814,2025-03-12,10:43:35,5,Lakeside Plaza,108,Coffee,Cold Brew,Cold Brew - Large,4.45,1,4.45,Credit Card,1320
1815,2025-03-12,06:57:32,2,Riverside Mall,116,Pastry,Scone,Cranberry Scone,2.95,1,2.95,Cash,1083
1816,2025-03-12,07:55:28,4,Airport Terminal 2,110,Tea,Brewed Tea,Earl Grey,2.75,1,2.75,Credit Card,1351
1817,2025-03-12,15:48:14,2,Riverside Mall,107,Coffee,Cold Brew,Cold Brew - Regular,3.95,1,3.95,Credit Card,1256
1818,2025-03-12,08:19:59,5,Lakeside Plaza,116,Pastry,Scone,Cranberry Scone,2.95,2,5.9,Credit Card,1292
1819,2025-03-12,08:25:50,3,Uptown,106,Coffee,Cappuccino,Cappuccino - Regular,3.65,1,3.65,Credit Card,1080
1820,2025-03-12,18:30:41,2,Riverside Mall,111,Tea,Chai,Chai Latte - Regular,3.85,1,3.85,Mobile Pay,1213
1821,2025-03-12,18:30:59,3,Uptown,108,Coffee,Cold Brew,Cold Brew - Large,4.45,3,13.35,Credit Card,1155
1822,2025-03-12,15:53:47,3,Uptown,111,Tea,Chai,Chai Latte - Regular,3.85,1,3.85,Credit Card,1157
1823,2025-03-12,06:25:03,4,Airport Terminal 2,114,Bakery,Bagel,Plain Bagel with Cream Cheese,3.4,4,13.6,Credit Card,1181
1824,2025-03-13,06:45:12,4,Airport Terminal 2,109,Tea,Brewed Tea,Green Tea,2.75,1,2.75,Credit Card,1366
1825,2025-03-13,10:50:24,3,Uptown,101,Coffee,Brewed Coffee,Brewed Coffee - Regular,2.5,1,2.5,Credit Card,1286
1826,2025-03-13,12:17:06,2,Riverside Mall,117,Merchandise,Bag,Coffee Beans - 12oz Bag,12.5,1,12.5,Credit Card,1082
1827,2025-03-13,18:02:49,4,Airport Terminal 2,116,Pastry,Scone,Cranberry Scone,2.95,2,5.9,Mobile Pay,1352
1828,2025-03-13,09:38:37,4,Airport Terminal 2,108,Coffee,Cold Brew,Cold Brew - Large,4.45,1,4.45,Cash,1051
1829,2025-03-13,13:28:59,3,Uptown,109,Tea,Brewed Tea,Green Tea,2.75,1,2.75,Cash,1241
1830,2025-03-13,19:46:26,1,Downtown,111,Tea,Chai,Chai Latte - Regular,3.85,2,7.7,Cash,1447
1831,2025-03-13,13:28:15,3,Uptown,107,Coffee,Cold Brew,Cold Brew - Regular,3.95,1,3.95,Mobile Pay,1279
1832,2025-03-13,13:18:44,3,Uptown,118,Merchandise,Mug,Branded Ceramic Mug,9.99,1,9.99,Mobile Pay,1395
1833,2025-03-13,17:28:47,3,Uptown,112,Bakery,Croissant,Butter Croissant,3.25,3,9.75,Credit Card,1094
1834,2025-03-13,11:12:43,2,Riverside Mall,115,Pastry,Cookie,Chocolate Chip Cookie,2.1,4,8.4,Credit Card,1132
1835,2025-03-13,08:26:27,1,Downtown,105,Coffee,Latte,Latte - Large,4.25,1,4.25,Mobile Pay,1249
1836,2025-03-13,17:32:23,5,Lakeside Plaza,102,Coffee,Brewed Coffee,Brewed Coffee - Large,2.95,1,2.95,Mobile Pay,1223
1837,2025-03-13,16:31:18,5,Lakeside Plaza,111,Tea,Chai,Chai Latte - Regular,3.85,1,3.85,Cash,1324
1838,2025-03-13,19:49:07,1,Downtown,103,Coffee,Espresso,Espresso Shot,2.2,1,2.2,Credit Card,1408
1839,2025-03-13,14:12:48,1,Downtown,115,Pastry,Cookie,Chocolate Chip Cookie,2.1,1,2.1,Credit Card,1350
1840,2025-03-13,12:56:47,3,Uptown,115,Pastry,Cookie,Chocolate Chip Cookie,2.1,1,2.1,Cash,1169
1841,2025-03-13,12:49:44,5,Lakeside Plaza,111,Tea,Chai,Chai Latte - Regular,3.85,2,7.7,Mobile Pay,1221
1842,2025-03-13,06:53:24,4,Airport Terminal 2,110,Tea,Brewed Tea,Earl Grey,2.75,1,2.75,Credit Card,1115
1843,2025-03-13,16:37:43,2,Riverside Mall,109,Tea,Brewed Tea,Green Tea,2.75,2,5.5,Credit Card,1272
1844,2025-03-14,17:45:55,2,Riverside Mall,112,Bakery,Croissant,Butter Croissant,3.25,1,3.25,Mobile Pay,1096
1845,2025-03-14,08:01:34,2,Riverside Mall,110,Tea,Brewed Tea,Earl Grey,2.75,2,5.5,Cash,1432
1846,2025-03-14,10:04:20,2,Riverside Mall,118,Merchandise,Mug,Branded Ceramic Mug,9.99,3,29.97,Credit Card,1117
1847,2025-03-14,08:17:14,2,Riverside Mall,110,Tea,Brewed Tea,Earl Grey,2.75,3,8.25,Mobile Pay,1111
1848,2025-03-14,17:28:07,1,Downtown,105,Coffee,Latte,Latte - Large,4.25,2,8.5,Cash,1192
1849,2025-03-14,07:28:25,2,Riverside Mall,113,Bakery,Muffin,Blueberry Muffin,3.1,1,3.1,Credit Card,1394
1850,2025-03-14,18:32:58,1,Downtown,103,Coffee,Espresso,Espresso Shot,2.2,1,2.2,Cash,1264
1851,2025-03-14,18:47:38,2,Riverside Mall,104,Coffee,Latte,Latte - Regular,3.75,1,3.75,Credit Card,1162
1852,2025-03-14,16:23:30,2,Riverside Mall,103,Coffee,Espresso,Espresso Shot,2.2,1,2.2,Mobile Pay,1057
1853,2025-03-14,11:26:25,1,Downtown,101,Coffee,Brewed Coffee,Brewed Coffee - Regular,2.5,4,10.0,Credit Card,1051
1854,2025-03-14,12:54:41,3,Uptown,103,Coffee,Espresso,Espresso Shot,2.2,1,2.2,Cash,1359
1855,2025-03-14,06:17:46,4,Airport Terminal 2,116,Pastry,Scone,Cranberry Scone,2.95,2,5.9,Cash,1165
1856,2025-03-14,13:08:33,2,Riverside Mall,106,Coffee,Cappuccino,Cappuccino - Regular,3.65,1,3.65,Credit Card,1355
1857,2025-03-14,14:13:55,1,Downtown,102,Coffee,Brewed Coffee,Brewed Coffee - Large,2.95,2,5.9,Credit Card,1150
1858,2025-03-14,12:11:59,4,Airport Terminal 2,106,Coffee,Cappuccino,Cappuccino - Regular,3.65,1,3.65,Credit Card,1077
1859,2025-03-14,17:07:50,2,Riverside Mall,112,Bakery,Croissant,Butter Croissant,3.25,1,3.25,Credit Card,1254
1860,2025-03-14,17:16:39,4,Airport Terminal 2,112,Bakery,Croissant,Butter Croissant,3.25,1,3.25,Cash,1401
1861,2025-03-14,07:55:09,1,Downtown,116,Pastry,Scone,Cranberry Scone,2.95,3,8.85,Credit Card,1023
1862,2025-03-14,08:06:00,5,Lakeside Plaza,117,Merchandise,Bag,Coffee Beans - 12oz Bag,12.5,1,12.5,Cash,1114
1863,2025-03-14,18:29:26,1,Downtown,104,Coffee,Latte,Latte - Regular,3.75,3,11.25,Credit Card,1274
1864,2025-03-14,10:30:57,5,Lakeside Plaza,101,Coffee,Brewed Coffee,Brewed Coffee - Regular,2.5,3,7.5,Credit Card,1065
1865,2025-03-14,18:42:45,5,Lakeside Plaza,112,Bakery,Croissant,Butter Croissant,3.25,1,3.25,Credit Card,1252
1866,2025-03-14,08:32:08,5,Lakeside Plaza,107,Coffee,Cold Brew,Cold Brew - Regular,3.95,2,7.9,Credit Card,1073
1867,2025-03-14,15:18:56,1,Downtown,104,Coffee,Latte,Latte - Regular,3.75,2,7.5,Credit Card,1127
1868,2025-03-14,10:29:42,2,Riverside Mall,110,Tea,Brewed Tea,Earl Grey,2.75,1,2.75,Credit Card,1264
1869,2025-03-14,10:23:42,3,Uptown,105,Coffee,Latte,Latte - Large,4.25,1,4.25,Mobile Pay,1377
1870,2025-03-14,14:50:12,1,Downtown,113,Bakery,Muffin,Blueberry Muffin,3.1,4,12.4,Cash,1007
1871,2025-03-14,08:20:00,1,Downtown,108,Coffee,Cold Brew,Cold Brew - Large,4.45,1,4.45,Mobile Pay,1247
1872,2025-03-15,12:13:29,5,Lakeside Plaza,113,Bakery,Muffin,Blueberry Muffin,3.1,2,6.2,Credit Card,1279
1873,2025-03-15,17:21:57,3,Uptown,117,Merchandise,Bag,Coffee Beans - 12oz Bag,12.5,1,12.5,Mobile Pay,1174
1874,2025-03-15,12:06:42,4,Airport Terminal 2,118,Merchandise,Mug,Branded Ceramic Mug,9.99,3,29.97,Credit Card,1390
1875,2025-03-15,12:01:34,1,Downtown,112,Bakery,Croissant,Butter Croissant,3.25,1,3.25,Mobile Pay,1116
1876,2025-03-15,13:18:08,1,Downtown,104,Coffee,Latte,Latte - Regular,3.75,3,11.25,Credit Card,1157
1877,2025-03-15,18:32:11,5,Lakeside Plaza,103,Coffee,Espresso,Espresso Shot,2.2,1,2.2,Cash,1261
1878,2025-03-15,08:47:22,2,Riverside Mall,101,Coffee,Brewed Coffee,Brewed Coffee - Regular,2.5,1,2.5,Cash,1399
1879,2025-03-15,07:34:23,5,Lakeside Plaza,117,Merchandise,Bag,Coffee Beans - 12oz Bag,12.5,1,12.5,Mobile Pay,1355
1880,2025-03-15,11:06:43,5,Lakeside Plaza,106,Coffee,Cappuccino,Cappuccino - Regular,3.65,1,3.65,Mobile Pay,1324
1881,2025-03-15,13:39:27,2,Riverside Mall,105,Coffee,Latte,Latte - Large,4.25,3,12.75,Cash,1142
1882,2025-03-15,11:33:26,4,Airport Terminal 2,110,Tea,Brewed Tea,Earl Grey,2.75,3,8.25,Credit Card,1239
1883,2025-03-15,07:45:35,3,Uptown,101,Coffee,Brewed Coffee,Brewed Coffee - Regular,2.5,2,5.0,Mobile Pay,1106
1884,2025-03-15,07:26:08,5,Lakeside Plaza,103,Coffee,Espresso,Espresso Shot,2.2,1,2.2,Cash,1421
1885,2025-03-15,16:41:26,2,Riverside Mall,113,Bakery,Muffin,Blueberry Muffin,3.1,1,3.1,Credit Card,1099
1886,2025-03-15,09:17:08,3,Uptown,103,Coffee,Espresso,Espresso Shot,2.2,3,6.6,Credit Card,1063
1887,2025-03-15,08:09:43,5,Lakeside Plaza,105,Coffee,Latte,Latte - Large,4.25,1,4.25,Cash,1167
1888,2025-03-15,10:06:49,1,Downtown,117,Merchandise,Bag,Coffee Beans - 12oz Bag,12.5,2,25.0,Credit Card,1241
1889,2025-03-15,16:34:47,4,Airport Terminal 2,110,Tea,Brewed Tea,Earl Grey,2.75,2,5.5,Cash,1078
1890,2025-03-15,18:02:24,3,Uptown,109,Tea,Brewed Tea,Green Tea,2.75,2,5.5,Cash,1130
1891,2025-03-15,14:56:45,4,Airport Terminal 2,114,Bakery,Bagel,Plain Bagel with Cream Cheese,3.4,2,6.8,Credit Card,1406
1892,2025-03-15,13:05:46,3,Uptown,108,Coffee,Cold Brew,Cold Brew - Large,4.45,2,8.9,Mobile Pay,1306
1893,2025-03-16,12:40:06,4,Airport Terminal 2,114,Bakery,Bagel,Plain Bagel with Cream Cheese,3.4,3,10.2,Mobile Pay,1143
1894,2025-03-16,14:21:26,3,Uptown,109,Tea,Brewed Tea,Green Tea,2.75,2,5.5,Mobile Pay,1128
1895,2025-03-16,08:51:31,1,Downtown,101,Coffee,Brewed Coffee,Brewed Coffee - Regular,2.5,1,2.5,Credit Card,1253
1896,2025-03-16,08:49:52,4,Airport Terminal 2,109,Tea,Brewed Tea,Green Tea,2.75,2,5.5,Credit Card,1287
1897,2025-03-16,14:55:59,5,Lakeside Plaza,113,Bakery,Muffin,Blueberry Muffin,3.1,2,6.2,Credit Card,1021
1898,2025-03-16,14:07:48,5,Lakeside Plaza,104,Coffee,Latte,Latte - Regular,3.75,1,3.75,Credit Card,1297
1899,2025-03-16,16:45:47,5,Lakeside Plaza,114,Bakery,Bagel,Plain Bagel with Cream Cheese,3.4,1,3.4,Mobile Pay,1331
1900,2025-03-16,07:25:52,4,Airport Terminal 2,117,Merchandise,Bag,Coffee Beans - 12oz Bag,12.5,2,25.0,Mobile Pay,1381
1901,2025-03-16,13:01:40,1,Downtown,107,Coffee,Cold Brew,Cold Brew - Regular,3.95,3,11.85,Credit Card,1050
1902,2025-03-16,15:54:57,4,Airport Terminal 2,101,Coffee,Brewed Coffee,Brewed Coffee - Regular,2.5,1,2.5,Credit Card,1419
1903,2025-03-16,09:50:03,3,Uptown,108,Coffee,Cold Brew,Cold Brew - Large,4.45,1,4.45,Mobile Pay,1357
1904,2025-03-16,08:49:55,3,Uptown,106,Coffee,Cappuccino,Cappuccino - Regular,3.65,1,3.65,Credit Card,1164
1905,2025-03-16,16:54:05,3,Uptown,106,Coffee,Cappuccino,Cappuccino - Regular,3.65,1,3.65,Credit Card,1315
1906,2025-03-16,16:06:58,2,Riverside Mall,111,Tea,Chai,Chai Latte - Regular,3.85,2,7.7,Credit Card,1327
1907,2025-03-16,14:48:24,5,Lakeside Plaza,116,Pastry,Scone,Cranberry Scone,2.95,1,2.95,Credit Card,1438
1908,2025-03-16,16:57:23,3,Uptown,111,Tea,Chai,Chai Latte - Regular,3.85,2,7.7,Credit Card,1086
1909,2025-03-16,14:58:32,1,Downtown,107,Coffee,Cold Brew,Cold Brew - Regular,3.95,2,7.9,Credit Card,1286
1910,2025-03-16,08:39:44,5,Lakeside Plaza,118,Merchandise,Mug,Branded Ceramic Mug,9.99,1,9.99,Cash,1047
1911,2025-03-16,16:09:45,5,Lakeside Plaza,113,Bakery,Muffin,Blueberry Muffin,3.1,1,3.1,Credit Card,1181
1912,2025-03-16,16:47:52,4,Airport Terminal 2,104,Coffee,Latte,Latte - Regular,3.75,3,11.25,Credit Card,1408
1913,2025-03-16,10:14:28,5,Lakeside Plaza,103,Coffee,Espresso,Espresso Shot,2.2,2,4.4,Credit Card,1125
1914,2025-03-17,13:53:44,3,Uptown,101,Coffee,Brewed Coffee,Brewed Coffee - Regular,2.5,4,10.0,Mobile Pay,1125
1915,2025-03-17,08:18:15,4,Airport Terminal 2,107,Coffee,Cold Brew,Cold Brew - Regular,3.95,4,15.8,Credit Card,1439
1916,2025-03-17,13:36:12,4,Airport Terminal 2,114,Bakery,Bagel,Plain Bagel with Cream Cheese,3.4,1,3.4,Credit Card,1434
1917,2025-03-17,15:45:50,4,Airport Terminal 2,113,Bakery,Muffin,Blueberry Muffin,3.1,4,12.4,Mobile Pay,1411
1918,2025-03-17,11:59:59,4,Airport Terminal 2,112,Bakery,Croissant,Butter Croissant,3.25,1,3.25,Credit Card,1276
1919,2025-03-17,16:44:15,2,Riverside Mall,111,Tea,Chai,Chai Latte - Regular,3.85,2,7.7,Cash,1296
1920,2025-03-17,13:06:51,5,Lakeside Plaza,116,Pastry,Scone,Cranberry Scone,2.95,2,5.9,Credit Card,1116
1921,2025-03-17,12:36:53,5,Lakeside Plaza,108,Coffee,Cold Brew,Cold Brew - Large,4.45,1,4.45,Credit Card,1316
1922,2025-03-17,07:10:01,5,Lakeside Plaza,114,Bakery,Bagel,Plain Bagel with Cream Cheese,3.4,1,3.4,Credit Card,1286
1923,2025-03-17,16:09:04,3,Uptown,116,Pastry,Scone,Cranberry Scone,2.95,2,5.9,Mobile Pay,1033
1924,2025-03-17,18:46:01,3,Uptown,109,Tea,Brewed Tea,Green Tea,2.75,2,5.5,Credit Card,1251
1925,2025-03-17,09:28:19,2,Riverside Mall,113,Bakery,Muffin,Blueberry Muffin,3.1,1,3.1,Credit Card,1345
1926,2025-03-17,18:09:49,2,Riverside Mall,117,Merchandise,Bag,Coffee Beans - 12oz Bag,12.5,1,12.5,Credit Card,1348
1927,2025-03-17,15:22:37,1,Downtown,102,Coffee,Brewed Coffee,Brewed Coffee - Large,2.95,1,2.95,Credit Card,1036
1928,2025-03-17,15:46:12,5,Lakeside Plaza,114,Bakery,Bagel,Plain Bagel with Cream Cheese,3.4,1,3.4,Mobile Pay,1307
1929,2025-03-17,07:59:31,2,Riverside Mall,106,Coffee,Cappuccino,Cappuccino - Regular,3.65,2,7.3,Cash,1169
1930,2025-03-17,16:24:44,4,Airport Terminal 2,113,Bakery,Muffin,Blueberry Muffin,3.1,1,3.1,Credit Card,1433
1931,2025-03-17,10:45:27,1,Downtown,110,Tea,Brewed Tea,Earl Grey,2.75,3,8.25,Cash,1255
1932,2025-03-17,08:22:41,3,Uptown,113,Bakery,Muffin,Blueberry Muffin,3.1,2,6.2,Credit Card,1173
1933,2025-03-17,09:56:38,1,Downtown,117,Merchandise,Bag,Coffee Beans - 12oz Bag,12.5,1,12.5,Cash,1285
1934,2025-03-17,08:33:00,3,Uptown,104,Coffee,Latte,Latte - Regular,3.75,1,3.75,Credit Card,1196
1935,2025-03-17,16:11:12,5,Lakeside Plaza,112,Bakery,Croissant,Butter Croissant,3.25,2,6.5,Cash,1255
1936,2025-03-17,07:43:58,2,Riverside Mall,112,Bakery,Croissant,Butter Croissant,3.25,1,3.25,Credit Card,1191
1937,2025-03-17,13:52:52,4,Airport Terminal 2,106,Coffee,Cappuccino,Cappuccino - Regular,3.65,1,3.65,Cash,1318
1938,2025-03-17,16:19:59,5,Lakeside Plaza,104,Coffee,Latte,Latte - Regular,3.75,1,3.75,Credit Card,1178
1939,2025-03-17,08:06:31,5,Lakeside Plaza,117,Merchandise,Bag,Coffee Beans - 12oz Bag,12.5,1,12.5,Mobile Pay,1079
1940,2025-03-17,18:35:53,3,Uptown,115,Pastry,Cookie,Chocolate Chip Cookie,2.1,1,2.1,Mobile Pay,1229
1941,2025-03-17,10:23:09,5,Lakeside Plaza,103,Coffee,Espresso,Espresso Shot,2.2,1,2.2,Credit Card,1418
1942,2025-03-18,11:58:58,4,Airport Terminal 2,102,Coffee,Brewed Coffee,Brewed Coffee - Large,2.95,1,2.95,Mobile Pay,1431
1943,2025-03-18,16:05:42,5,Lakeside Plaza,104,Coffee,Latte,Latte - Regular,3.75,2,7.5,Credit Card,1269
1944,2025-03-18,11:34:41,5,Lakeside Plaza,117,Merchandise,Bag,Coffee Beans - 12oz Bag,12.5,1,12.5,Cash,1164
1945,2025-03-18,18:27:25,2,Riverside Mall,110,Tea,Brewed Tea,Earl Grey,2.75,1,2.75,Credit Card,1042
1946,2025-03-18,10:30:39,4,Airport Terminal 2,104,Coffee,Latte,Latte - Regular,3.75,1,3.75,Mobile Pay,1254
1947,2025-03-18,13:02:12,3,Uptown,102,Coffee,Brewed Coffee,Brewed Coffee - Large,2.95,3,8.85,Mobile Pay,1157
1948,2025-03-18,08:20:47,5,Lakeside Plaza,118,Merchandise,Mug,Branded Ceramic Mug,9.99,1,9.99,Cash,1014
1949,2025-03-18,08:34:03,3,Uptown,113,Bakery,Muffin,Blueberry Muffin,3.1,2,6.2,Mobile Pay,1350
1950,2025-03-18,16:32:23,5,Lakeside Plaza,117,Merchandise,Bag,Coffee Beans - 12oz Bag,12.5,2,25.0,Mobile Pay,1022
1951,2025-03-18,18:57:14,1,Downtown,115,Pastry,Cookie,Chocolate Chip Cookie,2.1,2,4.2,Credit Card,1037
1952,2025-03-18,13:39:00,4,Airport Terminal 2,107,Coffee,Cold Brew,Cold Brew - Regular,3.95,1,3.95,Credit Card,1195
1953,2025-03-18,06:15:42,1,Downtown,110,Tea,Brewed Tea,Earl Grey,2.75,2,5.5,Credit Card,1425
1954,2025-03-18,16:23:58,2,Riverside Mall,113,Bakery,Muffin,Blueberry Muffin,3.1,2,6.2,Cash,1022
1955,2025-03-18,14:16:56,5,Lakeside Plaza,108,Coffee,Cold Brew,Cold Brew - Large,4.45,3,13.35,Credit Card,1348
1956,2025-03-18,18:41:47,3,Uptown,107,Coffee,Cold Brew,Cold Brew - Regular,3.95,3,11.85,Credit Card,1209
1957,2025-03-18,11:53:57,4,Airport Terminal 2,114,Bakery,Bagel,Plain Bagel with Cream Cheese,3.4,1,3.4,Credit Card,1398
1958,2025-03-18,14:25:02,5,Lakeside Plaza,101,Coffee,Brewed Coffee,Brewed Coffee - Regular,2.5,2,5.0,Cash,1229
1959,2025-03-18,14:07:10,2,Riverside Mall,103,Coffee,Espresso,Espresso Shot,2.2,3,6.6,Cash,1250
1960,2025-03-18,08:47:16,5,Lakeside Plaza,111,Tea,Chai,Chai Latte - Regular,3.85,4,15.4,Mobile Pay,1366
1961,2025-03-18,13:18:54,4,Airport Terminal 2,110,Tea,Brewed Tea,Earl Grey,2.75,1,2.75,Mobile Pay,1055
1962,2025-03-18,18:35:54,4,Airport Terminal 2,107,Coffee,Cold Brew,Cold Brew - Regular,3.95,1,3.95,Credit Card,1065
1963,2025-03-18,12:07:14,1,Downtown,116,Pastry,Scone,Cranberry Scone,2.95,1,2.95,Cash,1198
1964,2025-03-18,12:23:28,1,Downtown,108,Coffee,Cold Brew,Cold Brew - Large,4.45,2,8.9,Credit Card,1226
1965,2025-03-18,15:12:49,1,Downtown,117,Merchandise,Bag,Coffee Beans - 12oz Bag,12.5,1,12.5,Cash,1162
1966,2025-03-18,10:16:58,1,Downtown,105,Coffee,Latte,Latte - Large,4.25,1,4.25,Credit Card,1236
1967,2025-03-18,11:18:32,1,Downtown,113,Bakery,Muffin,Blueberry Muffin,3.1,1,3.1,Credit Card,1094
1968,2025-03-18,06:28:04,3,Uptown,115,Pastry,Cookie,Chocolate Chip Cookie,2.1,2,4.2,Credit Card,1308
1969,2025-03-18,08:20:03,5,Lakeside Plaza,106,Coffee,Cappuccino,Cappuccino - Regular,3.65,1,3.65,Credit Card,1033
1970,2025-03-18,14:10:46,5,Lakeside Plaza,101,Coffee,Brewed Coffee,Brewed Coffee - Regular,2.5,3,7.5,Cash,1189
1971,2025-03-18,06:00:36,1,Downtown,108,Coffee,Cold Brew,Cold Brew - Large,4.45,1,4.45,Mobile Pay,1198
1972,2025-03-19,13:04:01,2,Riverside Mall,102,Coffee,Brewed Coffee,Brewed Coffee - Large,2.95,2,5.9,Mobile Pay,1243
1973,2025-03-19,15:24:28,4,Airport Terminal 2,110,Tea,Brewed Tea,Earl Grey,2.75,3,8.25,Credit Card,1121
1974,2025-03-19,10:40:29,5,Lakeside Plaza,109,Tea,Brewed Tea,Green Tea,2.75,1,2.75,Credit Card,1078
1975,2025-03-19,08:40:46,3,Uptown,108,Coffee,Cold Brew,Cold Brew - Large,4.45,1,4.45,Mobile Pay,1198
1976,2025-03-19,15:27:51,2,Riverside Mall,112,Bakery,Croissant,Butter Croissant,3.25,1,3.25,Credit Card,1021
1977,2025-03-19,19:08:53,5,Lakeside Plaza,108,Coffee,Cold Brew,Cold Brew - Large,4.45,2,8.9,Mobile Pay,1106
1978,2025-03-19,12:28:28,4,Airport Terminal 2,114,Bakery,Bagel,Plain Bagel with Cream Cheese,3.4,4,13.6,Credit Card,1237
1979,2025-03-19,08:33:13,3,Uptown,113,Bakery,Muffin,Blueberry Muffin,3.1,1,3.1,Cash,1364
1980,2025-03-19,17:35:55,2,Riverside Mall,112,Bakery,Croissant,Butter Croissant,3.25,2,6.5,Credit Card,1209
1981,2025-03-19,11:30:06,3,Uptown,107,Coffee,Cold Brew,Cold Brew - Regular,3.95,1,3.95,Credit Card,1231
1982,2025-03-19,07:13:21,5,Lakeside Plaza,114,Bakery,Bagel,Plain Bagel with Cream Cheese,3.4,1,3.4,Credit Card,1080
1983,2025-03-19,08:28:01,5,Lakeside Plaza,114,Bakery,Bagel,Plain Bagel with Cream Cheese,3.4,2,6.8,Credit Card,1197
1984,2025-03-19,19:43:36,2,Riverside Mall,109,Tea,Brewed Tea,Green Tea,2.75,2,5.5,Credit Card,1328
1985,2025-03-19,11:29:15,2,Riverside Mall,105,Coffee,Latte,Latte - Large,4.25,3,12.75,Mobile Pay,1066
1986,2025-03-19,14:48:39,4,Airport Terminal 2,111,Tea,Chai,Chai Latte - Regular,3.85,1,3.85,Mobile Pay,1321
1987,2025-03-19,07:00:58,1,Downtown,103,Coffee,Espresso,Espresso Shot,2.2,3,6.6,Credit Card,1027
1988,2025-03-19,18:22:12,1,Downtown,111,Tea,Chai,Chai Latte - Regular,3.85,2,7.7,Credit Card,1109
1989,2025-03-19,14:20:37,1,Downtown,112,Bakery,Croissant,Butter Croissant,3.25,3,9.75,Credit Card,1228
1990,2025-03-19,10:51:35,2,Riverside Mall,110,Tea,Brewed Tea,Earl Grey,2.75,1,2.75,Cash,1077
1991,2025-03-20,08:35:40,5,Lakeside Plaza,114,Bakery,Bagel,Plain Bagel with Cream Cheese,3.4,1,3.4,Credit Card,1143
1992,2025-03-20,14:09:58,2,Riverside Mall,104,Coffee,Latte,Latte - Regular,3.75,1,3.75,Cash,1386
1993,2025-03-20,11:10:49,4,Airport Terminal 2,116,Pastry,Scone,Cranberry Scone,2.95,1,2.95,Mobile Pay,1352
1994,2025-03-20,14:11:28,3,Uptown,115,Pastry,Cookie,Chocolate Chip Cookie,2.1,3,6.3,Mobile Pay,1251
1995,2025-03-20,17:05:56,5,Lakeside Plaza,112,Bakery,Croissant,Butter Croissant,3.25,1,3.25,Cash,1090
1996,2025-03-20,17:07:59,3,Uptown,113,Bakery,Muffin,Blueberry Muffin,3.1,2,6.2,Cash,1342
1997,2025-03-20,15:50:05,3,Uptown,110,Tea,Brewed Tea,Earl Grey,2.75,1,2.75,Credit Card,1409
1998,2025-03-20,19:23:54,5,Lakeside Plaza,114,Bakery,Bagel,Plain Bagel with Cream Cheese,3.4,1,3.4,Credit Card,1262
1999,2025-03-20,13:57:10,5,Lakeside Plaza,101,Coffee,Brewed Coffee,Brewed Coffee - Regular,2.5,1,2.5,Credit Card,1122
2000,2025-03-20,19:21:02,3,Uptown,115,Pastry,Cookie,Chocolate Chip Cookie,2.1,1,2.1,Credit Card,1388
2001,2025-03-20,13:08:55,1,Downtown,111,Tea,Chai,Chai Latte - Regular,3.85,4,15.4,Cash,1319
2002,2025-03-20,10:12:57,5,Lakeside Plaza,101,Coffee,Brewed Coffee,Brewed Coffee - Regular,2.5,1,2.5,Cash,1198
2003,2025-03-20,10:51:32,3,Uptown,113,Bakery,Muffin,Blueberry Muffin,3.1,3,9.3,Credit Card,1401
2004,2025-03-20,18:46:16,3,Uptown,105,Coffee,Latte,Latte - Large,4.25,1,4.25,Credit Card,1250
2005,2025-03-20,17:05:51,1,Downtown,115,Pastry,Cookie,Chocolate Chip Cookie,2.1,2,4.2,Mobile Pay,1163
2006,2025-03-20,16:51:48,1,Downtown,101,Coffee,Brewed Coffee,Brewed Coffee - Regular,2.5,1,2.5,Cash,1038
2007,2025-03-20,14:15:49,1,Downtown,105,Coffee,Latte,Latte - Large,4.25,1,4.25,Cash,1038
2008,2025-03-20,16:39:04,1,Downtown,111,Tea,Chai,Chai Latte - Regular,3.85,1,3.85,Mobile Pay,1320
2009,2025-03-20,16:06:39,4,Airport Terminal 2,111,Tea,Chai,Chai Latte - Regular,3.85,1,3.85,Cash,1360
2010,2025-03-21,07:05:00,1,Downtown,106,Coffee,Cappuccino,Cappuccino - Regular,3.65,1,3.65,Credit Card,1351
2011,2025-03-21,11:40:33,1,Downtown,103,Coffee,Espresso,Espresso Shot,2.2,1,2.2,Cash,1418
2012,2025-03-21,12:46:43,4,Airport Terminal 2,106,Coffee,Cappuccino,Cappuccino - Regular,3.65,1,3.65,Cash,1440
2013,2025-03-21,06:11:12,2,Riverside Mall,117,Merchandise,Bag,Coffee Beans - 12oz Bag,12.5,1,12.5,Credit Card,1449
2014,2025-03-21,15:04:12,2,Riverside Mall,104,Coffee,Latte,Latte - Regular,3.75,1,3.75,Mobile Pay,1164
2015,2025-03-21,11:53:37,2,Riverside Mall,106,Coffee,Cappuccino,Cappuccino - Regular,3.65,1,3.65,Credit Card,1211
2016,2025-03-21,12:52:22,3,Uptown,107,Coffee,Cold Brew,Cold Brew - Regular,3.95,2,7.9,Cash,1271
2017,2025-03-21,15:04:03,3,Uptown,110,Tea,Brewed Tea,Earl Grey,2.75,1,2.75,Mobile Pay,1176
2018,2025-03-21,07:48:57,1,Downtown,114,Bakery,Bagel,Plain Bagel with Cream Cheese,3.4,2,6.8,Mobile Pay,1006
2019,2025-03-21,14:58:58,1,Downtown,111,Tea,Chai,Chai Latte - Regular,3.85,1,3.85,Credit Card,1348
2020,2025-03-21,15:20:28,1,Downtown,109,Tea,Brewed Tea,Green Tea,2.75,1,2.75,Credit Card,1415
2021,2025-03-21,15:20:34,4,Airport Terminal 2,110,Tea,Brewed Tea,Earl Grey,2.75,4,11.0,Credit Card,1097
2022,2025-03-21,15:26:29,2,Riverside Mall,102,Coffee,Brewed Coffee,Brewed Coffee - Large,2.95,3,8.85,Mobile Pay,1166
2023,2025-03-21,16:29:28,4,Airport Terminal 2,115,Pastry,Cookie,Chocolate Chip Cookie,2.1,1,2.1,Mobile Pay,1377
2024,2025-03-21,17:50:20,4,Airport Terminal 2,101,Coffee,Brewed Coffee,Brewed Coffee - Regular,2.5,1,2.5,Credit Card,1445
2025,2025-03-21,06:50:52,4,Airport Terminal 2,112,Bakery,Croissant,Butter Croissant,3.25,2,6.5,Cash,1088
2026,2025-03-21,07:25:30,2,Riverside Mall,107,Coffee,Cold Brew,Cold Brew - Regular,3.95,1,3.95,Cash,1172
2027,2025-03-21,08:53:54,4,Airport Terminal 2,113,Bakery,Muffin,Blueberry Muffin,3.1,1,3.1,Cash,1116
2028,2025-03-21,12:54:10,5,Lakeside Plaza,116,Pastry,Scone,Cranberry Scone,2.95,1,2.95,Cash,1340
2029,2025-03-21,18:45:30,1,Downtown,103,Coffee,Espresso,Espresso Shot,2.2,2,4.4,Credit Card,1072
2030,2025-03-21,12:00:19,4,Airport Terminal 2,107,Coffee,Cold Brew,Cold Brew - Regular,3.95,2,7.9,Credit Card,1173
2031,2025-03-21,14:38:08,5,Lakeside Plaza,114,Bakery,Bagel,Plain Bagel with Cream Cheese,3.4,1,3.4,Credit Card,1174
2032,2025-03-21,13:30:04,2,Riverside Mall,112,Bakery,Croissant,Butter Croissant,3.25,1,3.25,Credit Card,1189
2033,2025-03-21,15:58:55,2,Riverside Mall,111,Tea,Chai,Chai Latte - Regular,3.85,3,11.55,Mobile Pay,1324
2034,2025-03-21,13:36:50,4,Airport Terminal 2,109,Tea,Brewed Tea,Green Tea,2.75,1,2.75,Mobile Pay,1099
2035,2025-03-21,15:39:15,3,Uptown,108,Coffee,Cold Brew,Cold Brew - Large,4.45,2,8.9,Credit Card,1127
2036,2025-03-21,10:56:06,4,Airport Terminal 2,101,Coffee,Brewed Coffee,Brewed Coffee - Regular,2.5,1,2.5,Credit Card,1075
2037,2025-03-21,13:38:57,1,Downtown,117,Merchandise,Bag,Coffee Beans - 12oz Bag,12.5,3,37.5,Credit Card,1372
2038,2025-03-21,15:50:49,4,Airport Terminal 2,113,Bakery,Muffin,Blueberry Muffin,3.1,1,3.1,Credit Card,1073
2039,2025-03-21,09:40:00,1,Downtown,116,Pastry,Scone,Cranberry Scone,2.95,1,2.95,Credit Card,1422
2040,2025-03-21,15:20:31,5,Lakeside Plaza,105,Coffee,Latte,Latte - Large,4.25,4,17.0,Mobile Pay,1309
2041,2025-03-21,18:38:38,2,Riverside Mall,107,Coffee,Cold Brew,Cold Brew - Regular,3.95,1,3.95,Cash,1375
2042,2025-03-22,16:18:15,2,Riverside Mall,117,Merchandise,Bag,Coffee Beans - 12oz Bag,12.5,2,25.0,Credit Card,1216
2043,2025-03-22,09:09:18,1,Downtown,110,Tea,Brewed Tea,Earl Grey,2.75,1,2.75,Credit Card,1333
2044,2025-03-22,11:49:58,4,Airport Terminal 2,103,Coffee,Espresso,Espresso Shot,2.2,4,8.8,Credit Card,1228
2045,2025-03-22,14:48:20,5,Lakeside Plaza,106,Coffee,Cappuccino,Cappuccino - Regular,3.65,1,3.65,Credit Card,1140
2046,2025-03-22,09:37:08,2,Riverside Mall,115,Pastry,Cookie,Chocolate Chip Cookie,2.1,1,2.1,Cash,1008
2047,2025-03-22,12:09:20,3,Uptown,118,Merchandise,Mug,Branded Ceramic Mug,9.99,2,19.98,Credit Card,1192
2048,2025-03-22,11:20:39,4,Airport Terminal 2,111,Tea,Chai,Chai Latte - Regular,3.85,2,7.7,Credit Card,1017
2049,2025-03-22,17:03:46,3,Uptown,102,Coffee,Brewed Coffee,Brewed Coffee - Large,2.95,2,5.9,Credit Card,1067
2050,2025-03-22,08:33:10,1,Downtown,105,Coffee,Latte,Latte - Large,4.25,3,12.75,Cash,1120
2051,2025-03-22,10:26:21,3,Uptown,112,Bakery,Croissant,Butter Croissant,3.25,2,6.5,Credit Card,1252
2052,2025-03-22,12:50:25,1,Downtown,117,Merchandise,Bag,Coffee Beans - 12oz Bag,12.5,2,25.0,Mobile Pay,1280
2053,2025-03-22,08:48:58,2,Riverside Mall,115,Pastry,Cookie,Chocolate Chip Cookie,2.1,3,6.3,Credit Card,1116
2054,2025-03-22,07:53:44,5,Lakeside Plaza,101,Coffee,Brewed Coffee,Brewed Coffee - Regular,2.5,1,2.5,Cash,1021
2055,2025-03-22,18:08:32,2,Riverside Mall,105,Coffee,Latte,Latte - Large,4.25,1,4.25,Mobile Pay,1198
2056,2025-03-22,13:18:31,4,Airport Terminal 2,101,Coffee,Brewed Coffee,Brewed Coffee - Regular,2.5,1,2.5,Credit Card,1365
2057,2025-03-22,07:37:02,5,Lakeside Plaza,103,Coffee,Espresso,Espresso Shot,2.2,1,2.2,Credit Card,1298
2058,2025-03-22,14:23:32,3,Uptown,103,Coffee,Espresso,Espresso Shot,2.2,3,6.6,Credit Card,1084
2059,2025-03-22,06:40:47,2,Riverside Mall,118,Merchandise,Mug,Branded Ceramic Mug,9.99,2,19.98,Credit Card,1136
2060,2025-03-22,08:12:48,5,Lakeside Plaza,113,Bakery,Muffin,Blueberry Muffin,3.1,2,6.2,Cash,1171
2061,2025-03-22,08:18:28,3,Uptown,113,Bakery,Muffin,Blueberry Muffin,3.1,1,3.1,Mobile Pay,1308
2062,2025-03-22,08:07:02,5,Lakeside Plaza,113,Bakery,Muffin,Blueberry Muffin,3.1,1,3.1,Credit Card,1054
2063,2025-03-22,15:47:47,2,Riverside Mall,107,Coffee,Cold Brew,Cold Brew - Regular,3.95,1,3.95,Credit Card,1353
2064,2025-03-22,11:03:41,5,Lakeside Plaza,110,Tea,Brewed Tea,Earl Grey,2.75,2,5.5,Mobile Pay,1290
2065,2025-03-22,13:19:00,3,Uptown,107,Coffee,Cold Brew,Cold Brew - Regular,3.95,1,3.95,Mobile Pay,1092
2066,2025-03-22,18:24:46,2,Riverside Mall,116,Pastry,Scone,Cranberry Scone,2.95,1,2.95,Credit Card,1200
2067,2025-03-22,12:38:18,2,Riverside Mall,116,Pastry,Scone,Cranberry Scone,2.95,2,5.9,Mobile Pay,1341
2068,2025-03-22,14:56:00,2,Riverside Mall,103,Coffee,Espresso,Espresso Shot,2.2,3,6.6,Cash,1317
2069,2025-03-22,18:19:28,1,Downtown,109,Tea,Brewed Tea,Green Tea,2.75,1,2.75,Mobile Pay,1290
2070,2025-03-22,11:41:12,1,Downtown,102,Coffee,Brewed Coffee,Brewed Coffee - Large,2.95,4,11.8,Mobile Pay,1379
2071,2025-03-22,12:01:19,1,Downtown,109,Tea,Brewed Tea,Green Tea,2.75,2,5.5,Credit Card,1061
2072,2025-03-22,18:56:51,3,Uptown,115,Pastry,Cookie,Chocolate Chip Cookie,2.1,3,6.3,Mobile Pay,1061
2073,2025-03-22,08:07:05,1,Downtown,116,Pastry,Scone,Cranberry Scone,2.95,2,5.9,Mobile Pay,1233
2074,2025-03-23,09:44:36,5,Lakeside Plaza,109,Tea,Brewed Tea,Green Tea,2.75,1,2.75,Credit Card,1374
2075,2025-03-23,11:24:01,2,Riverside Mall,103,Coffee,Espresso,Espresso Shot,2.2,1,2.2,Mobile Pay,1221
2076,2025-03-23,19:36:57,4,Airport Terminal 2,106,Coffee,Cappuccino,Cappuccino - Regular,3.65,1,3.65,Mobile Pay,1032
2077,2025-03-23,15:12:51,3,Uptown,110,Tea,Brewed Tea,Earl Grey,2.75,1,2.75,Credit Card,1343
2078,2025-03-23,15:51:00,2,Riverside Mall,108,Coffee,Cold Brew,Cold Brew - Large,4.45,4,17.8,Mobile Pay,1022
2079,2025-03-23,18:31:50,4,Airport Terminal 2,118,Merchandise,Mug,Branded Ceramic Mug,9.99,1,9.99,Credit Card,1434
2080,2025-03-23,07:23:29,3,Uptown,112,Bakery,Croissant,Butter Croissant,3.25,2,6.5,Cash,1278
2081,2025-03-23,13:20:47,3,Uptown,118,Merchandise,Mug,Branded Ceramic Mug,9.99,2,19.98,Cash,1208
2082,2025-03-23,12:22:49,4,Airport Terminal 2,112,Bakery,Croissant,Butter Croissant,3.25,1,3.25,Credit Card,1416
2083,2025-03-23,11:27:05,4,Airport Terminal 2,118,Merchandise,Mug,Branded Ceramic Mug,9.99,2,19.98,Credit Card,1070
2084,2025-03-23,12:34:55,3,Uptown,115,Pastry,Cookie,Chocolate Chip Cookie,2.1,2,4.2,Credit Card,1021
2085,2025-03-23,13:53:47,2,Riverside Mall,111,Tea,Chai,Chai Latte - Regular,3.85,1,3.85,Credit Card,1408
2086,2025-03-23,07:26:56,2,Riverside Mall,113,Bakery,Muffin,Blueberry Muffin,3.1,1,3.1,Credit Card,1256
2087,2025-03-23,14:16:59,5,Lakeside Plaza,104,Coffee,Latte,Latte - Regular,3.75,1,3.75,Credit Card,1084
2088,2025-03-23,08:46:53,3,Uptown,116,Pastry,Scone,Cranberry Scone,2.95,2,5.9,Mobile Pay,1280
2089,2025-03-23,09:22:47,5,Lakeside Plaza,113,Bakery,Muffin,Blueberry Muffin,3.1,1,3.1,Mobile Pay,1384
2090,2025-03-23,08:44:57,2,Riverside Mall,115,Pastry,Cookie,Chocolate Chip Cookie,2.1,2,4.2,Cash,1366
2091,2025-03-23,13:58:04,5,Lakeside Plaza,104,Coffee,Latte,Latte - Regular,3.75,2,7.5,Credit Card,1156
2092,2025-03-23,16:34:40,4,Airport Terminal 2,110,Tea,Brewed Tea,Earl Grey,2.75,1,2.75,Cash,1417
2093,2025-03-23,09:13:11,1,Downtown,101,Coffee,Brewed Coffee,Brewed Coffee - Regular,2.5,2,5.0,Cash,1348
2094,2025-03-23,18:27:22,3,Uptown,115,Pastry,Cookie,Chocolate Chip Cookie,2.1,2,4.2,Credit Card,1005
2095,2025-03-23,11:13:19,3,Uptown,111,Tea,Chai,Chai Latte - Regular,3.85,1,3.85,Mobile Pay,1301
2096,2025-03-23,15:02:31,5,Lakeside Plaza,102,Coffee,Brewed Coffee,Brewed Coffee - Large,2.95,1,2.95,Credit Card,1015
2097,2025-03-23,15:49:06,4,Airport Terminal 2,113,Bakery,Muffin,Blueberry Muffin,3.1,1,3.1,Credit Card,1300
2098,2025-03-23,19:24:02,3,Uptown,116,Pastry,Scone,Cranberry Scone,2.95,4,11.8,Mobile Pay,1388
2099,2025-03-23,13:05:15,4,Airport Terminal 2,109,Tea,Brewed Tea,Green Tea,2.75,2,5.5,Credit Card,1366
2100,2025-03-23,11:21:15,1,Downtown,115,Pastry,Cookie,Chocolate Chip Cookie,2.1,2,4.2,Cash,1240
2101,2025-03-24,09:26:06,5,Lakeside Plaza,115,Pastry,Cookie,Chocolate Chip Cookie,2.1,1,2.1,Credit Card,1065
2102,2025-03-24,12:32:11,1,Downtown,117,Merchandise,Bag,Coffee Beans - 12oz Bag,12.5,1,12.5,Credit Card,1356
2103,2025-03-24,09:07:44,5,Lakeside Plaza,102,Coffee,Brewed Coffee,Brewed Coffee - Large,2.95,1,2.95,Mobile Pay,1089
2104,2025-03-24,07:38:21,3,Uptown,106,Coffee,Cappuccino,Cappuccino - Regular,3.65,1,3.65,Cash,1351
2105,2025-03-24,12:15:00,1,Downtown,107,Coffee,Cold Brew,Cold Brew - Regular,3.95,1,3.95,Mobile Pay,1381
2106,2025-03-24,07:11:14,2,Riverside Mall,113,Bakery,Muffin,Blueberry Muffin,3.1,1,3.1,Credit Card,1349
2107,2025-03-24,15:51:44,4,Airport Terminal 2,108,Coffee,Cold Brew,Cold Brew - Large,4.45,3,13.35,Cash,1059
2108,2025-03-24,15:38:36,2,Riverside Mall,105,Coffee,Latte,Latte - Large,4.25,1,4.25,Credit Card,1254
2109,2025-03-24,15:57:44,4,Airport Terminal 2,101,Coffee,Brewed Coffee,Brewed Coffee - Regular,2.5,1,2.5,Cash,1278
2110,2025-03-24,09:35:44,4,Airport Terminal 2,102,Coffee,Brewed Coffee,Brewed Coffee - Large,2.95,1,2.95,Cash,1033
2111,2025-03-24,11:58:15,3,Uptown,116,Pastry,Scone,Cranberry Scone,2.95,3,8.85,Cash,1448
2112,2025-03-24,07:11:42,1,Downtown,106,Coffee,Cappuccino,Cappuccino - Regular,3.65,1,3.65,Mobile Pay,1337
2113,2025-03-24,09:04:50,3,Uptown,118,Merchandise,Mug,Branded Ceramic Mug,9.99,2,19.98,Credit Card,1298
2114,2025-03-24,09:09:19,5,Lakeside Plaza,102,Coffee,Brewed Coffee,Brewed Coffee - Large,2.95,1,2.95,Credit Card,1359
2115,2025-03-24,13:00:07,3,Uptown,102,Coffee,Brewed Coffee,Brewed Coffee - Large,2.95,1,2.95,Credit Card,1136
2116,2025-03-24,17:08:20,1,Downtown,110,Tea,Brewed Tea,Earl Grey,2.75,3,8.25,Credit Card,1440
2117,2025-03-24,14:30:30,2,Riverside Mall,107,Coffee,Cold Brew,Cold Brew - Regular,3.95,1,3.95,Credit Card,1088
2118,2025-03-24,08:08:54,5,Lakeside Plaza,103,Coffee,Espresso,Espresso Shot,2.2,1,2.2,Mobile Pay,1440
2119,2025-03-24,19:04:36,4,Airport Terminal 2,117,Merchandise,Bag,Coffee Beans - 12oz Bag,12.5,1,12.5,Mobile Pay,1320
2120,2025-03-24,16:26:03,3,Uptown,108,Coffee,Cold Brew,Cold Brew - Large,4.45,2,8.9,Mobile Pay,1021
2121,2025-03-24,08:46:59,4,Airport Terminal 2,101,Coffee,Brewed Coffee,Brewed Coffee - Regular,2.5,1,2.5,Credit Card,1230
2122,2025-03-24,12:50:32,2,Riverside Mall,105,Coffee,Latte,Latte - Large,4.25,3,12.75,Mobile Pay,1330
2123,2025-03-25,14:18:31,2,Riverside Mall,108,Coffee,Cold Brew,Cold Brew - Large,4.45,2,8.9,Credit Card,1221
2124,2025-03-25,13:45:57,4,Airport Terminal 2,103,Coffee,Espresso,Espresso Shot,2.2,2,4.4,Credit Card,1395
2125,2025-03-25,11:29:41,3,Uptown,109,Tea,Brewed Tea,Green Tea,2.75,2,5.5,Credit Card,1174
2126,2025-03-25,17:54:30,5,Lakeside Plaza,111,Tea,Chai,Chai Latte - Regular,3.85,1,3.85,Mobile Pay,1197
2127,2025-03-25,17:38:38,5,Lakeside Plaza,118,Merchandise,Mug,Branded Ceramic Mug,9.99,2,19.98,Cash,1293
2128,2025-03-25,15:21:34,3,Uptown,103,Coffee,Espresso,Espresso Shot,2.2,1,2.2,Cash,1323
2129,2025-03-25,17:38:32,3,Uptown,109,Tea,Brewed Tea,Green Tea,2.75,1,2.75,Mobile Pay,1165
2130,2025-03-25,10:19:12,5,Lakeside Plaza,107,Coffee,Cold Brew,Cold Brew - Regular,3.95,2,7.9,Credit Card,1265
2131,2025-03-25,14:42:42,3,Uptown,109,Tea,Brewed Tea,Green Tea,2.75,1,2.75,Mobile Pay,1313
2132,2025-03-25,08:43:23,2,Riverside Mall,110,Tea,Brewed Tea,Earl Grey,2.75,2,5.5,Credit Card,1283
2133,2025-03-25,08:46:46,4,Airport Terminal 2,117,Merchandise,Bag,Coffee Beans - 12oz Bag,12.5,3,37.5,Credit Card,1326
2134,2025-03-25,08:41:51,5,Lakeside Plaza,111,Tea,Chai,Chai Latte - Regular,3.85,1,3.85,Credit Card,1125
2135,2025-03-25,13:09:16,3,Uptown,115,Pastry,Cookie,Chocolate Chip Cookie,2.1,2,4.2,Cash,1129
2136,2025-03-25,19:00:04,4,Airport Terminal 2,118,Merchandise,Mug,Branded Ceramic Mug,9.99,1,9.99,Mobile Pay,1130
2137,2025-03-25,14:17:32,4,Airport Terminal 2,118,Merchandise,Mug,Branded Ceramic Mug,9.99,1,9.99,Credit Card,1101
2138,2025-03-25,14:30:27,4,Airport Terminal 2,116,Pastry,Scone,Cranberry Scone,2.95,1,2.95,Cash,1061
2139,2025-03-25,15:03:02,1,Downtown,112,Bakery,Croissant,Butter Croissant,3.25,2,6.5,Cash,1142
2140,2025-03-25,08:06:59,5,Lakeside Plaza,109,Tea,Brewed Tea,Green Tea,2.75,2,5.5,Credit Card,1216
2141,2025-03-25,06:21:39,5,Lakeside Plaza,102,Coffee,Brewed Coffee,Brewed Coffee - Large,2.95,2,5.9,Credit Card,1145
2142,2025-03-25,14:36:48,2,Riverside Mall,108,Coffee,Cold Brew,Cold Brew - Large,4.45,1,4.45,Credit Card,1282
2143,2025-03-25,06:37:20,2,Riverside Mall,105,Coffee,Latte,Latte - Large,4.25,2,8.5,Mobile Pay,1087
2144,2025-03-25,13:01:10,4,Airport Terminal 2,107,Coffee,Cold Brew,Cold Brew - Regular,3.95,1,3.95,Credit Card,1379
2145,2025-03-25,08:15:54,3,Uptown,116,Pastry,Scone,Cranberry Scone,2.95,1,2.95,Credit Card,1123
2146,2025-03-25,17:17:06,2,Riverside Mall,106,Coffee,Cappuccino,Cappuccino - Regular,3.65,1,3.65,Credit Card,1343
2147,2025-03-25,12:14:06,5,Lakeside Plaza,113,Bakery,Muffin,Blueberry Muffin,3.1,2,6.2,Credit Card,1209
2148,2025-03-25,15:24:54,4,Airport Terminal 2,105,Coffee,Latte,Latte - Large,4.25,2,8.5,Cash,1194
2149,2025-03-25,17:31:27,3,Uptown,107,Coffee,Cold Brew,Cold Brew - Regular,3.95,2,7.9,Credit Card,1268
2150,2025-03-25,13:24:53,1,Downtown,116,Pastry,Scone,Cranberry Scone,2.95,1,2.95,Credit Card,1105
2151,2025-03-26,08:25:13,1,Downtown,113,Bakery,Muffin,Blueberry Muffin,3.1,1,3.1,Credit Card,1180
2152,2025-03-26,17:24:38,2,Riverside Mall,110,Tea,Brewed Tea,Earl Grey,2.75,3,8.25,Credit Card,1012
2153,2025-03-26,14:04:28,5,Lakeside Plaza,108,Coffee,Cold Brew,Cold Brew - Large,4.45,2,8.9,Credit Card,1011
2154,2025-03-26,11:31:27,3,Uptown,112,Bakery,Croissant,Butter Croissant,3.25,2,6.5,Cash,1217
2155,2025-03-26,09:23:58,3,Uptown,112,Bakery,Croissant,Butter Croissant,3.25,4,13.0,Cash,1245
2156,2025-03-26,14:51:12,2,Riverside Mall,117,Merchandise,Bag,Coffee Beans - 12oz Bag,12.5,2,25.0,Credit Card,1195
2157,2025-03-26,15:10:05,2,Riverside Mall,103,Coffee,Espresso,Espresso Shot,2.2,2,4.4,Cash,1283
2158,2025-03-26,18:28:09,1,Downtown,117,Merchandise,Bag,Coffee Beans - 12oz Bag,12.5,1,12.5,Credit Card,1439
2159,2025-03-26,11:10:33,2,Riverside Mall,108,Coffee,Cold Brew,Cold Brew - Large,4.45,1,4.45,Cash,1446
2160,2025-03-26,09:30:27,1,Downtown,106,Coffee,Cappuccino,Cappuccino - Regular,3.65,3,10.95,Cash,1120
2161,2025-03-26,07:06:17,2,Riverside Mall,103,Coffee,Espresso,Espresso Shot,2.2,2,4.4,Credit Card,1091
2162,2025-03-26,15:46:11,4,Airport Terminal 2,118,Merchandise,Mug,Branded Ceramic Mug,9.99,1,9.99,Credit Card,1095
2163,2025-03-26,16:49:17,1,Downtown,111,Tea,Chai,Chai Latte - Regular,3.85,1,3.85,Credit Card,1010
2164,2025-03-26,08:03:30,1,Downtown,113,Bakery,Muffin,Blueberry Muffin,3.1,1,3.1,Credit Card,1067
2165,2025-03-26,14:17:29,5,Lakeside Plaza,112,Bakery,Croissant,Butter Croissant,3.25,1,3.25,Credit Card,1089
2166,2025-03-26,14:48:02,2,Riverside Mall,106,Coffee,Cappuccino,Cappuccino - Regular,3.65,1,3.65,Cash,1193
2167,2025-03-26,13:31:43,3,Uptown,115,Pastry,Cookie,Chocolate Chip Cookie,2.1,2,4.2,Credit Card,1281
2168,2025-03-26,12:41:33,4,Airport Terminal 2,117,Merchandise,Bag,Coffee Beans - 12oz Bag,12.5,1,12.5,Credit Card,1310
2169,2025-03-26,13:26:10,4,Airport Terminal 2,109,Tea,Brewed Tea,Green Tea,2.75,1,2.75,Cash,1255
2170,2025-03-26,07:23:53,1,Downtown,107,Coffee,Cold Brew,Cold Brew - Regular,3.95,1,3.95,Mobile Pay,1309
2171,2025-03-26,09:01:20,4,Airport Terminal 2,113,Bakery,Muffin,Blueberry Muffin,3.1,1,3.1,Cash,1384
2172,2025-03-26,12:37:50,4,Airport Terminal 2,105,Coffee,Latte,Latte - Large,4.25,2,8.5,Credit Card,1071
2173,2025-03-26,09:01:57,3,Uptown,113,Bakery,Muffin,Blueberry Muffin,3.1,1,3.1,Credit Card,1224
2174,2025-03-26,15:23:56,4,Airport Terminal 2,115,Pastry,Cookie,Chocolate Chip Cookie,2.1,1,2.1,Credit Card,1066
2175,2025-03-26,18:57:40,1,Downtown,108,Coffee,Cold Brew,Cold Brew - Large,4.45,3,13.35,Credit Card,1151
2176,2025-03-26,17:56:41,3,Uptown,115,Pastry,Cookie,Chocolate Chip Cookie,2.1,3,6.3,Credit Card,1039
2177,2025-03-26,13:02:59,3,Uptown,117,Merchandise,Bag,Coffee Beans - 12oz Bag,12.5,4,50.0,Credit Card,1433
2178,2025-03-26,08:59:32,3,Uptown,111,Tea,Chai,Chai Latte - Regular,3.85,1,3.85,Cash,1051
2179,2025-03-26,07:32:13,5,Lakeside Plaza,109,Tea,Brewed Tea,Green Tea,2.75,2,5.5,Cash,1190
2180,2025-03-27,10:20:18,3,Uptown,115,Pastry,Cookie,Chocolate Chip Cookie,2.1,1,2.1,Credit Card,1410
2181,2025-03-27,15:27:48,1,Downtown,115,Pastry,Cookie,Chocolate Chip Cookie,2.1,1,2.1,Mobile Pay,1341
2182,2025-03-27,07:09:59,5,Lakeside Plaza,117,Merchandise,Bag,Coffee Beans - 12oz Bag,12.5,2,25.0,Credit Card,1169
2183,2025-03-27,08:48:58,4,Airport Terminal 2,109,Tea,Brewed Tea,Green Tea,2.75,1,2.75,Credit Card,1315
2184,2025-03-27,07:19:00,4,Airport Terminal 2,108,Coffee,Cold Brew,Cold Brew - Large,4.45,4,17.8,Credit Card,1099
2185,2025-03-27,16:56:09,2,Riverside Mall,114,Bakery,Bagel,Plain Bagel with Cream Cheese,3.4,1,3.4,Credit Card,1290
2186,2025-03-27,19:10:54,2,Riverside Mall,101,Coffee,Brewed Coffee,Brewed Coffee - Regular,2.5,1,2.5,Credit Card,1372
2187,2025-03-27,12:10:59,1,Downtown,108,Coffee,Cold Brew,Cold Brew - Large,4.45,2,8.9,Cash,1058
2188,2025-03-27,14:23:54,4,Airport Terminal 2,111,Tea,Chai,Chai Latte - Regular,3.85,1,3.85,Credit Card,1132
2189,2025-03-27,14:20:33,5,Lakeside Plaza,111,Tea,Chai,Chai Latte - Regular,3.85,1,3.85,Mobile Pay,1349
2190,2025-03-27,15:51:38,5,Lakeside Plaza,117,Merchandise,Bag,Coffee Beans - 12oz Bag,12.5,2,25.0,Credit Card,1125
2191,2025-03-27,12:21:32,1,Downtown,114,Bakery,Bagel,Plain Bagel with Cream Cheese,3.4,1,3.4,Mobile Pay,1370
2192,2025-03-27,16:16:06,1,Downtown,110,Tea,Brewed Tea,Earl Grey,2.75,2,5.5,Credit Card,1284
2193,2025-03-27,12:09:59,2,Riverside Mall,108,Coffee,Cold Brew,Cold Brew - Large,4.45,1,4.45,Credit Card,1277
2194,2025-03-27,12:21:19,4,Airport Terminal 2,113,Bakery,Muffin,Blueberry Muffin,3.1,1,3.1,Credit Card,1083
2195,2025-03-27,17:03:27,1,Downtown,111,Tea,Chai,Chai Latte - Regular,3.85,1,3.85,Cash,1221
2196,2025-03-27,10:23:07,4,Airport Terminal 2,101,Coffee,Brewed Coffee,Brewed Coffee - Regular,2.5,1,2.5,Mobile Pay,1249
2197,2025-03-27,14:25:27,4,Airport Terminal 2,113,Bakery,Muffin,Blueberry Muffin,3.1,2,6.2,Credit Card,1146
2198,2025-03-27,08:20:37,2,Riverside Mall,111,Tea,Chai,Chai Latte - Regular,3.85,1,3.85,Cash,1042
2199,2025-03-27,08:27:31,1,Downtown,101,Coffee,Brewed Coffee,Brewed Coffee - Regular,2.5,3,7.5,Mobile Pay,1406
2200,2025-03-27,06:11:02,2,Riverside Mall,102,Coffee,Brewed Coffee,Brewed Coffee - Large,2.95,1,2.95,Credit Card,1431
2201,2025-03-27,07:57:19,3,Uptown,103,Coffee,Espresso,Espresso Shot,2.2,1,2.2,Mobile Pay,1019
2202,2025-03-27,14:52:59,1,Downtown,102,Coffee,Brewed Coffee,Brewed Coffee - Large,2.95,1,2.95,Mobile Pay,1087
2203,2025-03-27,09:18:39,4,Airport Terminal 2,104,Coffee,Latte,Latte - Regular,3.75,2,7.5,Mobile Pay,1036
2204,2025-03-28,12:54:16,2,Riverside Mall,103,Coffee,Espresso,Espresso Shot,2.2,1,2.2,Credit Card,1397
2205,2025-03-28,14:44:18,1,Downtown,116,Pastry,Scone,Cranberry Scone,2.95,1,2.95,Credit Card,1436
2206,2025-03-28,16:22:32,2,Riverside Mall,116,Pastry,Scone,Cranberry Scone,2.95,1,2.95,Credit Card,1334
2207,2025-03-28,16:15:50,4,Airport Terminal 2,114,Bakery,Bagel,Plain Bagel with Cream Cheese,3.4,4,13.6,Credit Card,1158
2208,2025-03-28,12:45:09,2,Riverside Mall,108,Coffee,Cold Brew,Cold Brew - Large,4.45,1,4.45,Credit Card,1030
2209,2025-03-28,08:28:08,1,Downtown,105,Coffee,Latte,Latte - Large,4.25,1,4.25,Credit Card,1037
2210,2025-03-28,14:45:30,3,Uptown,111,Tea,Chai,Chai Latte - Regular,3.85,1,3.85,Mobile Pay,1062
2211,2025-03-28,18:13:57,5,Lakeside Plaza,110,Tea,Brewed Tea,Earl Grey,2.75,1,2.75,Credit Card,1017
2212,2025-03-28,10:03:02,4,Airport Terminal 2,107,Coffee,Cold Brew,Cold Brew - Regular,3.95,2,7.9,Credit Card,1411
2213,2025-03-28,12:25:50,2,Riverside Mall,116,Pastry,Scone,Cranberry Scone,2.95,2,5.9,Credit Card,1165
2214,2025-03-28,14:58:48,3,Uptown,114,Bakery,Bagel,Plain Bagel with Cream Cheese,3.4,1,3.4,Cash,1358
2215,2025-03-28,12:31:56,2,Riverside Mall,109,Tea,Brewed Tea,Green Tea,2.75,4,11.0,Cash,1075
2216,2025-03-28,13:31:17,2,Riverside Mall,108,Coffee,Cold Brew,Cold Brew - Large,4.45,3,13.35,Cash,1369
2217,2025-03-28,14:45:21,1,Downtown,101,Coffee,Brewed Coffee,Brewed Coffee - Regular,2.5,2,5.0,Credit Card,1190
2218,2025-03-28,15:32:12,1,Downtown,116,Pastry,Scone,Cranberry Scone,2.95,1,2.95,Credit Card,1170
2219,2025-03-28,13:56:33,5,Lakeside Plaza,109,Tea,Brewed Tea,Green Tea,2.75,4,11.0,Mobile Pay,1313
2220,2025-03-28,15:46:51,2,Riverside Mall,114,Bakery,Bagel,Plain Bagel with Cream Cheese,3.4,1,3.4,Credit Card,1368
2221,2025-03-28,19:29:02,3,Uptown,118,Merchandise,Mug,Branded Ceramic Mug,9.99,1,9.99,Credit Card,1009
2222,2025-03-28,16:26:59,1,Downtown,116,Pastry,Scone,Cranberry Scone,2.95,1,2.95,Credit Card,1311
2223,2025-03-28,12:19:57,3,Uptown,108,Coffee,Cold Brew,Cold Brew - Large,4.45,2,8.9,Mobile Pay,1019
2224,2025-03-28,11:00:33,5,Lakeside Plaza,109,Tea,Brewed Tea,Green Tea,2.75,1,2.75,Mobile Pay,1113
2225,2025-03-28,11:27:03,4,Airport Terminal 2,108,Coffee,Cold Brew,Cold Brew - Large,4.45,4,17.8,Mobile Pay,1410
2226,2025-03-29,06:55:46,5,Lakeside Plaza,114,Bakery,Bagel,Plain Bagel with Cream Cheese,3.4,2,6.8,Mobile Pay,1327
2227,2025-03-29,13:37:13,5,Lakeside Plaza,102,Coffee,Brewed Coffee,Brewed Coffee - Large,2.95,1,2.95,Credit Card,1282
2228,2025-03-29,17:24:35,1,Downtown,108,Coffee,Cold Brew,Cold Brew - Large,4.45,2,8.9,Credit Card,1090
2229,2025-03-29,15:05:21,2,Riverside Mall,101,Coffee,Brewed Coffee,Brewed Coffee - Regular,2.5,2,5.0,Cash,1245
2230,2025-03-29,08:18:42,2,Riverside Mall,109,Tea,Brewed Tea,Green Tea,2.75,1,2.75,Mobile Pay,1082
2231,2025-03-29,11:48:59,2,Riverside Mall,106,Coffee,Cappuccino,Cappuccino - Regular,3.65,1,3.65,Credit Card,1277
2232,2025-03-29,19:55:07,1,Downtown,103,Coffee,Espresso,Espresso Shot,2.2,3,6.6,Mobile Pay,1001
2233,2025-03-29,18:07:48,1,Downtown,109,Tea,Brewed Tea,Green Tea,2.75,1,2.75,Credit Card,1062
2234,2025-03-29,13:30:42,5,Lakeside Plaza,115,Pastry,Cookie,Chocolate Chip Cookie,2.1,2,4.2,Cash,1402
2235,2025-03-29,08:51:12,1,Downtown,112,Bakery,Croissant,Butter Croissant,3.25,1,3.25,Credit Card,1128
2236,2025-03-29,19:10:09,5,Lakeside Plaza,103,Coffee,Espresso,Espresso Shot,2.2,1,2.2,Mobile Pay,1267
2237,2025-03-29,12:59:48,5,Lakeside Plaza,107,Coffee,Cold Brew,Cold Brew - Regular,3.95,2,7.9,Credit Card,1015
2238,2025-03-29,08:32:49,4,Airport Terminal 2,114,Bakery,Bagel,Plain Bagel with Cream Cheese,3.4,2,6.8,Cash,1108
2239,2025-03-29,15:47:44,5,Lakeside Plaza,116,Pastry,Scone,Cranberry Scone,2.95,1,2.95,Credit Card,1381
2240,2025-03-29,15:24:20,4,Airport Terminal 2,118,Merchandise,Mug,Branded Ceramic Mug,9.99,2,19.98,Mobile Pay,1101
2241,2025-03-29,08:36:22,1,Downtown,115,Pastry,Cookie,Chocolate Chip Cookie,2.1,1,2.1,Mobile Pay,1340
2242,2025-03-29,15:00:20,3,Uptown,114,Bakery,Bagel,Plain Bagel with Cream Cheese,3.4,3,10.2,Cash,1043
2243,2025-03-29,13:07:37,1,Downtown,117,Merchandise,Bag,Coffee Beans - 12oz Bag,12.5,1,12.5,Credit Card,1253
2244,2025-03-29,08:51:02,5,Lakeside Plaza,111,Tea,Chai,Chai Latte - Regular,3.85,2,7.7,Credit Card,1326
2245,2025-03-29,16:18:02,3,Uptown,118,Merchandise,Mug,Branded Ceramic Mug,9.99,3,29.97,Mobile Pay,1028
2246,2025-03-29,16:09:17,2,Riverside Mall,109,Tea,Brewed Tea,Green Tea,2.75,1,2.75,Mobile Pay,1210
2247,2025-03-29,07:19:47,5,Lakeside Plaza,112,Bakery,Croissant,Butter Croissant,3.25,1,3.25,Cash,1011
2248,2025-03-29,08:05:55,3,Uptown,111,Tea,Chai,Chai Latte - Regular,3.85,1,3.85,Credit Card,1268
2249,2025-03-29,08:16:49,1,Downtown,112,Bakery,Croissant,Butter Croissant,3.25,1,3.25,Cash,1063
2250,2025-03-29,09:17:19,2,Riverside Mall,103,Coffee,Espresso,Espresso Shot,2.2,2,4.4,Mobile Pay,1281
2251,2025-03-29,18:55:44,1,Downtown,118,Merchandise,Mug,Branded Ceramic Mug,9.99,1,9.99,Credit Card,1282
2252,2025-03-30,10:56:26,4,Airport Terminal 2,102,Coffee,Brewed Coffee,Brewed Coffee - Large,2.95,1,2.95,Credit Card,1170
2253,2025-03-30,07:37:00,1,Downtown,105,Coffee,Latte,Latte - Large,4.25,1,4.25,Cash,1244
2254,2025-03-30,13:16:10,3,Uptown,113,Bakery,Muffin,Blueberry Muffin,3.1,1,3.1,Mobile Pay,1287
2255,2025-03-30,10:11:41,2,Riverside Mall,103,Coffee,Espresso,Espresso Shot,2.2,3,6.6,Mobile Pay,1358
2256,2025-03-30,09:45:08,1,Downtown,116,Pastry,Scone,Cranberry Scone,2.95,1,2.95,Mobile Pay,1420
2257,2025-03-30,19:00:43,5,Lakeside Plaza,108,Coffee,Cold Brew,Cold Brew - Large,4.45,1,4.45,Credit Card,1139
2258,2025-03-30,13:03:27,2,Riverside Mall,116,Pastry,Scone,Cranberry Scone,2.95,1,2.95,Credit Card,1341
2259,2025-03-30,10:25:37,5,Lakeside Plaza,110,Tea,Brewed Tea,Earl Grey,2.75,1,2.75,Credit Card,1296
2260,2025-03-30,15:16:41,2,Riverside Mall,104,Coffee,Latte,Latte - Regular,3.75,2,7.5,Mobile Pay,1000
2261,2025-03-30,15:44:08,4,Airport Terminal 2,107,Coffee,Cold Brew,Cold Brew - Regular,3.95,1,3.95,Credit Card,1416
2262,2025-03-30,08:02:14,1,Downtown,108,Coffee,Cold Brew,Cold Brew - Large,4.45,4,17.8,Cash,1381
2263,2025-03-30,08:13:17,1,Downtown,113,Bakery,Muffin,Blueberry Muffin,3.1,4,12.4,Cash,1294
2264,2025-03-30,16:00:26,2,Riverside Mall,104,Coffee,Latte,Latte - Regular,3.75,1,3.75,Credit Card,1105
2265,2025-03-30,16:20:26,2,Riverside Mall,104,Coffee,Latte,Latte - Regular,3.75,1,3.75,Credit Card,1265
2266,2025-03-30,16:09:13,4,Airport Terminal 2,107,Coffee,Cold Brew,Cold Brew - Regular,3.95,1,3.95,Mobile Pay,1096
2267,2025-03-30,13:17:27,2,Riverside Mall,116,Pastry,Scone,Cranberry Scone,2.95,1,2.95,Credit Card,1001
2268,2025-03-30,15:53:03,2,Riverside Mall,102,Coffee,Brewed Coffee,Brewed Coffee - Large,2.95,2,5.9,Credit Card,1268
2269,2025-03-30,17:09:18,4,Airport Terminal 2,104,Coffee,Latte,Latte - Regular,3.75,1,3.75,Mobile Pay,1218
2270,2025-03-30,07:29:22,4,Airport Terminal 2,117,Merchandise,Bag,Coffee Beans - 12oz Bag,12.5,1,12.5,Credit Card,1114
2271,2025-03-31,18:17:10,3,Uptown,116,Pastry,Scone,Cranberry Scone,2.95,1,2.95,Mobile Pay,1224
2272,2025-03-31,14:24:14,1,Downtown,108,Coffee,Cold Brew,Cold Brew - Large,4.45,4,17.8,Credit Card,1282
2273,2025-03-31,09:23:33,2,Riverside Mall,104,Coffee,Latte,Latte - Regular,3.75,1,3.75,Credit Card,1050
2274,2025-03-31,15:01:04,5,Lakeside Plaza,110,Tea,Brewed Tea,Earl Grey,2.75,1,2.75,Credit Card,1054
2275,2025-03-31,16:48:42,3,Uptown,109,Tea,Brewed Tea,Green Tea,2.75,3,8.25,Credit Card,1438
2276,2025-03-31,14:33:00,5,Lakeside Plaza,106,Coffee,Cappuccino,Cappuccino - Regular,3.65,1,3.65,Credit Card,1010
2277,2025-03-31,13:00:30,5,Lakeside Plaza,114,Bakery,Bagel,Plain Bagel with Cream Cheese,3.4,1,3.4,Credit Card,1055
2278,2025-03-31,15:17:37,4,Airport Terminal 2,109,Tea,Brewed Tea,Green Tea,2.75,1,2.75,Credit Card,1205
2279,2025-03-31,07:30:39,5,Lakeside Plaza,112,Bakery,Croissant,Butter Croissant,3.25,1,3.25,Credit Card,1125
2280,2025-03-31,12:15:34,3,Uptown,112,Bakery,Croissant,Butter Croissant,3.25,1,3.25,Credit Card,1116
2281,2025-03-31,15:06:36,5,Lakeside Plaza,101,Coffee,Brewed Coffee,Brewed Coffee - Regular,2.5,3,7.5,Credit Card,1118
2282,2025-03-31,12:34:47,1,Downtown,107,Coffee,Cold Brew,Cold Brew - Regular,3.95,1,3.95,Mobile Pay,1348
2283,2025-03-31,15:14:47,5,Lakeside Plaza,115,Pastry,Cookie,Chocolate Chip Cookie,2.1,1,2.1,Cash,1189
2284,2025-03-31,17:26:07,3,Uptown,101,Coffee,Brewed Coffee,Brewed Coffee - Regular,2.5,4,10.0,Credit Card,1329
2285,2025-03-31,07:59:15,4,Airport Terminal 2,107,Coffee,Cold Brew,Cold Brew - Regular,3.95,2,7.9,Mobile Pay,1047
2286,2025-03-31,15:48:15,5,Lakeside Plaza,118,Merchandise,Mug,Branded Ceramic Mug,9.99,1,9.99,Credit Card,1352
2287,2025-03-31,17:31:52,2,Riverside Mall,101,Coffee,Brewed Coffee,Brewed Coffee - Regular,2.5,4,10.0,Credit Card,1407
2288,2025-03-31,07:37:14,3,Uptown,104,Coffee,Latte,Latte - Regular,3.75,3,11.25,Cash,1142
2289,2025-03-31,15:35:44,3,Uptown,112,Bakery,Croissant,Butter Croissant,3.25,1,3.25,Cash,1378
2290,2025-03-31,14:12:11,5,Lakeside Plaza,101,Coffee,Brewed Coffee,Brewed Coffee - Regular,2.5,2,5.0,Credit Card,1119
2291,2025-03-31,16:12:08,2,Riverside Mall,107,Coffee,Cold Brew,Cold Brew - Regular,3.95,1,3.95,Credit Card,1031
2292,2025-03-31,07:46:58,2,Riverside Mall,105,Coffee,Latte,Latte - Large,4.25,2,8.5,Credit Card,1187
2293,2025-03-31,08:04:53,3,Uptown,114,Bakery,Bagel,Plain Bagel with Cream Cheese,3.4,3,10.2,Credit Card,1242
2294,2025-03-31,07:11:43,2,Riverside Mall,112,Bakery,Croissant,Butter Croissant,3.25,2,6.5,Cash,1215
2295,2025-03-31,07:26:06,2,Riverside Mall,107,Coffee,Cold Brew,Cold Brew - Regular,3.95,1,3.95,Mobile Pay,1358
2296,2025-03-31,15:56:43,3,Uptown,117,Merchandise,Bag,Coffee Beans - 12oz Bag,12.5,1,12.5,Mobile Pay,1302
2297,2025-03-31,17:10:53,5,Lakeside Plaza,111,Tea,Chai,Chai Latte - Regular,3.85,4,15.4,Credit Card,1272
2298,2025-03-31,12:39:53,2,Riverside Mall,115,Pastry,Cookie,Chocolate Chip Cookie,2.1,2,4.2,Credit Card,1142
2299,2025-03-31,17:51:49,5,Lakeside Plaza,107,Coffee,Cold Brew,Cold Brew - Regular,3.95,2,7.9,Credit Card,1100
2300,2025-04-01,17:55:37,5,Lakeside Plaza,115,Pastry,Cookie,Chocolate Chip Cookie,2.1,1,2.1,Cash,1355
2301,2025-04-01,15:34:54,1,Downtown,108,Coffee,Cold Brew,Cold Brew - Large,4.45,1,4.45,Credit Card,1245
2302,2025-04-01,07:11:34,5,Lakeside Plaza,105,Coffee,Latte,Latte - Large,4.25,3,12.75,Cash,1409
2303,2025-04-01,16:34:56,1,Downtown,117,Merchandise,Bag,Coffee Beans - 12oz Bag,12.5,1,12.5,Credit Card,1275
2304,2025-04-01,13:16:16,3,Uptown,117,Merchandise,Bag,Coffee Beans - 12oz Bag,12.5,1,12.5,Mobile Pay,1069
2305,2025-04-01,13:53:13,1,Downtown,114,Bakery,Bagel,Plain Bagel with Cream Cheese,3.4,1,3.4,Credit Card,1404
2306,2025-04-01,08:28:04,1,Downtown,117,Merchandise,Bag,Coffee Beans - 12oz Bag,12.5,1,12.5,Credit Card,1324
2307,2025-04-01,08:17:54,3,Uptown,115,Pastry,Cookie,Chocolate Chip Cookie,2.1,1,2.1,Mobile Pay,1016
2308,2025-04-01,16:46:01,1,Downtown,101,Coffee,Brewed Coffee,Brewed Coffee - Regular,2.5,1,2.5,Mobile Pay,1084
2309,2025-04-01,07:12:30,5,Lakeside Plaza,103,Coffee,Espresso,Espresso Shot,2.2,4,8.8,Credit Card,1050
2310,2025-04-01,07:40:47,5,Lakeside Plaza,112,Bakery,Croissant,Butter Croissant,3.25,4,13.0,Credit Card,1013
2311,2025-04-01,11:07:50,3,Uptown,111,Tea,Chai,Chai Latte - Regular,3.85,3,11.55,Credit Card,1330
2312,2025-04-01,08:34:52,3,Uptown,109,Tea,Brewed Tea,Green Tea,2.75,1,2.75,Credit Card,1342
2313,2025-04-01,13:58:49,4,Airport Terminal 2,110,Tea,Brewed Tea,Earl Grey,2.75,1,2.75,Mobile Pay,1089
2314,2025-04-01,14:02:20,3,Uptown,117,Merchandise,Bag,Coffee Beans - 12oz Bag,12.5,1,12.5,Credit Card,1020
2315,2025-04-01,07:03:00,4,Airport Terminal 2,101,Coffee,Brewed Coffee,Brewed Coffee - Regular,2.5,2,5.0,Credit Card,1125
2316,2025-04-01,11:33:17,3,Uptown,103,Coffee,Espresso,Espresso Shot,2.2,1,2.2,Credit Card,1207
2317,2025-04-01,11:51:17,1,Downtown,108,Coffee,Cold Brew,Cold Brew - Large,4.45,1,4.45,Credit Card,1164
2318,2025-04-01,10:10:50,1,Downtown,112,Bakery,Croissant,Butter Croissant,3.25,1,3.25,Cash,1373
2319,2025-04-01,07:13:15,1,Downtown,116,Pastry,Scone,Cranberry Scone,2.95,1,2.95,Credit Card,1438
2320,2025-04-01,16:01:49,4,Airport Terminal 2,112,Bakery,Croissant,Butter Croissant,3.25,2,6.5,Mobile Pay,1325
2321,2025-04-01,08:03:17,5,Lakeside Plaza,106,Coffee,Cappuccino,Cappuccino - Regular,3.65,2,7.3,Mobile Pay,1062
2322,2025-04-01,08:35:58,3,Uptown,117,Merchandise,Bag,Coffee Beans - 12oz Bag,12.5,1,12.5,Credit Card,1002
2323,2025-04-01,13:30:31,3,Uptown,106,Coffee,Cappuccino,Cappuccino - Regular,3.65,3,10.95,Credit Card,1127
2324,2025-04-02,14:25:17,2,Riverside Mall,117,Merchandise,Bag,Coffee Beans - 12oz Bag,12.5,1,12.5,Cash,1344
2325,2025-04-02,15:33:36,4,Airport Terminal 2,110,Tea,Brewed Tea,Earl Grey,2.75,2,5.5,Credit Card,1341
2326,2025-04-02,08:15:56,4,Airport Terminal 2,110,Tea,Brewed Tea,Earl Grey,2.75,1,2.75,Cash,1367
2327,2025-04-02,08:19:49,5,Lakeside Plaza,114,Bakery,Bagel,Plain Bagel with Cream Cheese,3.4,1,3.4,Mobile Pay,1236
2328,2025-04-02,18:40:24,4,Airport Terminal 2,110,Tea,Brewed Tea,Earl Grey,2.75,1,2.75,Credit Card,1384
2329,2025-04-02,08:50:14,3,Uptown,102,Coffee,Brewed Coffee,Brewed Coffee - Large,2.95,2,5.9,Credit Card,1188
2330,2025-04-02,08:55:58,2,Riverside Mall,110,Tea,Brewed Tea,Earl Grey,2.75,2,5.5,Cash,1342
2331,2025-04-02,11:17:55,4,Airport Terminal 2,110,Tea,Brewed Tea,Earl Grey,2.75,1,2.75,Mobile Pay,1294
2332,2025-04-02,17:01:49,5,Lakeside Plaza,117,Merchandise,Bag,Coffee Beans - 12oz Bag,12.5,1,12.5,Credit Card,1055
2333,2025-04-02,13:53:17,5,Lakeside Plaza,117,Merchandise,Bag,Coffee Beans - 12oz Bag,12.5,1,12.5,Credit Card,1068
2334,2025-04-02,07:43:40,1,Downtown,111,Tea,Chai,Chai Latte - Regular,3.85,1,3.85,Credit Card,1436
2335,2025-04-02,08:48:52,2,Riverside Mall,107,Coffee,Cold Brew,Cold Brew - Regular,3.95,1,3.95,Credit Card,1424
2336,2025-04-02,17:07:25,5,Lakeside Plaza,111,Tea,Chai,Chai Latte - Regular,3.85,2,7.7,Cash,1413
2337,2025-04-02,07:38:29,1,Downtown,103,Coffee,Espresso,Espresso Shot,2.2,1,2.2,Mobile Pay,1369
2338,2025-04-02,07:12:15,1,Downtown,118,Merchandise,Mug,Branded Ceramic Mug,9.99,1,9.99,Credit Card,1323
2339,2025-04-02,08:41:20,4,Airport Terminal 2,107,Coffee,Cold Brew,Cold Brew - Regular,3.95,4,15.8,Mobile Pay,1020
2340,2025-04-02,18:58:48,1,Downtown,103,Coffee,Espresso,Espresso Shot,2.2,2,4.4,Credit Card,1258
2341,2025-04-02,07:32:54,3,Uptown,113,Bakery,Muffin,Blueberry Muffin,3.1,1,3.1,Credit Card,1282
2342,2025-04-02,06:11:13,5,Lakeside Plaza,101,Coffee,Brewed Coffee,Brewed Coffee - Regular,2.5,2,5.0,Cash,1415
2343,2025-04-02,15:07:35,1,Downtown,111,Tea,Chai,Chai Latte - Regular,3.85,1,3.85,Credit Card,1305
2344,2025-04-02,15:21:30,1,Downtown,108,Coffee,Cold Brew,Cold Brew - Large,4.45,2,8.9,Credit Card,1254
2345,2025-04-02,18:58:26,3,Uptown,104,Coffee,Latte,Latte - Regular,3.75,3,11.25,Credit Card,1317
2346,2025-04-02,14:22:08,4,Airport Terminal 2,112,Bakery,Croissant,Butter Croissant,3.25,3,9.75,Credit Card,1039
2347,2025-04-02,16:40:49,1,Downtown,104,Coffee,Latte,Latte - Regular,3.75,1,3.75,Credit Card,1055
2348,2025-04-03,13:21:53,2,Riverside Mall,113,Bakery,Muffin,Blueberry Muffin,3.1,1,3.1,Mobile Pay,1071
2349,2025-04-03,08:46:10,4,Airport Terminal 2,107,Coffee,Cold Brew,Cold Brew - Regular,3.95,3,11.85,Credit Card,1310
2350,2025-04-03,09:17:21,2,Riverside Mall,103,Coffee,Espresso,Espresso Shot,2.2,1,2.2,Cash,1039
2351,2025-04-03,08:34:26,1,Downtown,110,Tea,Brewed Tea,Earl Grey,2.75,3,8.25,Mobile Pay,1021
2352,2025-04-03,09:59:25,1,Downtown,111,Tea,Chai,Chai Latte - Regular,3.85,1,3.85,Credit Card,1404
2353,2025-04-03,08:08:27,5,Lakeside Plaza,104,Coffee,Latte,Latte - Regular,3.75,2,7.5,Mobile Pay,1009
2354,2025-04-03,13:13:23,2,Riverside Mall,102,Coffee,Brewed Coffee,Brewed Coffee - Large,2.95,1,2.95,Cash,1311
2355,2025-04-03,08:29:04,1,Downtown,113,Bakery,Muffin,Blueberry Muffin,3.1,1,3.1,Credit Card,1381
2356,2025-04-03,09:21:22,2,Riverside Mall,107,Coffee,Cold Brew,Cold Brew - Regular,3.95,1,3.95,Credit Card,1220
2357,2025-04-03,14:31:40,2,Riverside Mall,114,Bakery,Bagel,Plain Bagel with Cream Cheese,3.4,2,6.8,Mobile Pay,1217
2358,2025-04-03,19:53:16,2,Riverside Mall,107,Coffee,Cold Brew,Cold Brew - Regular,3.95,1,3.95,Cash,1020
2359,2025-04-03,06:33:28,3,Uptown,118,Merchandise,Mug,Branded Ceramic Mug,9.99,2,19.98,Credit Card,1175
2360,2025-04-03,15:33:08,4,Airport Terminal 2,118,Merchandise,Mug,Branded Ceramic Mug,9.99,1,9.99,Credit Card,1108
2361,2025-04-03,07:42:23,3,Uptown,104,Coffee,Latte,Latte - Regular,3.75,1,3.75,Cash,1355
2362,2025-04-03,11:36:37,1,Downtown,117,Merchandise,Bag,Coffee Beans - 12oz Bag,12.5,2,25.0,Credit Card,1411
2363,2025-04-03,18:45:28,5,Lakeside Plaza,106,Coffee,Cappuccino,Cappuccino - Regular,3.65,4,14.6,Mobile Pay,1298
2364,2025-04-03,15:36:51,4,Airport Terminal 2,114,Bakery,Bagel,Plain Bagel with Cream Cheese,3.4,1,3.4,Credit Card,1399
2365,2025-04-03,07:33:18,5,Lakeside Plaza,115,Pastry,Cookie,Chocolate Chip Cookie,2.1,1,2.1,Credit Card,1401
2366,2025-04-03,08:36:06,4,Airport Terminal 2,108,Coffee,Cold Brew,Cold Brew - Large,4.45,1,4.45,Credit Card,1395
2367,2025-04-03,18:56:12,3,Uptown,107,Coffee,Cold Brew,Cold Brew - Regular,3.95,1,3.95,Mobile Pay,1429
2368,2025-04-03,15:49:27,2,Riverside Mall,110,Tea,Brewed Tea,Earl Grey,2.75,1,2.75,Mobile Pay,1286
2369,2025-04-04,19:30:09,4,Airport Terminal 2,101,Coffee,Brewed Coffee,Brewed Coffee - Regular,2.5,1,2.5,Credit Card,1060
2370,2025-04-04,14:11:47,4,Airport Terminal 2,101,Coffee,Brewed Coffee,Brewed Coffee - Regular,2.5,1,2.5,Mobile Pay,1287
2371,2025-04-04,14:20:42,2,Riverside Mall,117,Merchandise,Bag,Coffee Beans - 12oz Bag,12.5,2,25.0,Credit Card,1185
2372,2025-04-04,14:35:48,5,Lakeside Plaza,105,Coffee,Latte,Latte - Large,4.25,1,4.25,Mobile Pay,1419
2373,2025-04-04,18:56:42,1,Downtown,112,Bakery,Croissant,Butter Croissant,3.25,1,3.25,Mobile Pay,1072
2374,2025-04-04,10:35:51,5,Lakeside Plaza,114,Bakery,Bagel,Plain Bagel with Cream Cheese,3.4,2,6.8,Credit Card,1075
2375,2025-04-04,15:27:42,3,Uptown,118,Merchandise,Mug,Branded Ceramic Mug,9.99,1,9.99,Credit Card,1401
2376,2025-04-04,10:40:04,5,Lakeside Plaza,113,Bakery,Muffin,Blueberry Muffin,3.1,3,9.3,Cash,1110
2377,2025-04-04,07:53:43,4,Airport Terminal 2,114,Bakery,Bagel,Plain Bagel with Cream Cheese,3.4,3,10.2,Cash,1392
2378,2025-04-04,14:59:48,5,Lakeside Plaza,111,Tea,Chai,Chai Latte - Regular,3.85,1,3.85,Cash,1431
2379,2025-04-04,13:15:37,3,Uptown,113,Bakery,Muffin,Blueberry Muffin,3.1,2,6.2,Mobile Pay,1159
2380,2025-04-04,16:53:10,3,Uptown,102,Coffee,Brewed Coffee,Brewed Coffee - Large,2.95,1,2.95,Cash,1114
2381,2025-04-04,14:58:56,5,Lakeside Plaza,114,Bakery,Bagel,Plain Bagel with Cream Cheese,3.4,1,3.4,Cash,1028
2382,2025-04-04,08:05:42,4,Airport Terminal 2,117,Merchandise,Bag,Coffee Beans - 12oz Bag,12.5,1,12.5,Credit Card,1313
2383,2025-04-04,18:24:33,1,Downtown,102,Coffee,Brewed Coffee,Brewed Coffee - Large,2.95,1,2.95,Credit Card,1331
2384,2025-04-04,16:20:03,3,Uptown,103,Coffee,Espresso,Espresso Shot,2.2,1,2.2,Cash,1396
2385,2025-04-04,17:28:41,5,Lakeside Plaza,107,Coffee,Cold Brew,Cold Brew - Regular,3.95,1,3.95,Cash,1073
2386,2025-04-04,14:17:01,3,Uptown,108,Coffee,Cold Brew,Cold Brew - Large,4.45,3,13.35,Credit Card,1225
2387,2025-04-05,07:28:56,4,Airport Terminal 2,106,Coffee,Cappuccino,Cappuccino - Regular,3.65,1,3.65,Mobile Pay,1206
2388,2025-04-05,14:22:01,4,Airport Terminal 2,105,Coffee,Latte,Latte - Large,4.25,1,4.25,Credit Card,1047
2389,2025-04-05,17:59:03,4,Airport Terminal 2,116,Pastry,Scone,Cranberry Scone,2.95,4,11.8,Credit Card,1289
2390,2025-04-05,15:16:01,5,Lakeside Plaza,103,Coffee,Espresso,Espresso Shot,2.2,1,2.2,Credit Card,1268
2391,2025-04-05,18:12:12,3,Uptown,103,Coffee,Espresso,Espresso Shot,2.2,1,2.2,Mobile Pay,1045
2392,2025-04-05,15:10:12,3,Uptown,112,Bakery,Croissant,Butter Croissant,3.25,1,3.25,Cash,1205
2393,2025-04-05,12:13:54,5,Lakeside Plaza,103,Coffee,Espresso,Espresso Shot,2.2,4,8.8,Credit Card,1084
2394,2025-04-05,06:07:14,1,Downtown,106,Coffee,Cappuccino,Cappuccino - Regular,3.65,2,7.3,Mobile Pay,1121
2395,2025-04-05,12:34:36,3,Uptown,105,Coffee,Latte,Latte - Large,4.25,4,17.0,Cash,1192
2396,2025-04-05,07:42:34,2,Riverside Mall,115,Pastry,Cookie,Chocolate Chip Cookie,2.1,1,2.1,Credit Card,1135
2397,2025-04-05,07:55:25,2,Riverside Mall,111,Tea,Chai,Chai Latte - Regular,3.85,1,3.85,Mobile Pay,1022
2398,2025-04-05,09:03:15,1,Downtown,114,Bakery,Bagel,Plain Bagel with Cream Cheese,3.4,1,3.4,Credit Card,1349
2399,2025-04-05,12:06:59,1,Downtown,113,Bakery,Muffin,Blueberry Muffin,3.1,1,3.1,Credit Card,1237
2400,2025-04-05,08:11:04,4,Airport Terminal 2,117,Merchandise,Bag,Coffee Beans - 12oz Bag,12.5,1,12.5,Credit Card,1082
2401,2025-04-05,16:06:40,4,Airport Terminal 2,118,Merchandise,Mug,Branded Ceramic Mug,9.99,1,9.99,Mobile Pay,1265
2402,2025-04-05,14:21:47,4,Airport Terminal 2,106,Coffee,Cappuccino,Cappuccino - Regular,3.65,2,7.3,Credit Card,1401
2403,2025-04-05,09:27:55,5,Lakeside Plaza,115,Pastry,Cookie,Chocolate Chip Cookie,2.1,2,4.2,Mobile Pay,1447
2404,2025-04-05,16:11:34,2,Riverside Mall,104,Coffee,Latte,Latte - Regular,3.75,2,7.5,Credit Card,1163
2405,2025-04-05,14:28:47,3,Uptown,108,Coffee,Cold Brew,Cold Brew - Large,4.45,1,4.45,Credit Card,1402
2406,2025-04-05,11:59:07,5,Lakeside Plaza,114,Bakery,Bagel,Plain Bagel with Cream Cheese,3.4,1,3.4,Cash,1358
2407,2025-04-05,17:33:49,4,Airport Terminal 2,108,Coffee,Cold Brew,Cold Brew - Large,4.45,2,8.9,Mobile Pay,1440
2408,2025-04-05,11:09:05,3,Uptown,101,Coffee,Brewed Coffee,Brewed Coffee - Regular,2.5,2,5.0,Cash,1087
2409,2025-04-06,15:05:25,3,Uptown,111,Tea,Chai,Chai Latte - Regular,3.85,2,7.7,Credit Card,1337
2410,2025-04-06,19:59:06,3,Uptown,118,Merchandise,Mug,Branded Ceramic Mug,9.99,2,19.98,Credit Card,1207
2411,2025-04-06,14:59:11,1,Downtown,117,Merchandise,Bag,Coffee Beans - 12oz Bag,12.5,1,12.5,Cash,1292
2412,2025-04-06,18:48:38,5,Lakeside Plaza,113,Bakery,Muffin,Blueberry Muffin,3.1,4,12.4,Credit Card,1285
2413,2025-04-06,12:38:34,3,Uptown,108,Coffee,Cold Brew,Cold Brew - Large,4.45,1,4.45,Mobile Pay,1279
2414,2025-04-06,17:02:54,2,Riverside Mall,105,Coffee,Latte,Latte - Large,4.25,1,4.25,Mobile Pay,1017
2415,2025-04-06,12:46:38,2,Riverside Mall,118,Merchandise,Mug,Branded Ceramic Mug,9.99,2,19.98,Credit Card,1128
2416,2025-04-06,09:38:21,3,Uptown,105,Coffee,Latte,Latte - Large,4.25,2,8.5,Credit Card,1312
2417,2025-04-06,09:28:40,1,Downtown,103,Coffee,Espresso,Espresso Shot,2.2,1,2.2,Mobile Pay,1234
2418,2025-04-06,07:59:11,1,Downtown,115,Pastry,Cookie,Chocolate Chip Cookie,2.1,1,2.1,Credit Card,1278
2419,2025-04-06,08:49:42,4,Airport Terminal 2,116,Pastry,Scone,Cranberry Scone,2.95,1,2.95,Credit Card,1315
2420,2025-04-06,18:04:46,4,Airport Terminal 2,103,Coffee,Espresso,Espresso Shot,2.2,2,4.4,Credit Card,1236
2421,2025-04-06,11:09:54,5,Lakeside Plaza,116,Pastry,Scone,Cranberry Scone,2.95,2,5.9,Credit Card,1223
2422,2025-04-06,10:36:12,2,Riverside Mall,105,Coffee,Latte,Latte - Large,4.25,1,4.25,Cash,1383
2423,2025-04-06,15:00:25,5,Lakeside Plaza,111,Tea,Chai,Chai Latte - Regular,3.85,2,7.7,Credit Card,1349
2424,2025-04-06,07:17:56,2,Riverside Mall,112,Bakery,Croissant,Butter Croissant,3.25,1,3.25,Credit Card,1444
2425,2025-04-06,15:21:43,4,Airport Terminal 2,113,Bakery,Muffin,Blueberry Muffin,3.1,1,3.1,Cash,1019
2426,2025-04-06,09:34:11,1,Downtown,106,Coffee,Cappuccino,Cappuccino - Regular,3.65,2,7.3,Mobile Pay,1175
2427,2025-04-06,08:33:25,3,Uptown,109,Tea,Brewed Tea,Green Tea,2.75,1,2.75,Cash,1201
2428,2025-04-06,08:15:40,3,Uptown,110,Tea,Brewed Tea,Earl Grey,2.75,4,11.0,Credit Card,1349
2429,2025-04-06,16:53:55,5,Lakeside Plaza,109,Tea,Brewed Tea,Green Tea,2.75,1,2.75,Credit Card,1099
2430,2025-04-06,10:10:16,5,Lakeside Plaza,104,Coffee,Latte,Latte - Regular,3.75,1,3.75,Mobile Pay,1348
2431,2025-04-06,15:46:59,2,Riverside Mall,118,Merchandise,Mug,Branded Ceramic Mug,9.99,1,9.99,Credit Card,1175
2432,2025-04-06,11:37:14,5,Lakeside Plaza,106,Coffee,Cappuccino,Cappuccino - Regular,3.65,3,10.95,Credit Card,1113
2433,2025-04-06,08:55:32,5,Lakeside Plaza,112,Bakery,Croissant,Butter Croissant,3.25,1,3.25,Credit Card,1363
2434,2025-04-06,18:31:33,3,Uptown,101,Coffee,Brewed Coffee,Brewed Coffee - Regular,2.5,1,2.5,Mobile Pay,1197
2435,2025-04-06,06:20:48,5,Lakeside Plaza,111,Tea,Chai,Chai Latte - Regular,3.85,1,3.85,Credit Card,1348
2436,2025-04-06,06:19:40,3,Uptown,108,Coffee,Cold Brew,Cold Brew - Large,4.45,2,8.9,Credit Card,1449
2437,2025-04-07,17:07:58,5,Lakeside Plaza,103,Coffee,Espresso,Espresso Shot,2.2,1,2.2,Cash,1247
2438,2025-04-07,16:21:37,2,Riverside Mall,117,Merchandise,Bag,Coffee Beans - 12oz Bag,12.5,1,12.5,Cash,1406
2439,2025-04-07,11:05:20,3,Uptown,107,Coffee,Cold Brew,Cold Brew - Regular,3.95,1,3.95,Credit Card,1055
2440,2025-04-07,08:46:11,3,Uptown,107,Coffee,Cold Brew,Cold Brew - Regular,3.95,1,3.95,Mobile Pay,1109
2441,2025-04-07,07:51:27,4,Airport Terminal 2,117,Merchandise,Bag,Coffee Beans - 12oz Bag,12.5,1,12.5,Cash,1162
2442,2025-04-07,18:09:44,5,Lakeside Plaza,109,Tea,Brewed Tea,Green Tea,2.75,3,8.25,Cash,1410
2443,2025-04-07,15:11:29,1,Downtown,102,Coffee,Brewed Coffee,Brewed Coffee - Large,2.95,1,2.95,Mobile Pay,1270
2444,2025-04-07,12:03:38,1,Downtown,117,Merchandise,Bag,Coffee Beans - 12oz Bag,12.5,2,25.0,Mobile Pay,1067
2445,2025-04-07,11:15:54,1,Downtown,109,Tea,Brewed Tea,Green Tea,2.75,1,2.75,Mobile Pay,1285
2446,2025-04-07,08:08:59,3,Uptown,113,Bakery,Muffin,Blueberry Muffin,3.1,1,3.1,Mobile Pay,1414
2447,2025-04-07,07:20:55,4,Airport Terminal 2,114,Bakery,Bagel,Plain Bagel with Cream Cheese,3.4,2,6.8,Credit Card,1259
2448,2025-04-07,12:19:55,4,Airport Terminal 2,118,Merchandise,Mug,Branded Ceramic Mug,9.99,1,9.99,Credit Card,1252
2449,2025-04-07,19:57:42,5,Lakeside Plaza,111,Tea,Chai,Chai Latte - Regular,3.85,1,3.85,Credit Card,1323
2450,2025-04-07,18:50:55,5,Lakeside Plaza,114,Bakery,Bagel,Plain Bagel with Cream Cheese,3.4,1,3.4,Mobile Pay,1364
2451,2025-04-07,13:19:39,3,Uptown,106,Coffee,Cappuccino,Cappuccino - Regular,3.65,3,10.95,Mobile Pay,1042
2452,2025-04-07,06:59:54,4,Airport Terminal 2,111,Tea,Chai,Chai Latte - Regular,3.85,1,3.85,Cash,1020
2453,2025-04-07,14:37:41,3,Uptown,112,Bakery,Croissant,Butter Croissant,3.25,3,9.75,Mobile Pay,1037
2454,2025-04-07,16:55:20,2,Riverside Mall,104,Coffee,Latte,Latte - Regular,3.75,1,3.75,Credit Card,1002
2455,2025-04-07,13:40:40,4,Airport Terminal 2,102,Coffee,Brewed Coffee,Brewed Coffee - Large,2.95,1,2.95,Cash,1377
2456,2025-04-07,10:54:33,1,Downtown,110,Tea,Brewed Tea,Earl Grey,2.75,1,2.75,Credit Card,1196
2457,2025-04-07,08:54:44,5,Lakeside Plaza,116,Pastry,Scone,Cranberry Scone,2.95,4,11.8,Credit Card,1113
2458,2025-04-07,14:09:47,4,Airport Terminal 2,110,Tea,Brewed Tea,Earl Grey,2.75,1,2.75,Mobile Pay,1187
2459,2025-04-07,09:04:33,2,Riverside Mall,112,Bakery,Croissant,Butter Croissant,3.25,1,3.25,Cash,1416
2460,2025-04-07,15:12:53,5,Lakeside Plaza,104,Coffee,Latte,Latte - Regular,3.75,1,3.75,Credit Card,1102
2461,2025-04-07,14:03:24,1,Downtown,110,Tea,Brewed Tea,Earl Grey,2.75,2,5.5,Credit Card,1046
2462,2025-04-07,13:13:45,4,Airport Terminal 2,109,Tea,Brewed Tea,Green Tea,2.75,1,2.75,Cash,1176
2463,2025-04-08,13:05:42,4,Airport Terminal 2,113,Bakery,Muffin,Blueberry Muffin,3.1,1,3.1,Cash,1402
2464,2025-04-08,12:16:47,3,Uptown,116,Pastry,Scone,Cranberry Scone,2.95,4,11.8,Credit Card,1287
2465,2025-04-08,11:55:36,4,Airport Terminal 2,105,Coffee,Latte,Latte - Large,4.25,3,12.75,Cash,1166
2466,2025-04-08,16:54:42,1,Downtown,117,Merchandise,Bag,Coffee Beans - 12oz Bag,12.5,2,25.0,Mobile Pay,1195
2467,2025-04-08,15:25:03,5,Lakeside Plaza,108,Coffee,Cold Brew,Cold Brew - Large,4.45,1,4.45,Credit Card,1093
2468,2025-04-08,08:29:43,1,Downtown,116,Pastry,Scone,Cranberry Scone,2.95,1,2.95,Mobile Pay,1226
2469,2025-04-08,18:59:01,2,Riverside Mall,106,Coffee,Cappuccino,Cappuccino - Regular,3.65,1,3.65,Cash,1088
2470,2025-04-08,15:56:10,5,Lakeside Plaza,107,Coffee,Cold Brew,Cold Brew - Regular,3.95,4,15.8,Credit Card,1375
2471,2025-04-08,14:15:35,3,Uptown,103,Coffee,Espresso,Espresso Shot,2.2,1,2.2,Mobile Pay,1121
2472,2025-04-08,15:15:50,3,Uptown,112,Bakery,Croissant,Butter Croissant,3.25,1,3.25,Credit Card,1276
2473,2025-04-08,09:07:31,5,Lakeside Plaza,110,Tea,Brewed Tea,Earl Grey,2.75,2,5.5,Credit Card,1237
2474,2025-04-08,08:25:18,4,Airport Terminal 2,108,Coffee,Cold Brew,Cold Brew - Large,4.45,1,4.45,Credit Card,1010
2475,2025-04-08,14:49:31,3,Uptown,109,Tea,Brewed Tea,Green Tea,2.75,2,5.5,Cash,1371
2476,2025-04-08,06:36:11,4,Airport Terminal 2,115,Pastry,Cookie,Chocolate Chip Cookie,2.1,1,2.1,Cash,1082
2477,2025-04-08,15:58:31,2,Riverside Mall,115,Pastry,Cookie,Chocolate Chip Cookie,2.1,2,4.2,Credit Card,1109
2478,2025-04-08,14:35:58,3,Uptown,105,Coffee,Latte,Latte - Large,4.25,1,4.25,Cash,1066
2479,2025-04-08,16:25:46,1,Downtown,105,Coffee,Latte,Latte - Large,4.25,2,8.5,Cash,1441
2480,2025-04-08,07:02:16,2,Riverside Mall,106,Coffee,Cappuccino,Cappuccino - Regular,3.65,2,7.3,Credit Card,1250
2481,2025-04-08,13:55:36,4,Airport Terminal 2,117,Merchandise,Bag,Coffee Beans - 12oz Bag,12.5,1,12.5,Credit Card,1350
2482,2025-04-08,11:15:40,3,Uptown,117,Merchandise,Bag,Coffee Beans - 12oz Bag,12.5,1,12.5,Mobile Pay,1031
2483,2025-04-09,06:19:15,1,Downtown,107,Coffee,Cold Brew,Cold Brew - Regular,3.95,3,11.85,Cash,1330
2484,2025-04-09,08:04:22,5,Lakeside Plaza,111,Tea,Chai,Chai Latte - Regular,3.85,2,7.7,Mobile Pay,1083
2485,2025-04-09,06:09:41,5,Lakeside Plaza,103,Coffee,Espresso,Espresso Shot,2.2,1,2.2,Mobile Pay,1398
2486,2025-04-09,14:05:19,5,Lakeside Plaza,112,Bakery,Croissant,Butter Croissant,3.25,1,3.25,Credit Card,1141
2487,2025-04-09,07:52:12,5,Lakeside Plaza,107,Coffee,Cold Brew,Cold Brew - Regular,3.95,3,11.85,Credit Card,1295
2488,2025-04-09,08:37:31,4,Airport Terminal 2,103,Coffee,Espresso,Espresso Shot,2.2,1,2.2,Cash,1058
2489,2025-04-09,15:07:13,1,Downtown,105,Coffee,Latte,Latte - Large,4.25,1,4.25,Credit Card,1443
2490,2025-04-09,12:42:08,4,Airport Terminal 2,114,Bakery,Bagel,Plain Bagel with Cream Cheese,3.4,1,3.4,Mobile Pay,1310
2491,2025-04-09,08:25:06,1,Downtown,104,Coffee,Latte,Latte - Regular,3.75,1,3.75,Cash,1092
2492,2025-04-09,12:46:21,5,Lakeside Plaza,102,Coffee,Brewed Coffee,Brewed Coffee - Large,2.95,2,5.9,Mobile Pay,1270
2493,2025-04-09,17:47:46,2,Riverside Mall,107,Coffee,Cold Brew,Cold Brew - Regular,3.95,1,3.95,Credit Card,1150
2494,2025-04-09,10:34:00,4,Airport Terminal 2,113,Bakery,Muffin,Blueberry Muffin,3.1,2,6.2,Credit Card,1233
2495,2025-04-09,08:48:50,3,Uptown,117,Merchandise,Bag,Coffee Beans - 12oz Bag,12.5,1,12.5,Cash,1051
2496,2025-04-09,15:40:33,1,Downtown,118,Merchandise,Mug,Branded Ceramic Mug,9.99,1,9.99,Mobile Pay,1172
2497,2025-04-09,19:09:38,5,Lakeside Plaza,111,Tea,Chai,Chai Latte - Regular,3.85,1,3.85,Cash,1065
2498,2025-04-09,15:23:22,5,Lakeside Plaza,107,Coffee,Cold Brew,Cold Brew - Regular,3.95,2,7.9,Mobile Pay,1429
2499,2025-04-09,15:36:38,1,Downtown,107,Coffee,Cold Brew,Cold Brew - Regular,3.95,1,3.95,Credit Card,1398
2500,2025-04-09,15:14:29,4,Airport Terminal 2,101,Coffee,Brewed Coffee,Brewed Coffee - Regular,2.5,1,2.5,Cash,1141
2501,2025-04-09,10:23:24,3,Uptown,118,Merchandise,Mug,Branded Ceramic Mug,9.99,1,9.99,Credit Card,1066
2502,2025-04-09,18:56:47,1,Downtown,109,Tea,Brewed Tea,Green Tea,2.75,2,5.5,Cash,1013
2503,2025-04-09,12:23:39,4,Airport Terminal 2,102,Coffee,Brewed Coffee,Brewed Coffee - Large,2.95,1,2.95,Credit Card,1118
2504,2025-04-09,08:39:03,3,Uptown,102,Coffee,Brewed Coffee,Brewed Coffee - Large,2.95,1,2.95,Mobile Pay,1369
2505,2025-04-09,16:01:26,4,Airport Terminal 2,114,Bakery,Bagel,Plain Bagel with Cream Cheese,3.4,1,3.4,Mobile Pay,1064
2506,2025-04-09,10:16:55,5,Lakeside Plaza,104,Coffee,Latte,Latte - Regular,3.75,1,3.75,Credit Card,1449
2507,2025-04-09,15:55:18,1,Downtown,108,Coffee,Cold Brew,Cold Brew - Large,4.45,1,4.45,Cash,1030
2508,2025-04-09,17:25:31,5,Lakeside Plaza,112,Bakery,Croissant,Butter Croissant,3.25,1,3.25,Credit Card,1393
2509,2025-04-09,17:19:39,3,Uptown,114,Bakery,Bagel,Plain Bagel with Cream Cheese,3.4,1,3.4,Credit Card,1226
2510,2025-04-09,09:53:11,3,Uptown,112,Bakery,Croissant,Butter Croissant,3.25,3,9.75,Credit Card,1128
2511,2025-04-09,16:16:29,1,Downtown,105,Coffee,Latte,Latte - Large,4.25,1,4.25,Cash,1056
2512,2025-04-09,16:32:07,1,Downtown,104,Coffee,Latte,Latte - Regular,3.75,1,3.75,Mobile Pay,1013
2513,2025-04-09,09:28:25,4,Airport Terminal 2,118,Merchandise,Mug,Branded Ceramic Mug,9.99,1,9.99,Credit Card,1046
2514,2025-04-09,07:00:33,4,Airport Terminal 2,117,Merchandise,Bag,Coffee Beans - 12oz Bag,12.5,1,12.5,Credit Card,1372
2515,2025-04-10,14:55:46,1,Downtown,105,Coffee,Latte,Latte - Large,4.25,1,4.25,Credit Card,1175
2516,2025-04-10,08:02:26,4,Airport Terminal 2,103,Coffee,Espresso,Espresso Shot,2.2,1,2.2,Cash,1126
2517,2025-04-10,07:03:52,2,Riverside Mall,111,Tea,Chai,Chai Latte - Regular,3.85,3,11.55,Mobile Pay,1184
2518,2025-04-10,10:51:25,3,Uptown,116,Pastry,Scone,Cranberry Scone,2.95,1,2.95,Cash,1360
2519,2025-04-10,08:34:55,1,Downtown,114,Bakery,Bagel,Plain Bagel with Cream Cheese,3.4,1,3.4,Credit Card,1181
2520,2025-04-10,13:13:07,4,Airport Terminal 2,109,Tea,Brewed Tea,Green Tea,2.75,1,2.75,Cash,1170
2521,2025-04-10,08:51:58,2,Riverside Mall,113,Bakery,Muffin,Blueberry Muffin,3.1,3,9.3,Mobile Pay,1130
2522,2025-04-10,16:05:22,4,Airport Terminal 2,114,Bakery,Bagel,Plain Bagel with Cream Cheese,3.4,1,3.4,Credit Card,1268
2523,2025-04-10,06:03:17,2,Riverside Mall,116,Pastry,Scone,Cranberry Scone,2.95,1,2.95,Cash,1217
2524,2025-04-10,15:50:07,3,Uptown,101,Coffee,Brewed Coffee,Brewed Coffee - Regular,2.5,1,2.5,Credit Card,1301
2525,2025-04-10,17:02:01,4,Airport Terminal 2,104,Coffee,Latte,Latte - Regular,3.75,2,7.5,Credit Card,1134
2526,2025-04-10,07:45:36,5,Lakeside Plaza,118,Merchandise,Mug,Branded Ceramic Mug,9.99,2,19.98,Credit Card,1439
2527,2025-04-10,10:42:45,3,Uptown,101,Coffee,Brewed Coffee,Brewed Coffee - Regular,2.5,1,2.5,Cash,1401
2528,2025-04-10,07:37:19,3,Uptown,117,Merchandise,Bag,Coffee Beans - 12oz Bag,12.5,2,25.0,Mobile Pay,1306
2529,2025-04-10,19:40:14,4,Airport Terminal 2,117,Merchandise,Bag,Coffee Beans - 12oz Bag,12.5,2,25.0,Credit Card,1101
2530,2025-04-10,16:24:38,4,Airport Terminal 2,104,Coffee,Latte,Latte - Regular,3.75,1,3.75,Cash,1149
2531,2025-04-10,08:31:18,4,Airport Terminal 2,104,Coffee,Latte,Latte - Regular,3.75,4,15.0,Credit Card,1248
2532,2025-04-10,09:11:48,3,Uptown,108,Coffee,Cold Brew,Cold Brew - Large,4.45,1,4.45,Credit Card,1093
2533,2025-04-10,14:58:07,5,Lakeside Plaza,110,Tea,Brewed Tea,Earl Grey,2.75,4,11.0,Mobile Pay,1228
2534,2025-04-10,08:27:54,1,Downtown,109,Tea,Brewed Tea,Green Tea,2.75,4,11.0,Cash,1338
2535,2025-04-10,07:29:52,2,Riverside Mall,115,Pastry,Cookie,Chocolate Chip Cookie,2.1,3,6.3,Cash,1432
2536,2025-04-10,07:10:42,1,Downtown,114,Bakery,Bagel,Plain Bagel with Cream Cheese,3.4,2,6.8,Credit Card,1014
2537,2025-04-10,16:57:59,3,Uptown,104,Coffee,Latte,Latte - Regular,3.75,1,3.75,Cash,1409
2538,2025-04-10,14:56:49,3,Uptown,117,Merchandise,Bag,Coffee Beans - 12oz Bag,12.5,1,12.5,Mobile Pay,1075
2539,2025-04-10,18:46:53,1,Downtown,115,Pastry,Cookie,Chocolate Chip Cookie,2.1,1,2.1,Credit Card,1320
2540,2025-04-11,16:54:04,5,Lakeside Plaza,101,Coffee,Brewed Coffee,Brewed Coffee - Regular,2.5,4,10.0,Mobile Pay,1204
2541,2025-04-11,08:48:07,3,Uptown,118,Merchandise,Mug,Branded Ceramic Mug,9.99,1,9.99,Credit Card,1182
2542,2025-04-11,19:23:28,2,Riverside Mall,115,Pastry,Cookie,Chocolate Chip Cookie,2.1,3,6.3,Cash,1276
2543,2025-04-11,13:26:30,1,Downtown,109,Tea,Brewed Tea,Green Tea,2.75,1,2.75,Cash,1341
2544,2025-04-11,11:05:19,2,Riverside Mall,107,Coffee,Cold Brew,Cold Brew - Regular,3.95,1,3.95,Mobile Pay,1046
2545,2025-04-11,13:31:43,1,Downtown,106,Coffee,Cappuccino,Cappuccino - Regular,3.65,2,7.3,Mobile Pay,1138
2546,2025-04-11,13:32:09,5,Lakeside Plaza,114,Bakery,Bagel,Plain Bagel with Cream Cheese,3.4,1,3.4,Credit Card,1385
2547,2025-04-11,09:37:22,4,Airport Terminal 2,102,Coffee,Brewed Coffee,Brewed Coffee - Large,2.95,1,2.95,Credit Card,1060
2548,2025-04-11,08:27:02,1,Downtown,114,Bakery,Bagel,Plain Bagel with Cream Cheese,3.4,1,3.4,Credit Card,1282
2549,2025-04-11,09:57:51,2,Riverside Mall,116,Pastry,Scone,Cranberry Scone,2.95,2,5.9,Credit Card,1285
2550,2025-04-11,08:59:29,4,Airport Terminal 2,112,Bakery,Croissant,Butter Croissant,3.25,1,3.25,Mobile Pay,1439
2551,2025-04-11,09:02:56,4,Airport Terminal 2,106,Coffee,Cappuccino,Cappuccino - Regular,3.65,2,7.3,Credit Card,1215
2552,2025-04-11,11:15:46,3,Uptown,113,Bakery,Muffin,Blueberry Muffin,3.1,1,3.1,Credit Card,1313
2553,2025-04-11,13:09:04,3,Uptown,115,Pastry,Cookie,Chocolate Chip Cookie,2.1,1,2.1,Credit Card,1078
2554,2025-04-11,08:59:22,1,Downtown,113,Bakery,Muffin,Blueberry Muffin,3.1,1,3.1,Mobile Pay,1124
2555,2025-04-11,13:08:00,4,Airport Terminal 2,109,Tea,Brewed Tea,Green Tea,2.75,1,2.75,Mobile Pay,1293
2556,2025-04-11,13:34:44,2,Riverside Mall,109,Tea,Brewed Tea,Green Tea,2.75,1,2.75,Cash,1314
2557,2025-04-11,19:25:30,4,Airport Terminal 2,105,Coffee,Latte,Latte - Large,4.25,1,4.25,Credit Card,1385
2558,2025-04-11,12:39:53,5,Lakeside Plaza,103,Coffee,Espresso,Espresso Shot,2.2,1,2.2,Cash,1153
2559,2025-04-11,11:48:38,1,Downtown,108,Coffee,Cold Brew,Cold Brew - Large,4.45,2,8.9,Mobile Pay,1083
2560,2025-04-11,08:13:30,2,Riverside Mall,114,Bakery,Bagel,Plain Bagel with Cream Cheese,3.4,2,6.8,Credit Card,1000
2561,2025-04-11,17:20:35,2,Riverside Mall,102,Coffee,Brewed Coffee,Brewed Coffee - Large,2.95,1,2.95,Credit Card,1205
2562,2025-04-12,11:17:48,1,Downtown,106,Coffee,Cappuccino,Cappuccino - Regular,3.65,1,3.65,Credit Card,1074
2563,2025-04-12,12:41:02,5,Lakeside Plaza,104,Coffee,Latte,Latte - Regular,3.75,3,11.25,Credit Card,1356
2564,2025-04-12,11:04:30,1,Downtown,114,Bakery,Bagel,Plain Bagel with Cream Cheese,3.4,2,6.8,Mobile Pay,1247
2565,2025-04-12,08:16:38,1,Downtown,117,Merchandise,Bag,Coffee Beans - 12oz Bag,12.5,1,12.5,Credit Card,1385
2566,2025-04-12,13:58:46,1,Downtown,118,Merchandise,Mug,Branded Ceramic Mug,9.99,1,9.99,Credit Card,1205
2567,2025-04-12,07:05:28,5,Lakeside Plaza,105,Coffee,Latte,Latte - Large,4.25,1,4.25,Mobile Pay,1264
2568,2025-04-12,16:39:11,1,Downtown,108,Coffee,Cold Brew,Cold Brew - Large,4.45,3,13.35,Credit Card,1320
2569,2025-04-12,12:42:34,3,Uptown,118,Merchandise,Mug,Branded Ceramic Mug,9.99,2,19.98,Credit Card,1127
2570,2025-04-12,15:35:28,5,Lakeside Plaza,113,Bakery,Muffin,Blueberry Muffin,3.1,1,3.1,Credit Card,1259
2571,2025-04-12,10:37:16,3,Uptown,103,Coffee,Espresso,Espresso Shot,2.2,4,8.8,Credit Card,1411
2572,2025-04-12,14:46:38,1,Downtown,104,Coffee,Latte,Latte - Regular,3.75,2,7.5,Mobile Pay,1029
2573,2025-04-12,09:59:24,4,Airport Terminal 2,112,Bakery,Croissant,Butter Croissant,3.25,3,9.75,Credit Card,1022
2574,2025-04-12,07:43:46,1,Downtown,116,Pastry,Scone,Cranberry Scone,2.95,1,2.95,Credit Card,1426
2575,2025-04-12,08:20:15,5,Lakeside Plaza,113,Bakery,Muffin,Blueberry Muffin,3.1,1,3.1,Credit Card,1363
2576,2025-04-12,14:20:23,1,Downtown,117,Merchandise,Bag,Coffee Beans - 12oz Bag,12.5,1,12.5,Credit Card,1194
2577,2025-04-12,14:41:36,1,Downtown,101,Coffee,Brewed Coffee,Brewed Coffee - Regular,2.5,1,2.5,Credit Card,1069
2578,2025-04-12,08:18:58,5,Lakeside Plaza,109,Tea,Brewed Tea,Green Tea,2.75,1,2.75,Credit Card,1192
2579,2025-04-12,14:27:31,3,Uptown,118,Merchandise,Mug,Branded Ceramic Mug,9.99,1,9.99,Mobile Pay,1167
2580,2025-04-12,06:50:59,3,Uptown,106,Coffee,Cappuccino,Cappuccino - Regular,3.65,1,3.65,Mobile Pay,1216
2581,2025-04-12,10:57:01,4,Airport Terminal 2,115,Pastry,Cookie,Chocolate Chip Cookie,2.1,1,2.1,Mobile Pay,1400
2582,2025-04-12,08:32:51,3,Uptown,108,Coffee,Cold Brew,Cold Brew - Large,4.45,2,8.9,Cash,1217
2583,2025-04-12,16:56:24,3,Uptown,109,Tea,Brewed Tea,Green Tea,2.75,2,5.5,Credit Card,1437
2584,2025-04-12,15:03:06,4,Airport Terminal 2,111,Tea,Chai,Chai Latte - Regular,3.85,1,3.85,Credit Card,1171
2585,2025-04-12,17:00:44,3,Uptown,108,Coffee,Cold Brew,Cold Brew - Large,4.45,3,13.35,Cash,1217
2586,2025-04-12,08:18:11,2,Riverside Mall,104,Coffee,Latte,Latte - Regular,3.75,4,15.0,Credit Card,1408
2587,2025-04-12,10:08:48,4,Airport Terminal 2,116,Pastry,Scone,Cranberry Scone,2.95,1,2.95,Credit Card,1034
2588,2025-04-12,08:45:06,1,Downtown,103,Coffee,Espresso,Espresso Shot,2.2,1,2.2,Credit Card,1436
2589,2025-04-12,16:40:24,3,Uptown,118,Merchandise,Mug,Branded Ceramic Mug,9.99,4,39.96,Mobile Pay,1003
2590,2025-04-12,08:37:33,5,Lakeside Plaza,101,Coffee,Brewed Coffee,Brewed Coffee - Regular,2.5,4,10.0,Credit Card,1246
2591,2025-04-12,08:05:11,5,Lakeside Plaza,105,Coffee,Latte,Latte - Large,4.25,1,4.25,Credit Card,1183
2592,2025-04-12,12:45:26,1,Downtown,109,Tea,Brewed Tea,Green Tea,2.75,2,5.5,Cash,1436
2593,2025-04-13,08:07:58,4,Airport Terminal 2,103,Coffee,Espresso,Espresso Shot,2.2,1,2.2,Credit Card,1104
2594,2025-04-13,10:27:22,2,Riverside Mall,116,Pastry,Scone,Cranberry Scone,2.95,2,5.9,Credit Card,1373
2595,2025-04-13,12:22:52,5,Lakeside Plaza,102,Coffee,Brewed Coffee,Brewed Coffee - Large,2.95,2,5.9,Mobile Pay,1188
2596,2025-04-13,10:07:42,5,Lakeside Plaza,106,Coffee,Cappuccino,Cappuccino - Regular,3.65,1,3.65,Credit Card,1384
2597,2025-04-13,11:48:17,3,Uptown,109,Tea,Brewed Tea,Green Tea,2.75,1,2.75,Mobile Pay,1346
2598,2025-04-13,14:18:41,3,Uptown,110,Tea,Brewed Tea,Earl Grey,2.75,1,2.75,Cash,1378
2599,2025-04-13,08:12:09,2,Riverside Mall,103,Coffee,Espresso,Espresso Shot,2.2,3,6.6,Credit Card,1229
2600,2025-04-13,15:39:46,5,Lakeside Plaza,116,Pastry,Scone,Cranberry Scone,2.95,2,5.9,Credit Card,1043
2601,2025-04-13,09:18:41,4,Airport Terminal 2,107,Coffee,Cold Brew,Cold Brew - Regular,3.95,2,7.9,Cash,1380
2602,2025-04-13,08:53:35,2,Riverside Mall,101,Coffee,Brewed Coffee,Brewed Coffee - Regular,2.5,1,2.5,Cash,1350
2603,2025-04-13,10:00:41,1,Downtown,116,Pastry,Scone,Cranberry Scone,2.95,1,2.95,Mobile Pay,1410
2604,2025-04-13,18:52:02,5,Lakeside Plaza,113,Bakery,Muffin,Blueberry Muffin,3.1,1,3.1,Credit Card,1365
2605,2025-04-13,14:50:14,1,Downtown,113,Bakery,Muffin,Blueberry Muffin,3.1,1,3.1,Credit Card,1279
2606,2025-04-13,14:14:21,2,Riverside Mall,109,Tea,Brewed Tea,Green Tea,2.75,2,5.5,Cash,1156
2607,2025-04-13,07:55:25,1,Downtown,117,Merchandise,Bag,Coffee Beans - 12oz Bag,12.5,1,12.5,Credit Card,1258
2608,2025-04-13,10:11:17,1,Downtown,114,Bakery,Bagel,Plain Bagel with Cream Cheese,3.4,1,3.4,Mobile Pay,1343
2609,2025-04-13,12:52:34,3,Uptown,109,Tea,Brewed Tea,Green Tea,2.75,1,2.75,Mobile Pay,1273
2610,2025-04-13,14:13:28,1,Downtown,116,Pastry,Scone,Cranberry Scone,2.95,2,5.9,Cash,1282
2611,2025-04-13,14:07:09,3,Uptown,108,Coffee,Cold Brew,Cold Brew - Large,4.45,1,4.45,Credit Card,1257
2612,2025-04-13,15:51:39,3,Uptown,118,Merchandise,Mug,Branded Ceramic Mug,9.99,1,9.99,Mobile Pay,1217
2613,2025-04-13,15:56:56,5,Lakeside Plaza,117,Merchandise,Bag,Coffee Beans - 12oz Bag,12.5,2,25.0,Cash,1306
2614,2025-04-13,14:08:53,3,Uptown,116,Pastry,Scone,Cranberry Scone,2.95,1,2.95,Mobile Pay,1140
2615,2025-04-13,11:02:51,2,Riverside Mall,109,Tea,Brewed Tea,Green Tea,2.75,1,2.75,Mobile Pay,1373
2616,2025-04-13,15:11:17,5,Lakeside Plaza,113,Bakery,Muffin,Blueberry Muffin,3.1,1,3.1,Mobile Pay,1104
2617,2025-04-13,08:15:15,2,Riverside Mall,115,Pastry,Cookie,Chocolate Chip Cookie,2.1,1,2.1,Cash,1052
2618,2025-04-13,13:25:58,1,Downtown,118,Merchandise,Mug,Branded Ceramic Mug,9.99,2,19.98,Credit Card,1290
2619,2025-04-13,16:59:03,2,Riverside Mall,117,Merchandise,Bag,Coffee Beans - 12oz Bag,12.5,2,25.0,Mobile Pay,1285
2620,2025-04-13,08:52:07,2,Riverside Mall,105,Coffee,Latte,Latte - Large,4.25,1,4.25,Cash,1117
2621,2025-04-13,07:33:24,1,Downtown,101,Coffee,Brewed Coffee,Brewed Coffee - Regular,2.5,1,2.5,Cash,1194
2622,2025-04-13,16:38:42,1,Downtown,117,Merchandise,Bag,Coffee Beans - 12oz Bag,12.5,3,37.5,Credit Card,1410
2623,2025-04-14,06:05:52,4,Airport Terminal 2,104,Coffee,Latte,Latte - Regular,3.75,1,3.75,Credit Card,1190
2624,2025-04-14,07:46:15,1,Downtown,110,Tea,Brewed Tea,Earl Grey,2.75,3,8.25,Mobile Pay,1148
2625,2025-04-14,14:48:03,2,Riverside Mall,103,Coffee,Espresso,Espresso Shot,2.2,2,4.4,Credit Card,1141
2626,2025-04-14,08:19:26,5,Lakeside Plaza,105,Coffee,Latte,Latte - Large,4.25,3,12.75,Credit Card,1301
2627,2025-04-14,06:46:49,1,Downtown,102,Coffee,Brewed Coffee,Brewed Coffee - Large,2.95,4,11.8,Mobile Pay,1234
2628,2025-04-14,06:52:52,4,Airport Terminal 2,106,Coffee,Cappuccino,Cappuccino - Regular,3.65,1,3.65,Mobile Pay,1168
2629,2025-04-14,12:04:21,5,Lakeside Plaza,113,Bakery,Muffin,Blueberry Muffin,3.1,1,3.1,Cash,1352
2630,2025-04-14,12:05:04,4,Airport Terminal 2,113,Bakery,Muffin,Blueberry Muffin,3.1,1,3.1,Credit Card,1331
2631,2025-04-14,16:45:05,3,Uptown,110,Tea,Brewed Tea,Earl Grey,2.75,2,5.5,Mobile Pay,1115
2632,2025-04-14,13:06:25,1,Downtown,115,Pastry,Cookie,Chocolate Chip Cookie,2.1,2,4.2,Credit Card,1302
2633,2025-04-14,07:39:00,5,Lakeside Plaza,116,Pastry,Scone,Cranberry Scone,2.95,1,2.95,Mobile Pay,1287
2634,2025-04-14,13:18:35,4,Airport Terminal 2,114,Bakery,Bagel,Plain Bagel with Cream Cheese,3.4,1,3.4,Credit Card,1273
2635,2025-04-14,08:38:29,5,Lakeside Plaza,113,Bakery,Muffin,Blueberry Muffin,3.1,2,6.2,Credit Card,1270
2636,2025-04-14,13:57:40,4,Airport Terminal 2,118,Merchandise,Mug,Branded Ceramic Mug,9.99,1,9.99,Credit Card,1241
2637,2025-04-14,11:23:51,4,Airport Terminal 2,103,Coffee,Espresso,Espresso Shot,2.2,1,2.2,Credit Card,1092
2638,2025-04-14,17:01:44,1,Downtown,115,Pastry,Cookie,Chocolate Chip Cookie,2.1,1,2.1,Cash,1064
2639,2025-04-14,12:44:48,1,Downtown,105,Coffee,Latte,Latte - Large,4.25,4,17.0,Mobile Pay,1232
2640,2025-04-14,16:11:24,5,Lakeside Plaza,118,Merchandise,Mug,Branded Ceramic Mug,9.99,1,9.99,Credit Card,1040
2641,2025-04-14,18:04:50,1,Downtown,112,Bakery,Croissant,Butter Croissant,3.25,1,3.25,Credit Card,1171
2642,2025-04-14,13:18:45,1,Downtown,115,Pastry,Cookie,Chocolate Chip Cookie,2.1,1,2.1,Cash,1382
2643,2025-04-14,14:50:04,3,Uptown,113,Bakery,Muffin,Blueberry Muffin,3.1,1,3.1,Mobile Pay,1344
2644,2025-04-14,09:38:45,5,Lakeside Plaza,105,Coffee,Latte,Latte - Large,4.25,1,4.25,Credit Card,1070
2645,2025-04-14,08:30:21,2,Riverside Mall,106,Coffee,Cappuccino,Cappuccino - Regular,3.65,1,3.65,Credit Card,1038
2646,2025-04-14,09:08:06,3,Uptown,112,Bakery,Croissant,Butter Croissant,3.25,2,6.5,Credit Card,1177
2647,2025-04-14,16:02:20,3,Uptown,116,Pastry,Scone,Cranberry Scone,2.95,1,2.95,Cash,1258
2648,2025-04-14,08:55:23,5,Lakeside Plaza,105,Coffee,Latte,Latte - Large,4.25,1,4.25,Credit Card,1000
2649,2025-04-14,07:25:14,1,Downtown,102,Coffee,Brewed Coffee,Brewed Coffee - Large,2.95,3,8.85,Credit Card,1175
2650,2025-04-14,08:52:08,1,Downtown,115,Pastry,Cookie,Chocolate Chip Cookie,2.1,1,2.1,Credit Card,1442
2651,2025-04-14,08:35:39,2,Riverside Mall,117,Merchandise,Bag,Coffee Beans - 12oz Bag,12.5,1,12.5,Mobile Pay,1369
2652,2025-04-15,07:33:41,1,Downtown,102,Coffee,Brewed Coffee,Brewed Coffee - Large,2.95,3,8.85,Credit Card,1418
2653,2025-04-15,15:15:05,2,Riverside Mall,109,Tea,Brewed Tea,Green Tea,2.75,1,2.75,Cash,1214
2654,2025-04-15,06:04:03,5,Lakeside Plaza,112,Bakery,Croissant,Butter Croissant,3.25,2,6.5,Credit Card,1287
2655,2025-04-15,08:23:00,1,Downtown,103,Coffee,Espresso,Espresso Shot,2.2,2,4.4,Credit Card,1432
2656,2025-04-15,10:27:05,1,Downtown,103,Coffee,Espresso,Espresso Shot,2.2,2,4.4,Credit Card,1022
2657,2025-04-15,07:36:08,2,Riverside Mall,115,Pastry,Cookie,Chocolate Chip Cookie,2.1,1,2.1,Credit Card,1016
2658,2025-04-15,15:00:30,4,Airport Terminal 2,111,Tea,Chai,Chai Latte - Regular,3.85,1,3.85,Mobile Pay,1358
2659,2025-04-15,14:19:35,1,Downtown,117,Merchandise,Bag,Coffee Beans - 12oz Bag,12.5,2,25.0,Credit Card,1357
2660,2025-04-15,12:37:35,2,Riverside Mall,117,Merchandise,Bag,Coffee Beans - 12oz Bag,12.5,1,12.5,Mobile Pay,1442
2661,2025-04-15,14:17:30,3,Uptown,105,Coffee,Latte,Latte - Large,4.25,2,8.5,Mobile Pay,1211
2662,2025-04-15,17:30:12,1,Downtown,117,Merchandise,Bag,Coffee Beans - 12oz Bag,12.5,2,25.0,Credit Card,1415
2663,2025-04-15,07:21:02,2,Riverside Mall,103,Coffee,Espresso,Espresso Shot,2.2,1,2.2,Credit Card,1396
2664,2025-04-15,09:11:04,5,Lakeside Plaza,113,Bakery,Muffin,Blueberry Muffin,3.1,1,3.1,Credit Card,1151
2665,2025-04-15,09:48:56,3,Uptown,115,Pastry,Cookie,Chocolate Chip Cookie,2.1,2,4.2,Mobile Pay,1172
2666,2025-04-15,13:25:55,2,Riverside Mall,114,Bakery,Bagel,Plain Bagel with Cream Cheese,3.4,1,3.4,Credit Card,1279
2667,2025-04-15,08:35:14,4,Airport Terminal 2,115,Pastry,Cookie,Chocolate Chip Cookie,2.1,4,8.4,Mobile Pay,1128
2668,2025-04-15,08:19:11,5,Lakeside Plaza,117,Merchandise,Bag,Coffee Beans - 12oz Bag,12.5,1,12.5,Credit Card,1116
2669,2025-04-15,17:34:03,3,Uptown,113,Bakery,Muffin,Blueberry Muffin,3.1,1,3.1,Credit Card,1027
2670,2025-04-15,15:25:23,4,Airport Terminal 2,109,Tea,Brewed Tea,Green Tea,2.75,1,2.75,Credit Card,1171
2671,2025-04-15,08:36:11,3,Uptown,113,Bakery,Muffin,Blueberry Muffin,3.1,2,6.2,Credit Card,1004
2672,2025-04-15,17:20:06,5,Lakeside Plaza,111,Tea,Chai,Chai Latte - Regular,3.85,1,3.85,Credit Card,1322
2673,2025-04-15,17:06:05,1,Downtown,104,Coffee,Latte,Latte - Regular,3.75,4,15.0,Mobile Pay,1236
2674,2025-04-16,08:51:18,1,Downtown,101,Coffee,Brewed Coffee,Brewed Coffee - Regular,2.5,2,5.0,Credit Card,1227
2675,2025-04-16,08:01:25,1,Downtown,106,Coffee,Cappuccino,Cappuccino - Regular,3.65,2,7.3,Mobile Pay,1189
2676,2025-04-16,15:05:43,3,Uptown,109,Tea,Brewed Tea,Green Tea,2.75,1,2.75,Mobile Pay,1000
2677,2025-04-16,12:20:50,2,Riverside Mall,106,Coffee,Cappuccino,Cappuccino - Regular,3.65,2,7.3,Credit Card,1289
2678,2025-04-16,08:26:48,1,Downtown,101,Coffee,Brewed Coffee,Brewed Coffee - Regular,2.5,2,5.0,Cash,1025
2679,2025-04-16,09:46:59,1,Downtown,111,Tea,Chai,Chai Latte - Regular,3.85,1,3.85,Credit Card,1449
2680,2025-04-16,12:56:39,5,Lakeside Plaza,109,Tea,Brewed Tea,Green Tea,2.75,1,2.75,Credit Card,1224
2681,2025-04-16,15:45:12,4,Airport Terminal 2,104,Coffee,Latte,Latte - Regular,3.75,2,7.5,Credit Card,1237
2682,2025-04-16,15:37:43,1,Downtown,112,Bakery,Croissant,Butter Croissant,3.25,1,3.25,Mobile Pay,1014
2683,2025-04-16,06:25:18,1,Downtown,102,Coffee,Brewed Coffee,Brewed Coffee - Large,2.95,4,11.8,Credit Card,1318
2684,2025-04-16,08:57:37,3,Uptown,101,Coffee,Brewed Coffee,Brewed Coffee - Regular,2.5,1,2.5,Credit Card,1142
2685,2025-04-16,12:32:39,1,Downtown,107,Coffee,Cold Brew,Cold Brew - Regular,3.95,2,7.9,Credit Card,1389
2686,2025-04-16,09:39:58,1,Downtown,118,Merchandise,Mug,Branded Ceramic Mug,9.99,1,9.99,Mobile Pay,1113
2687,2025-04-16,18:22:22,3,Uptown,106,Coffee,Cappuccino,Cappuccino - Regular,3.65,2,7.3,Mobile Pay,1124
2688,2025-04-16,08:23:24,5,Lakeside Plaza,111,Tea,Chai,Chai Latte - Regular,3.85,1,3.85,Credit Card,1030
2689,2025-04-16,14:25:36,4,Airport Terminal 2,101,Coffee,Brewed Coffee,Brewed Coffee - Regular,2.5,1,2.5,Credit Card,1422
2690,2025-04-16,11:28:30,1,Downtown,118,Merchandise,Mug,Branded Ceramic Mug,9.99,1,9.99,Credit Card,1398
2691,2025-04-16,13:44:43,2,Riverside Mall,116,Pastry,Scone,Cranberry Scone,2.95,1,2.95,Credit Card,1111
2692,2025-04-16,10:44:23,5,Lakeside Plaza,110,Tea,Brewed Tea,Earl Grey,2.75,3,8.25,Cash,1010
2693,2025-04-16,11:54:54,4,Airport Terminal 2,115,Pastry,Cookie,Chocolate Chip Cookie,2.1,1,2.1,Cash,1167
2694,2025-04-16,16:04:31,2,Riverside Mall,112,Bakery,Croissant,Butter Croissant,3.25,1,3.25,Credit Card,1194
2695,2025-04-16,08:06:29,2,Riverside Mall,113,Bakery,Muffin,Blueberry Muffin,3.1,1,3.1,Credit Card,1094
2696,2025-04-16,09:14:19,2,Riverside Mall,105,Coffee,Latte,Latte - Large,4.25,1,4.25,Cash,1048
2697,2025-04-16,14:57:26,1,Downtown,102,Coffee,Brewed Coffee,Brewed Coffee - Large,2.95,2,5.9,Credit Card,1023
2698,2025-04-17,17:32:16,5,Lakeside Plaza,118,Merchandise,Mug,Branded Ceramic Mug,9.99,1,9.99,Mobile Pay,1077
2699,2025-04-17,11:28:14,1,Downtown,103,Coffee,Espresso,Espresso Shot,2.2,2,4.4,Mobile Pay,1315
2700,2025-04-17,18:59:58,3,Uptown,111,Tea,Chai,Chai Latte - Regular,3.85,1,3.85,Mobile Pay,1386
2701,2025-04-17,16:34:28,5,Lakeside Plaza,118,Merchandise,Mug,Branded Ceramic Mug,9.99,1,9.99,Mobile Pay,1289
2702,2025-04-17,14:37:49,1,Downtown,106,Coffee,Cappuccino,Cappuccino - Regular,3.65,1,3.65,Credit Card,1085
2703,2025-04-17,12:51:56,2,Riverside Mall,108,Coffee,Cold Brew,Cold Brew - Large,4.45,1,4.45,Mobile Pay,1004
2704,2025-04-17,11:33:11,2,Riverside Mall,115,Pastry,Cookie,Chocolate Chip Cookie,2.1,1,2.1,Mobile Pay,1236
2705,2025-04-17,06:28:07,1,Downtown,105,Coffee,Latte,Latte - Large,4.25,1,4.25,Mobile Pay,1176
2706,2025-04-17,06:12:27,2,Riverside Mall,118,Merchandise,Mug,Branded Ceramic Mug,9.99,2,19.98,Cash,1086
2707,2025-04-17,07:58:58,5,Lakeside Plaza,106,Coffee,Cappuccino,Cappuccino - Regular,3.65,1,3.65,Credit Card,1063
2708,2025-04-17,15:36:06,4,Airport Terminal 2,101,Coffee,Brewed Coffee,Brewed Coffee - Regular,2.5,1,2.5,Cash,1395
2709,2025-04-17,13:21:35,4,Airport Terminal 2,107,Coffee,Cold Brew,Cold Brew - Regular,3.95,1,3.95,Credit Card,1373
2710,2025-04-17,15:30:10,3,Uptown,115,Pastry,Cookie,Chocolate Chip Cookie,2.1,2,4.2,Credit Card,1048
2711,2025-04-17,15:48:49,5,Lakeside Plaza,102,Coffee,Brewed Coffee,Brewed Coffee - Large,2.95,1,2.95,Credit Card,1121
2712,2025-04-17,07:24:38,5,Lakeside Plaza,107,Coffee,Cold Brew,Cold Brew - Regular,3.95,3,11.85,Mobile Pay,1260
2713,2025-04-17,16:17:21,4,Airport Terminal 2,106,Coffee,Cappuccino,Cappuccino - Regular,3.65,4,14.6,Mobile Pay,1159
2714,2025-04-17,08:46:48,1,Downtown,117,Merchandise,Bag,Coffee Beans - 12oz Bag,12.5,1,12.5,Cash,1000
2715,2025-04-17,14:34:08,5,Lakeside Plaza,107,Coffee,Cold Brew,Cold Brew - Regular,3.95,2,7.9,Mobile Pay,1429
2716,2025-04-18,09:17:17,2,Riverside Mall,102,Coffee,Brewed Coffee,Brewed Coffee - Large,2.95,1,2.95,Credit Card,1142
2717,2025-04-18,15:04:26,2,Riverside Mall,117,Merchandise,Bag,Coffee Beans - 12oz Bag,12.5,4,50.0,Credit Card,1184
2718,2025-04-18,15:47:40,2,Riverside Mall,101,Coffee,Brewed Coffee,Brewed Coffee - Regular,2.5,2,5.0,Cash,1065
2719,2025-04-18,09:45:44,2,Riverside Mall,102,Coffee,Brewed Coffee,Brewed Coffee - Large,2.95,1,2.95,Cash,1436
2720,2025-04-18,11:59:08,4,Airport Terminal 2,116,Pastry,Scone,Cranberry Scone,2.95,2,5.9,Credit Card,1052
2721,2025-04-18,17:48:08,2,Riverside Mall,102,Coffee,Brewed Coffee,Brewed Coffee - Large,2.95,1,2.95,Credit Card,1213
2722,2025-04-18,09:12:00,1,Downtown,114,Bakery,Bagel,Plain Bagel with Cream Cheese,3.4,2,6.8,Cash,1422
2723,2025-04-18,18:28:29,5,Lakeside Plaza,108,Coffee,Cold Brew,Cold Brew - Large,4.45,1,4.45,Mobile Pay,1203
2724,2025-04-18,09:49:04,1,Downtown,118,Merchandise,Mug,Branded Ceramic Mug,9.99,2,19.98,Cash,1333
2725,2025-04-18,12:56:52,5,Lakeside Plaza,103,Coffee,Espresso,Espresso Shot,2.2,2,4.4,Cash,1380
2726,2025-04-18,16:02:55,3,Uptown,113,Bakery,Muffin,Blueberry Muffin,3.1,3,9.3,Credit Card,1298
2727,2025-04-18,08:50:01,5,Lakeside Plaza,107,Coffee,Cold Brew,Cold Brew - Regular,3.95,1,3.95,Mobile Pay,1431
2728,2025-04-18,07:24:25,5,Lakeside Plaza,109,Tea,Brewed Tea,Green Tea,2.75,1,2.75,Cash,1290
2729,2025-04-18,12:00:32,2,Riverside Mall,104,Coffee,Latte,Latte - Regular,3.75,1,3.75,Credit Card,1207
2730,2025-04-18,16:58:25,3,Uptown,114,Bakery,Bagel,Plain Bagel with Cream Cheese,3.4,1,3.4,Mobile Pay,1385
2731,2025-04-18,09:25:59,1,Downtown,113,Bakery,Muffin,Blueberry Muffin,3.1,1,3.1,Credit Card,1292
2732,2025-04-18,11:19:37,4,Airport Terminal 2,112,Bakery,Croissant,Butter Croissant,3.25,1,3.25,Mobile Pay,1390
2733,2025-04-18,12:27:25,3,Uptown,102,Coffee,Brewed Coffee,Brewed Coffee - Large,2.95,4,11.8,Credit Card,1350
2734,2025-04-18,13:22:00,2,Riverside Mall,108,Coffee,Cold Brew,Cold Brew - Large,4.45,1,4.45,Credit Card,1309
2735,2025-04-18,08:10:24,4,Airport Terminal 2,107,Coffee,Cold Brew,Cold Brew - Regular,3.95,1,3.95,Cash,1427
2736,2025-04-19,09:26:42,2,Riverside Mall,109,Tea,Brewed Tea,Green Tea,2.75,1,2.75,Credit Card,1424
2737,2025-04-19,09:09:06,5,Lakeside Plaza,111,Tea,Chai,Chai Latte - Regular,3.85,2,7.7,Credit Card,1435
2738,2025-04-19,15:38:43,1,Downtown,118,Merchandise,Mug,Branded Ceramic Mug,9.99,2,19.98,Credit Card,1378
2739,2025-04-19,14:46:19,4,Airport Terminal 2,105,Coffee,Latte,Latte - Large,4.25,3,12.75,Cash,1364
2740,2025-04-19,09:12:35,5,Lakeside Plaza,113,Bakery,Muffin,Blueberry Muffin,3.1,1,3.1,Mobile Pay,1122
2741,2025-04-19,19:11:56,3,Uptown,115,Pastry,Cookie,Chocolate Chip Cookie,2.1,1,2.1,Credit Card,1029
2742,2025-04-19,09:12:52,2,Riverside Mall,108,Coffee,Cold Brew,Cold Brew - Large,4.45,1,4.45,Credit Card,1353
2743,2025-04-19,16:33:31,1,Downtown,112,Bakery,Croissant,Butter Croissant,3.25,1,3.25,Mobile Pay,1191
2744,2025-04-19,16:49:46,3,Uptown,112,Bakery,Croissant,Butter Croissant,3.25,1,3.25,Credit Card,1353
2745,2025-04-19,10:29:25,3,Uptown,116,Pastry,Scone,Cranberry Scone,2.95,1,2.95,Mobile Pay,1368
2746,2025-04-19,18:23:15,3,Uptown,111,Tea,Chai,Chai Latte - Regular,3.85,1,3.85,Credit Card,1288
2747,2025-04-19,11:46:38,3,Uptown,113,Bakery,Muffin,Blueberry Muffin,3.1,2,6.2,Mobile Pay,1195
2748,2025-04-19,08:17:08,1,Downtown,114,Bakery,Bagel,Plain Bagel with Cream Cheese,3.4,1,3.4,Credit Card,1175
2749,2025-04-19,15:00:36,1,Downtown,118,Merchandise,Mug,Branded Ceramic Mug,9.99,1,9.99,Mobile Pay,1429
2750,2025-04-19,07:21:11,3,Uptown,117,Merchandise,Bag,Coffee Beans - 12oz Bag,12.5,2,25.0,Cash,1305
2751,2025-04-19,11:54:28,3,Uptown,113,Bakery,Muffin,Blueberry Muffin,3.1,1,3.1,Mobile Pay,1436
2752,2025-04-19,16:17:08,1,Downtown,115,Pastry,Cookie,Chocolate Chip Cookie,2.1,1,2.1,Credit Card,1397
2753,2025-04-19,08:07:59,1,Downtown,109,Tea,Brewed Tea,Green Tea,2.75,2,5.5,Mobile Pay,1026
2754,2025-04-19,14:15:50,3,Uptown,118,Merchandise,Mug,Branded Ceramic Mug,9.99,3,29.97,Mobile Pay,1212
2755,2025-04-19,17:13:45,3,Uptown,111,Tea,Chai,Chai Latte - Regular,3.85,2,7.7,Credit Card,1231
2756,2025-04-19,09:58:43,2,Riverside Mall,115,Pastry,Cookie,Chocolate Chip Cookie,2.1,3,6.3,Credit Card,1015
2757,2025-04-19,18:52:22,1,Downtown,116,Pastry,Scone,Cranberry Scone,2.95,3,8.85,Mobile Pay,1072
2758,2025-04-20,12:58:59,3,Uptown,118,Merchandise,Mug,Branded Ceramic Mug,9.99,1,9.99,Cash,1162
2759,2025-04-20,15:11:27,3,Uptown,109,Tea,Brewed Tea,Green Tea,2.75,3,8.25,Mobile Pay,1258
2760,2025-04-20,16:41:56,3,Uptown,109,Tea,Brewed Tea,Green Tea,2.75,2,5.5,Cash,1024
2761,2025-04-20,16:59:52,2,Riverside Mall,106,Coffee,Cappuccino,Cappuccino - Regular,3.65,2,7.3,Credit Card,1354
2762,2025-04-20,09:28:29,3,Uptown,105,Coffee,Latte,Latte - Large,4.25,1,4.25,Credit Card,1295
2763,2025-04-20,08:29:00,3,Uptown,114,Bakery,Bagel,Plain Bagel with Cream Cheese,3.4,1,3.4,Credit Card,1031
2764,2025-04-20,16:52:28,1,Downtown,112,Bakery,Croissant,Butter Croissant,3.25,3,9.75,Cash,1032
2765,2025-04-20,14:42:02,3,Uptown,111,Tea,Chai,Chai Latte - Regular,3.85,1,3.85,Credit Card,1077
2766,2025-04-20,07:11:20,2,Riverside Mall,105,Coffee,Latte,Latte - Large,4.25,1,4.25,Mobile Pay,1433
2767,2025-04-20,06:19:14,1,Downtown,114,Bakery,Bagel,Plain Bagel with Cream Cheese,3.4,4,13.6,Mobile Pay,1354
2768,2025-04-20,13:40:44,2,Riverside Mall,113,Bakery,Muffin,Blueberry Muffin,3.1,1,3.1,Mobile Pay,1084
2769,2025-04-20,08:39:22,2,Riverside Mall,104,Coffee,Latte,Latte - Regular,3.75,1,3.75,Credit Card,1078
2770,2025-04-20,17:01:38,4,Airport Terminal 2,106,Coffee,Cappuccino,Cappuccino - Regular,3.65,2,7.3,Credit Card,1294
2771,2025-04-20,10:46:23,4,Airport Terminal 2,108,Coffee,Cold Brew,Cold Brew - Large,4.45,4,17.8,Mobile Pay,1180
2772,2025-04-20,08:09:40,2,Riverside Mall,108,Coffee,Cold Brew,Cold Brew - Large,4.45,2,8.9,Credit Card,1417
2773,2025-04-20,17:38:38,5,Lakeside Plaza,107,Coffee,Cold Brew,Cold Brew - Regular,3.95,1,3.95,Credit Card,1147
2774,2025-04-20,15:14:08,4,Airport Terminal 2,108,Coffee,Cold Brew,Cold Brew - Large,4.45,1,4.45,Cash,1218
2775,2025-04-20,12:05:58,3,Uptown,102,Coffee,Brewed Coffee,Brewed Coffee - Large,2.95,1,2.95,Cash,1235
2776,2025-04-20,14:50:07,2,Riverside Mall,113,Bakery,Muffin,Blueberry Muffin,3.1,2,6.2,Cash,1413
2777,2025-04-21,07:00:31,2,Riverside Mall,113,Bakery,Muffin,Blueberry Muffin,3.1,1,3.1,Cash,1202
2778,2025-04-21,17:35:43,5,Lakeside Plaza,108,Coffee,Cold Brew,Cold Brew - Large,4.45,1,4.45,Credit Card,1093
2779,2025-04-21,17:48:16,4,Airport Terminal 2,114,Bakery,Bagel,Plain Bagel with Cream Cheese,3.4,1,3.4,Mobile Pay,1132
2780,2025-04-21,10:48:16,4,Airport Terminal 2,107,Coffee,Cold Brew,Cold Brew - Regular,3.95,1,3.95,Mobile Pay,1107
2781,2025-04-21,08:10:58,2,Riverside Mall,105,Coffee,Latte,Latte - Large,4.25,2,8.5,Credit Card,1008
2782,2025-04-21,09:09:22,5,Lakeside Plaza,110,Tea,Brewed Tea,Earl Grey,2.75,1,2.75,Mobile Pay,1343
2783,2025-04-21,15:42:43,5,Lakeside Plaza,105,Coffee,Latte,Latte - Large,4.25,2,8.5,Cash,1094
2784,2025-04-21,07:11:52,3,Uptown,113,Bakery,Muffin,Blueberry Muffin,3.1,3,9.3,Credit Card,1172
2785,2025-04-21,09:57:40,1,Downtown,113,Bakery,Muffin,Blueberry Muffin,3.1,2,6.2,Mobile Pay,1245
2786,2025-04-21,16:07:34,2,Riverside Mall,103,Coffee,Espresso,Espresso Shot,2.2,1,2.2,Credit Card,1203
2787,2025-04-21,08:15:00,4,Airport Terminal 2,109,Tea,Brewed Tea,Green Tea,2.75,1,2.75,Credit Card,1161
2788,2025-04-21,15:41:35,5,Lakeside Plaza,110,Tea,Brewed Tea,Earl Grey,2.75,1,2.75,Mobile Pay,1006
2789,2025-04-21,15:11:25,1,Downtown,108,Coffee,Cold Brew,Cold Brew - Large,4.45,2,8.9,Mobile Pay,1260
2790,2025-04-21,13:46:30,4,Airport Terminal 2,108,Coffee,Cold Brew,Cold Brew - Large,4.45,2,8.9,Cash,1197
2791,2025-04-21,07:20:16,3,Uptown,116,Pastry,Scone,Cranberry Scone,2.95,1,2.95,Cash,1409
2792,2025-04-21,07:46:17,1,Downtown,112,Bakery,Croissant,Butter Croissant,3.25,1,3.25,Mobile Pay,1289
2793,2025-04-21,12:01:36,3,Uptown,111,Tea,Chai,Chai Latte - Regular,3.85,3,11.55,Credit Card,1046
2794,2025-04-21,14:28:35,4,Airport Terminal 2,107,Coffee,Cold Brew,Cold Brew - Regular,3.95,1,3.95,Cash,1412
2795,2025-04-21,16:01:16,4,Airport Terminal 2,101,Coffee,Brewed Coffee,Brewed Coffee - Regular,2.5,1,2.5,Credit Card,1081
2796,2025-04-21,07:46:42,1,Downtown,116,Pastry,Scone,Cranberry Scone,2.95,1,2.95,Cash,1157
2797,2025-04-21,15:27:57,2,Riverside Mall,108,Coffee,Cold Brew,Cold Brew - Large,4.45,3,13.35,Credit Card,1206
2798,2025-04-21,11:36:33,5,Lakeside Plaza,115,Pastry,Cookie,Chocolate Chip Cookie,2.1,1,2.1,Cash,1037
2799,2025-04-21,09:51:38,4,Airport Terminal 2,116,Pastry,Scone,Cranberry Scone,2.95,4,11.8,Cash,1094
2800,2025-04-21,12:21:44,4,Airport Terminal 2,101,Coffee,Brewed Coffee,Brewed Coffee - Regular,2.5,1,2.5,Credit Card,1271
2801,2025-04-21,12:15:53,4,Airport Terminal 2,118,Merchandise,Mug,Branded Ceramic Mug,9.99,2,19.98,Mobile Pay,1106
2802,2025-04-21,08:38:05,5,Lakeside Plaza,110,Tea,Brewed Tea,Earl Grey,2.75,2,5.5,Credit Card,1195
2803,2025-04-21,18:43:46,2,Riverside Mall,101,Coffee,Brewed Coffee,Brewed Coffee - Regular,2.5,2,5.0,Credit Card,1326
2804,2025-04-21,08:10:07,2,Riverside Mall,104,Coffee,Latte,Latte - Regular,3.75,1,3.75,Mobile Pay,1180
2805,2025-04-21,16:17:18,3,Uptown,116,Pastry,Scone,Cranberry Scone,2.95,1,2.95,Mobile Pay,1233
2806,2025-04-21,06:03:00,3,Uptown,116,Pastry,Scone,Cranberry Scone,2.95,1,2.95,Credit Card,1287
2807,2025-04-21,13:48:27,3,Uptown,110,Tea,Brewed Tea,Earl Grey,2.75,1,2.75,Credit Card,1152
2808,2025-04-22,17:05:26,4,Airport Terminal 2,110,Tea,Brewed Tea,Earl Grey,2.75,2,5.5,Mobile Pay,1197
2809,2025-04-22,09:21:02,4,Airport Terminal 2,102,Coffee,Brewed Coffee,Brewed Coffee - Large,2.95,1,2.95,Credit Card,1125
2810,2025-04-22,08:37:47,2,Riverside Mall,116,Pastry,Scone,Cranberry Scone,2.95,1,2.95,Credit Card,1139
2811,2025-04-22,18:28:05,5,Lakeside Plaza,106,Coffee,Cappuccino,Cappuccino - Regular,3.65,1,3.65,Credit Card,1325
2812,2025-04-22,13:24:14,3,Uptown,105,Coffee,Latte,Latte - Large,4.25,1,4.25,Credit Card,1025
2813,2025-04-22,15:11:23,5,Lakeside Plaza,115,Pastry,Cookie,Chocolate Chip Cookie,2.1,1,2.1,Credit Card,1082
2814,2025-04-22,15:27:19,4,Airport Terminal 2,114,Bakery,Bagel,Plain Bagel with Cream Cheese,3.4,1,3.4,Mobile Pay,1040
2815,2025-04-22,17:39:54,5,Lakeside Plaza,110,Tea,Brewed Tea,Earl Grey,2.75,1,2.75,Mobile Pay,1291
2816,2025-04-22,10:18:26,5,Lakeside Plaza,113,Bakery,Muffin,Blueberry Muffin,3.1,2,6.2,Credit Card,1126
2817,2025-04-22,17:59:18,3,Uptown,109,Tea,Brewed Tea,Green Tea,2.75,2,5.5,Credit Card,1157
2818,2025-04-22,14:25:36,1,Downtown,110,Tea,Brewed Tea,Earl Grey,2.75,3,8.25,Credit Card,1301
2819,2025-04-22,16:54:16,5,Lakeside Plaza,108,Coffee,Cold Brew,Cold Brew - Large,4.45,1,4.45,Credit Card,1230
2820,2025-04-22,17:16:01,5,Lakeside Plaza,109,Tea,Brewed Tea,Green Tea,2.75,1,2.75,Mobile Pay,1346
2821,2025-04-22,08:03:37,5,Lakeside Plaza,106,Coffee,Cappuccino,Cappuccino - Regular,3.65,1,3.65,Cash,1215
2822,2025-04-22,19:42:52,4,Airport Terminal 2,107,Coffee,Cold Brew,Cold Brew - Regular,3.95,1,3.95,Mobile Pay,1394
2823,2025-04-22,07:10:06,5,Lakeside Plaza,109,Tea,Brewed Tea,Green Tea,2.75,4,11.0,Credit Card,1389
2824,2025-04-22,15:07:55,2,Riverside Mall,102,Coffee,Brewed Coffee,Brewed Coffee - Large,2.95,1,2.95,Credit Card,1022
2825,2025-04-22,10:18:40,3,Uptown,117,Merchandise,Bag,Coffee Beans - 12oz Bag,12.5,2,25.0,Credit Card,1211
2826,2025-04-22,16:08:02,4,Airport Terminal 2,105,Coffee,Latte,Latte - Large,4.25,1,4.25,Credit Card,1021
2827,2025-04-22,16:24:59,5,Lakeside Plaza,114,Bakery,Bagel,Plain Bagel with Cream Cheese,3.4,1,3.4,Credit Card,1370
2828,2025-04-22,16:09:57,5,Lakeside Plaza,102,Coffee,Brewed Coffee,Brewed Coffee - Large,2.95,2,5.9,Cash,1182
2829,2025-04-22,15:29:21,1,Downtown,107,Coffee,Cold Brew,Cold Brew - Regular,3.95,3,11.85,Credit Card,1442
2830,2025-04-22,08:37:21,5,Lakeside Plaza,113,Bakery,Muffin,Blueberry Muffin,3.1,2,6.2,Credit Card,1429
2831,2025-04-22,18:51:05,1,Downtown,118,Merchandise,Mug,Branded Ceramic Mug,9.99,3,29.97,Credit Card,1312
2832,2025-04-22,15:35:19,1,Downtown,109,Tea,Brewed Tea,Green Tea,2.75,1,2.75,Credit Card,1356
2833,2025-04-22,07:14:59,4,Airport Terminal 2,108,Coffee,Cold Brew,Cold Brew - Large,4.45,1,4.45,Cash,1189
2834,2025-04-22,17:12:53,2,Riverside Mall,110,Tea,Brewed Tea,Earl Grey,2.75,1,2.75,Credit Card,1343
2835,2025-04-23,10:18:11,2,Riverside Mall,107,Coffee,Cold Brew,Cold Brew - Regular,3.95,1,3.95,Credit Card,1106
2836,2025-04-23,09:28:45,1,Downtown,110,Tea,Brewed Tea,Earl Grey,2.75,1,2.75,Credit Card,1258
2837,2025-04-23,16:02:35,4,Airport Terminal 2,118,Merchandise,Mug,Branded Ceramic Mug,9.99,2,19.98,Credit Card,1333
2838,2025-04-23,11:37:03,2,Riverside Mall,109,Tea,Brewed Tea,Green Tea,2.75,1,2.75,Credit Card,1412
2839,2025-04-23,17:04:29,4,Airport Terminal 2,115,Pastry,Cookie,Chocolate Chip Cookie,2.1,1,2.1,Credit Card,1019
2840,2025-04-23,08:34:50,3,Uptown,102,Coffee,Brewed Coffee,Brewed Coffee - Large,2.95,2,5.9,Mobile Pay,1187
2841,2025-04-23,16:39:17,2,Riverside Mall,106,Coffee,Cappuccino,Cappuccino - Regular,3.65,1,3.65,Cash,1173
2842,2025-04-23,08:08:33,3,Uptown,106,Coffee,Cappuccino,Cappuccino - Regular,3.65,4,14.6,Mobile Pay,1319
2843,2025-04-23,06:21:25,1,Downtown,105,Coffee,Latte,Latte - Large,4.25,1,4.25,Credit Card,1055
2844,2025-04-23,06:12:16,1,Downtown,108,Coffee,Cold Brew,Cold Brew - Large,4.45,1,4.45,Cash,1225
2845,2025-04-23,15:23:59,1,Downtown,114,Bakery,Bagel,Plain Bagel with Cream Cheese,3.4,2,6.8,Mobile Pay,1224
2846,2025-04-23,14:22:48,2,Riverside Mall,116,Pastry,Scone,Cranberry Scone,2.95,2,5.9,Mobile Pay,1127
2847,2025-04-23,09:23:13,1,Downtown,106,Coffee,Cappuccino,Cappuccino - Regular,3.65,1,3.65,Mobile Pay,1088
2848,2025-04-23,15:52:31,5,Lakeside Plaza,118,Merchandise,Mug,Branded Ceramic Mug,9.99,1,9.99,Credit Card,1014
2849,2025-04-23,08:18:29,2,Riverside Mall,102,Coffee,Brewed Coffee,Brewed Coffee - Large,2.95,1,2.95,Credit Card,1409
2850,2025-04-23,12:10:10,1,Downtown,103,Coffee,Espresso,Espresso Shot,2.2,2,4.4,Credit Card,1067
2851,2025-04-23,12:56:46,3,Uptown,102,Coffee,Brewed Coffee,Brewed Coffee - Large,2.95,1,2.95,Credit Card,1425
2852,2025-04-23,15:06:53,5,Lakeside Plaza,115,Pastry,Cookie,Chocolate Chip Cookie,2.1,3,6.3,Credit Card,1328
2853,2025-04-24,11:39:50,3,Uptown,109,Tea,Brewed Tea,Green Tea,2.75,2,5.5,Cash,1441
2854,2025-04-24,11:40:34,3,Uptown,102,Coffee,Brewed Coffee,Brewed Coffee - Large,2.95,1,2.95,Mobile Pay,1446
2855,2025-04-24,14:21:32,2,Riverside Mall,116,Pastry,Scone,Cranberry Scone,2.95,3,8.85,Cash,1032
2856,2025-04-24,16:37:50,3,Uptown,102,Coffee,Brewed Coffee,Brewed Coffee - Large,2.95,2,5.9,Credit Card,1197
2857,2025-04-24,15:58:32,5,Lakeside Plaza,110,Tea,Brewed Tea,Earl Grey,2.75,2,5.5,Mobile Pay,1075
2858,2025-04-24,14:28:36,4,Airport Terminal 2,108,Coffee,Cold Brew,Cold Brew - Large,4.45,2,8.9,Mobile Pay,1039
2859,2025-04-24,07:03:07,1,Downtown,105,Coffee,Latte,Latte - Large,4.25,1,4.25,Cash,1262
2860,2025-04-24,12:58:47,3,Uptown,118,Merchandise,Mug,Branded Ceramic Mug,9.99,2,19.98,Mobile Pay,1342
2861,2025-04-24,16:55:52,1,Downtown,115,Pastry,Cookie,Chocolate Chip Cookie,2.1,1,2.1,Cash,1355
2862,2025-04-24,10:37:39,2,Riverside Mall,105,Coffee,Latte,Latte - Large,4.25,2,8.5,Credit Card,1355
2863,2025-04-24,15:57:48,5,Lakeside Plaza,111,Tea,Chai,Chai Latte - Regular,3.85,1,3.85,Cash,1052
2864,2025-04-24,18:47:16,2,Riverside Mall,116,Pastry,Scone,Cranberry Scone,2.95,1,2.95,Credit Card,1285
2865,2025-04-24,11:18:09,2,Riverside Mall,101,Coffee,Brewed Coffee,Brewed Coffee - Regular,2.5,1,2.5,Cash,1192
2866,2025-04-24,14:41:24,3,Uptown,109,Tea,Brewed Tea,Green Tea,2.75,2,5.5,Mobile Pay,1098
2867,2025-04-24,16:12:18,1,Downtown,118,Merchandise,Mug,Branded Ceramic Mug,9.99,1,9.99,Mobile Pay,1226
2868,2025-04-24,13:33:31,1,Downtown,110,Tea,Brewed Tea,Earl Grey,2.75,1,2.75,Mobile Pay,1297
2869,2025-04-24,12:51:10,1,Downtown,109,Tea,Brewed Tea,Green Tea,2.75,1,2.75,Credit Card,1191
2870,2025-04-24,15:04:39,4,Airport Terminal 2,117,Merchandise,Bag,Coffee Beans - 12oz Bag,12.5,2,25.0,Cash,1160
2871,2025-04-24,09:44:57,4,Airport Terminal 2,116,Pastry,Scone,Cranberry Scone,2.95,1,2.95,Credit Card,1218
2872,2025-04-24,18:38:47,2,Riverside Mall,106,Coffee,Cappuccino,Cappuccino - Regular,3.65,1,3.65,Credit Card,1119
2873,2025-04-24,12:50:10,4,Airport Terminal 2,116,Pastry,Scone,Cranberry Scone,2.95,1,2.95,Credit Card,1183
2874,2025-04-24,07:25:22,1,Downtown,114,Bakery,Bagel,Plain Bagel with Cream Cheese,3.4,1,3.4,Mobile Pay,1072
2875,2025-04-24,14:36:46,2,Riverside Mall,101,Coffee,Brewed Coffee,Brewed Coffee - Regular,2.5,3,7.5,Credit Card,1077
2876,2025-04-24,10:55:59,1,Downtown,103,Coffee,Espresso,Espresso Shot,2.2,2,4.4,Cash,1111
2877,2025-04-24,10:42:44,5,Lakeside Plaza,111,Tea,Chai,Chai Latte - Regular,3.85,1,3.85,Credit Card,1119
2878,2025-04-25,08:39:46,2,Riverside Mall,114,Bakery,Bagel,Plain Bagel with Cream Cheese,3.4,1,3.4,Mobile Pay,1391
2879,2025-04-25,11:21:42,1,Downtown,114,Bakery,Bagel,Plain Bagel with Cream Cheese,3.4,1,3.4,Cash,1263
2880,2025-04-25,07:13:46,5,Lakeside Plaza,111,Tea,Chai,Chai Latte - Regular,3.85,1,3.85,Credit Card,1335
2881,2025-04-25,09:34:54,1,Downtown,102,Coffee,Brewed Coffee,Brewed Coffee - Large,2.95,3,8.85,Mobile Pay,1360
2882,2025-04-25,08:09:06,1,Downtown,103,Coffee,Espresso,Espresso Shot,2.2,3,6.6,Mobile Pay,1088
2883,2025-04-25,13:58:56,3,Uptown,110,Tea,Brewed Tea,Earl Grey,2.75,1,2.75,Credit Card,1190
2884,2025-04-25,12:31:25,4,Airport Terminal 2,118,Merchandise,Mug,Branded Ceramic Mug,9.99,1,9.99,Cash,1004
2885,2025-04-25,13:16:35,5,Lakeside Plaza,104,Coffee,Latte,Latte - Regular,3.75,1,3.75,Credit Card,1199
2886,2025-04-25,16:43:00,3,Uptown,105,Coffee,Latte,Latte - Large,4.25,1,4.25,Cash,1198
2887,2025-04-25,12:33:30,5,Lakeside Plaza,116,Pastry,Scone,Cranberry Scone,2.95,1,2.95,Credit Card,1160
2888,2025-04-25,09:55:25,4,Airport Terminal 2,113,Bakery,Muffin,Blueberry Muffin,3.1,2,6.2,Credit Card,1396
2889,2025-04-25,15:13:18,5,Lakeside Plaza,114,Bakery,Bagel,Plain Bagel with Cream Cheese,3.4,2,6.8,Credit Card,1057
2890,2025-04-25,08:12:11,4,Airport Terminal 2,105,Coffee,Latte,Latte - Large,4.25,1,4.25,Cash,1353
2891,2025-04-25,14:34:13,3,Uptown,106,Coffee,Cappuccino,Cappuccino - Regular,3.65,2,7.3,Credit Card,1057
2892,2025-04-25,17:36:49,4,Airport Terminal 2,117,Merchandise,Bag,Coffee Beans - 12oz Bag,12.5,3,37.5,Cash,1443
2893,2025-04-25,08:48:26,4,Airport Terminal 2,115,Pastry,Cookie,Chocolate Chip Cookie,2.1,1,2.1,Mobile Pay,1304
2894,2025-04-25,07:10:32,3,Uptown,117,Merchandise,Bag,Coffee Beans - 12oz Bag,12.5,2,25.0,Credit Card,1056
2895,2025-04-25,09:27:27,1,Downtown,102,Coffee,Brewed Coffee,Brewed Coffee - Large,2.95,1,2.95,Credit Card,1377
2896,2025-04-25,07:22:59,2,Riverside Mall,101,Coffee,Brewed Coffee,Brewed Coffee - Regular,2.5,1,2.5,Credit Card,1082
2897,2025-04-25,11:55:06,2,Riverside Mall,118,Merchandise,Mug,Branded Ceramic Mug,9.99,1,9.99,Cash,1323
2898,2025-04-25,09:33:57,2,Riverside Mall,109,Tea,Brewed Tea,Green Tea,2.75,1,2.75,Cash,1363
2899,2025-04-25,15:59:26,3,Uptown,118,Merchandise,Mug,Branded Ceramic Mug,9.99,2,19.98,Cash,1315
2900,2025-04-25,07:25:34,5,Lakeside Plaza,102,Coffee,Brewed Coffee,Brewed Coffee - Large,2.95,2,5.9,Mobile Pay,1083
2901,2025-04-25,16:11:54,4,Airport Terminal 2,108,Coffee,Cold Brew,Cold Brew - Large,4.45,1,4.45,Mobile Pay,1105
2902,2025-04-25,15:56:13,5,Lakeside Plaza,113,Bakery,Muffin,Blueberry Muffin,3.1,1,3.1,Credit Card,1247
2903,2025-04-26,10:07:56,1,Downtown,117,Merchandise,Bag,Coffee Beans - 12oz Bag,12.5,2,25.0,Mobile Pay,1277
2904,2025-04-26,11:06:15,4,Airport Terminal 2,106,Coffee,Cappuccino,Cappuccino - Regular,3.65,1,3.65,Mobile Pay,1156
2905,2025-04-26,19:12:09,1,Downtown,101,Coffee,Brewed Coffee,Brewed Coffee - Regular,2.5,2,5.0,Cash,1405
2906,2025-04-26,07:34:54,2,Riverside Mall,105,Coffee,Latte,Latte - Large,4.25,1,4.25,Credit Card,1114
2907,2025-04-26,15:46:54,2,Riverside Mall,115,Pastry,Cookie,Chocolate Chip Cookie,2.1,1,2.1,Credit Card,1244
2908,2025-04-26,18:30:31,1,Downtown,113,Bakery,Muffin,Blueberry Muffin,3.1,1,3.1,Cash,1333
2909,2025-04-26,06:57:59,3,Uptown,106,Coffee,Cappuccino,Cappuccino - Regular,3.65,1,3.65,Mobile Pay,1051
2910,2025-04-26,15:39:08,3,Uptown,108,Coffee,Cold Brew,Cold Brew - Large,4.45,1,4.45,Mobile Pay,1227
2911,2025-04-26,17:44:07,1,Downtown,115,Pastry,Cookie,Chocolate Chip Cookie,2.1,1,2.1,Credit Card,1303
2912,2025-04-26,13:19:22,5,Lakeside Plaza,108,Coffee,Cold Brew,Cold Brew - Large,4.45,2,8.9,Credit Card,1091
2913,2025-04-26,15:24:23,1,Downtown,105,Coffee,Latte,Latte - Large,4.25,2,8.5,Credit Card,1420
2914,2025-04-26,14:22:36,4,Airport Terminal 2,106,Coffee,Cappuccino,Cappuccino - Regular,3.65,2,7.3,Credit Card,1070
2915,2025-04-26,14:37:36,2,Riverside Mall,110,Tea,Brewed Tea,Earl Grey,2.75,3,8.25,Credit Card,1083
2916,2025-04-26,14:40:40,2,Riverside Mall,109,Tea,Brewed Tea,Green Tea,2.75,1,2.75,Credit Card,1227
2917,2025-04-26,12:40:30,2,Riverside Mall,101,Coffee,Brewed Coffee,Brewed Coffee - Regular,2.5,1,2.5,Credit Card,1316
2918,2025-04-26,07:28:36,5,Lakeside Plaza,110,Tea,Brewed Tea,Earl Grey,2.75,2,5.5,Cash,1248
2919,2025-04-26,15:29:19,1,Downtown,118,Merchandise,Mug,Branded Ceramic Mug,9.99,2,19.98,Credit Card,1254
2920,2025-04-26,11:04:32,3,Uptown,110,Tea,Brewed Tea,Earl Grey,2.75,1,2.75,Mobile Pay,1311
2921,2025-04-26,11:15:18,3,Uptown,104,Coffee,Latte,Latte - Regular,3.75,2,7.5,Mobile Pay,1265
2922,2025-04-26,11:37:34,3,Uptown,107,Coffee,Cold Brew,Cold Brew - Regular,3.95,2,7.9,Mobile Pay,1054
2923,2025-04-26,06:18:20,3,Uptown,118,Merchandise,Mug,Branded Ceramic Mug,9.99,1,9.99,Cash,1309
2924,2025-04-26,17:20:10,5,Lakeside Plaza,113,Bakery,Muffin,Blueberry Muffin,3.1,1,3.1,Cash,1016
2925,2025-04-26,07:25:18,2,Riverside Mall,115,Pastry,Cookie,Chocolate Chip Cookie,2.1,1,2.1,Cash,1031
2926,2025-04-26,09:53:16,5,Lakeside Plaza,106,Coffee,Cappuccino,Cappuccino - Regular,3.65,1,3.65,Mobile Pay,1053
2927,2025-04-26,17:36:35,1,Downtown,118,Merchandise,Mug,Branded Ceramic Mug,9.99,1,9.99,Mobile Pay,1340
2928,2025-04-26,10:52:34,3,Uptown,116,Pastry,Scone,Cranberry Scone,2.95,1,2.95,Credit Card,1316
2929,2025-04-26,16:47:06,4,Airport Terminal 2,109,Tea,Brewed Tea,Green Tea,2.75,1,2.75,Mobile Pay,1212
2930,2025-04-26,08:28:50,2,Riverside Mall,101,Coffee,Brewed Coffee,Brewed Coffee - Regular,2.5,1,2.5,Cash,1006
2931,2025-04-26,15:46:24,2,Riverside Mall,102,Coffee,Brewed Coffee,Brewed Coffee - Large,2.95,2,5.9,Cash,1206
2932,2025-04-27,14:01:58,5,Lakeside Plaza,112,Bakery,Croissant,Butter Croissant,3.25,4,13.0,Credit Card,1183
2933,2025-04-27,09:36:12,1,Downtown,118,Merchandise,Mug,Branded Ceramic Mug,9.99,2,19.98,Credit Card,1277
2934,2025-04-27,12:03:32,3,Uptown,114,Bakery,Bagel,Plain Bagel with Cream Cheese,3.4,2,6.8,Mobile Pay,1369
2935,2025-04-27,12:26:56,1,Downtown,117,Merchandise,Bag,Coffee Beans - 12oz Bag,12.5,2,25.0,Cash,1017
2936,2025-04-27,11:44:07,2,Riverside Mall,114,Bakery,Bagel,Plain Bagel with Cream Cheese,3.4,1,3.4,Mobile Pay,1138
2937,2025-04-27,08:38:02,3,Uptown,109,Tea,Brewed Tea,Green Tea,2.75,1,2.75,Credit Card,1140
2938,2025-04-27,17:25:52,4,Airport Terminal 2,118,Merchandise,Mug,Branded Ceramic Mug,9.99,3,29.97,Credit Card,1084
2939,2025-04-27,08:49:08,1,Downtown,113,Bakery,Muffin,Blueberry Muffin,3.1,1,3.1,Credit Card,1176
2940,2025-04-27,08:59:27,4,Airport Terminal 2,116,Pastry,Scone,Cranberry Scone,2.95,2,5.9,Mobile Pay,1094
2941,2025-04-27,14:21:15,2,Riverside Mall,104,Coffee,Latte,Latte - Regular,3.75,1,3.75,Credit Card,1325
2942,2025-04-27,16:16:31,3,Uptown,115,Pastry,Cookie,Chocolate Chip Cookie,2.1,1,2.1,Credit Card,1199
2943,2025-04-27,11:14:38,3,Uptown,111,Tea,Chai,Chai Latte - Regular,3.85,1,3.85,Cash,1087
2944,2025-04-27,09:00:31,2,Riverside Mall,118,Merchandise,Mug,Branded Ceramic Mug,9.99,2,19.98,Credit Card,1070
2945,2025-04-27,08:44:53,3,Uptown,107,Coffee,Cold Brew,Cold Brew - Regular,3.95,3,11.85,Cash,1305
2946,2025-04-27,08:11:05,2,Riverside Mall,113,Bakery,Muffin,Blueberry Muffin,3.1,3,9.3,Mobile Pay,1034
2947,2025-04-27,17:40:09,4,Airport Terminal 2,108,Coffee,Cold Brew,Cold Brew - Large,4.45,2,8.9,Credit Card,1237
2948,2025-04-27,13:34:46,4,Airport Terminal 2,109,Tea,Brewed Tea,Green Tea,2.75,1,2.75,Credit Card,1177
2949,2025-04-27,10:11:37,3,Uptown,118,Merchandise,Mug,Branded Ceramic Mug,9.99,2,19.98,Credit Card,1087
2950,2025-04-27,15:20:06,3,Uptown,105,Coffee,Latte,Latte - Large,4.25,1,4.25,Credit Card,1257
2951,2025-04-27,12:03:21,3,Uptown,103,Coffee,Espresso,Espresso Shot,2.2,3,6.6,Mobile Pay,1270
2952,2025-04-27,10:05:16,1,Downtown,112,Bakery,Croissant,Butter Croissant,3.25,1,3.25,Credit Card,1157
2953,2025-04-27,14:22:49,2,Riverside Mall,112,Bakery,Croissant,Butter Croissant,3.25,1,3.25,Mobile Pay,1224
2954,2025-04-27,16:54:29,3,Uptown,104,Coffee,Latte,Latte - Regular,3.75,1,3.75,Credit Card,1297
2955,2025-04-27,08:18:54,5,Lakeside Plaza,115,Pastry,Cookie,Chocolate Chip Cookie,2.1,3,6.3,Cash,1104
2956,2025-04-27,13:01:14,2,Riverside Mall,116,Pastry,Scone,Cranberry Scone,2.95,1,2.95,Credit Card,1271
2957,2025-04-27,15:15:52,1,Downtown,103,Coffee,Espresso,Espresso Shot,2.2,2,4.4,Mobile Pay,1307
2958,2025-04-27,13:32:34,4,Airport Terminal 2,102,Coffee,Brewed Coffee,Brewed Coffee - Large,2.95,3,8.85,Mobile Pay,1415
2959,2025-04-27,16:30:34,1,Downtown,112,Bakery,Croissant,Butter Croissant,3.25,1,3.25,Credit Card,1004
2960,2025-04-27,08:43:04,5,Lakeside Plaza,114,Bakery,Bagel,Plain Bagel with Cream Cheese,3.4,1,3.4,Credit Card,1062
2961,2025-04-27,10:42:13,3,Uptown,114,Bakery,Bagel,Plain Bagel with Cream Cheese,3.4,3,10.2,Credit Card,1373
2962,2025-04-27,08:36:55,5,Lakeside Plaza,102,Coffee,Brewed Coffee,Brewed Coffee - Large,2.95,1,2.95,Credit Card,1217
2963,2025-04-27,09:24:31,2,Riverside Mall,110,Tea,Brewed Tea,Earl Grey,2.75,1,2.75,Credit Card,1245
2964,2025-04-28,14:04:19,2,Riverside Mall,113,Bakery,Muffin,Blueberry Muffin,3.1,1,3.1,Credit Card,1416
2965,2025-04-28,17:40:50,5,Lakeside Plaza,109,Tea,Brewed Tea,Green Tea,2.75,1,2.75,Cash,1174
2966,2025-04-28,15:07:03,5,Lakeside Plaza,101,Coffee,Brewed Coffee,Brewed Coffee - Regular,2.5,1,2.5,Credit Card,1283
2967,2025-04-28,13:14:53,2,Riverside Mall,101,Coffee,Brewed Coffee,Brewed Coffee - Regular,2.5,3,7.5,Credit Card,1362
2968,2025-04-28,13:26:42,1,Downtown,103,Coffee,Espresso,Espresso Shot,2.2,1,2.2,Cash,1147
2969,2025-04-28,09:32:49,3,Uptown,113,Bakery,Muffin,Blueberry Muffin,3.1,1,3.1,Mobile Pay,1317
2970,2025-04-28,14:28:10,5,Lakeside Plaza,115,Pastry,Cookie,Chocolate Chip Cookie,2.1,1,2.1,Credit Card,1448
2971,2025-04-28,14:36:22,4,Airport Terminal 2,111,Tea,Chai,Chai Latte - Regular,3.85,2,7.7,Mobile Pay,1064
2972,2025-04-28,08:04:28,1,Downtown,102,Coffee,Brewed Coffee,Brewed Coffee - Large,2.95,2,5.9,Credit Card,1236
2973,2025-04-28,16:19:33,5,Lakeside Plaza,103,Coffee,Espresso,Espresso Shot,2.2,1,2.2,Credit Card,1327
2974,2025-04-28,12:59:21,4,Airport Terminal 2,103,Coffee,Espresso,Espresso Shot,2.2,2,4.4,Credit Card,1270
2975,2025-04-28,16:50:17,3,Uptown,111,Tea,Chai,Chai Latte - Regular,3.85,2,7.7,Credit Card,1105
2976,2025-04-28,19:33:06,2,Riverside Mall,117,Merchandise,Bag,Coffee Beans - 12oz Bag,12.5,1,12.5,Credit Card,1371
2977,2025-04-28,13:21:48,1,Downtown,107,Coffee,Cold Brew,Cold Brew - Regular,3.95,1,3.95,Cash,1274
2978,2025-04-28,14:31:53,1,Downtown,108,Coffee,Cold Brew,Cold Brew - Large,4.45,1,4.45,Mobile Pay,1140
2979,2025-04-28,17:01:47,3,Uptown,101,Coffee,Brewed Coffee,Brewed Coffee - Regular,2.5,2,5.0,Mobile Pay,1336
2980,2025-04-28,16:28:29,5,Lakeside Plaza,106,Coffee,Cappuccino,Cappuccino - Regular,3.65,1,3.65,Credit Card,1189
2981,2025-04-28,17:37:13,5,Lakeside Plaza,114,Bakery,Bagel,Plain Bagel with Cream Cheese,3.4,1,3.4,Credit Card,1404
2982,2025-04-28,13:01:48,3,Uptown,117,Merchandise,Bag,Coffee Beans - 12oz Bag,12.5,2,25.0,Cash,1383
2983,2025-04-28,08:25:01,3,Uptown,107,Coffee,Cold Brew,Cold Brew - Regular,3.95,2,7.9,Cash,1062
2984,2025-04-28,06:54:34,2,Riverside Mall,103,Coffee,Espresso,Espresso Shot,2.2,1,2.2,Mobile Pay,1293
2985,2025-04-28,14:20:22,3,Uptown,105,Coffee,Latte,Latte - Large,4.25,1,4.25,Credit Card,1370
2986,2025-04-28,15:20:52,5,Lakeside Plaza,102,Coffee,Brewed Coffee,Brewed Coffee - Large,2.95,1,2.95,Mobile Pay,1051
2987,2025-04-28,09:03:56,1,Downtown,102,Coffee,Brewed Coffee,Brewed Coffee - Large,2.95,1,2.95,Credit Card,1108
2988,2025-04-29,17:59:44,4,Airport Terminal 2,103,Coffee,Espresso,Espresso Shot,2.2,2,4.4,Credit Card,1271
2989,2025-04-29,08:28:05,4,Airport Terminal 2,113,Bakery,Muffin,Blueberry Muffin,3.1,1,3.1,Credit Card,1178
2990,2025-04-29,13:13:22,5,Lakeside Plaza,113,Bakery,Muffin,Blueberry Muffin,3.1,1,3.1,Cash,1316
2991,2025-04-29,13:55:48,1,Downtown,111,Tea,Chai,Chai Latte - Regular,3.85,2,7.7,Cash,1220
2992,2025-04-29,14:05:41,3,Uptown,115,Pastry,Cookie,Chocolate Chip Cookie,2.1,1,2.1,Mobile Pay,1197
2993,2025-04-29,13:22:22,2,Riverside Mall,116,Pastry,Scone,Cranberry Scone,2.95,2,5.9,Cash,1059
2994,2025-04-29,11:43:39,3,Uptown,108,Coffee,Cold Brew,Cold Brew - Large,4.45,1,4.45,Mobile Pay,1068
2995,2025-04-29,13:29:01,2,Riverside Mall,116,Pastry,Scone,Cranberry Scone,2.95,3,8.85,Credit Card,1278
2996,2025-04-29,06:58:15,4,Airport Terminal 2,114,Bakery,Bagel,Plain Bagel with Cream Cheese,3.4,1,3.4,Cash,1266
2997,2025-04-29,07:45:43,3,Uptown,109,Tea,Brewed Tea,Green Tea,2.75,1,2.75,Mobile Pay,1017
2998,2025-04-29,18:20:40,5,Lakeside Plaza,115,Pastry,Cookie,Chocolate Chip Cookie,2.1,3,6.3,Credit Card,1171
2999,2025-04-29,16:02:23,3,Uptown,114,Bakery,Bagel,Plain Bagel with Cream Cheese,3.4,4,13.6,Cash,1019
3000,2025-04-29,06:31:13,5,Lakeside Plaza,118,Merchandise,Mug,Branded Ceramic Mug,9.99,1,9.99,Credit Card,1073
3001,2025-04-29,08:54:32,2,Riverside Mall,114,Bakery,Bagel,Plain Bagel with Cream Cheese,3.4,3,10.2,Credit Card,1134
3002,2025-04-29,08:48:37,3,Uptown,115,Pastry,Cookie,Chocolate Chip Cookie,2.1,1,2.1,Mobile Pay,1162
3003,2025-04-29,14:02:26,1,Downtown,114,Bakery,Bagel,Plain Bagel with Cream Cheese,3.4,1,3.4,Credit Card,1133
3004,2025-04-29,13:11:32,5,Lakeside Plaza,101,Coffee,Brewed Coffee,Brewed Coffee - Regular,2.5,1,2.5,Credit Card,1439
3005,2025-04-29,12:17:55,5,Lakeside Plaza,117,Merchandise,Bag,Coffee Beans - 12oz Bag,12.5,1,12.5,Cash,1179
3006,2025-04-29,13:57:29,2,Riverside Mall,111,Tea,Chai,Chai Latte - Regular,3.85,1,3.85,Cash,1251
3007,2025-04-29,06:27:51,3,Uptown,107,Coffee,Cold Brew,Cold Brew - Regular,3.95,1,3.95,Mobile Pay,1286
3008,2025-04-29,16:52:17,1,Downtown,113,Bakery,Muffin,Blueberry Muffin,3.1,2,6.2,Mobile Pay,1392
3009,2025-04-30,14:48:33,3,Uptown,107,Coffee,Cold Brew,Cold Brew - Regular,3.95,3,11.85,Credit Card,1259
3010,2025-04-30,12:47:22,5,Lakeside Plaza,116,Pastry,Scone,Cranberry Scone,2.95,4,11.8,Credit Card,1113
3011,2025-04-30,09:30:28,2,Riverside Mall,113,Bakery,Muffin,Blueberry Muffin,3.1,1,3.1,Cash,1128
3012,2025-04-30,14:07:22,1,Downtown,101,Coffee,Brewed Coffee,Brewed Coffee - Regular,2.5,1,2.5,Credit Card,1422
3013,2025-04-30,08:08:25,4,Airport Terminal 2,101,Coffee,Brewed Coffee,Brewed Coffee - Regular,2.5,1,2.5,Mobile Pay,1135
3014,2025-04-30,07:54:10,1,Downtown,109,Tea,Brewed Tea,Green Tea,2.75,3,8.25,Mobile Pay,1119
3015,2025-04-30,15:22:28,5,Lakeside Plaza,102,Coffee,Brewed Coffee,Brewed Coffee - Large,2.95,1,2.95,Credit Card,1003
3016,2025-04-30,06:45:44,3,Uptown,103,Coffee,Espresso,Espresso Shot,2.2,1,2.2,Mobile Pay,1302
3017,2025-04-30,13:10:17,3,Uptown,104,Coffee,Latte,Latte - Regular,3.75,1,3.75,Credit Card,1399
3018,2025-04-30,07:30:45,5,Lakeside Plaza,103,Coffee,Espresso,Espresso Shot,2.2,2,4.4,Mobile Pay,1050
3019,2025-04-30,15:34:29,2,Riverside Mall,105,Coffee,Latte,Latte - Large,4.25,1,4.25,Credit Card,1373
3020,2025-04-30,15:16:55,4,Airport Terminal 2,105,Coffee,Latte,Latte - Large,4.25,3,12.75,Credit Card,1208
3021,2025-04-30,07:31:53,2,Riverside Mall,112,Bakery,Croissant,Butter Croissant,3.25,1,3.25,Cash,1073
3022,2025-04-30,16:44:41,1,Downtown,109,Tea,Brewed Tea,Green Tea,2.75,2,5.5,Credit Card,1088
3023,2025-04-30,16:03:02,1,Downtown,118,Merchandise,Mug,Branded Ceramic Mug,9.99,1,9.99,Credit Card,1195
3024,2025-04-30,09:30:00,1,Downtown,113,Bakery,Muffin,Blueberry Muffin,3.1,1,3.1,Credit Card,1204
3025,2025-04-30,18:09:49,2,Riverside Mall,102,Coffee,Brewed Coffee,Brewed Coffee - Large,2.95,1,2.95,Credit Card,1304
3026,2025-04-30,17:26:46,2,Riverside Mall,113,Bakery,Muffin,Blueberry Muffin,3.1,1,3.1,Credit Card,1292
3027,2025-04-30,14:00:21,4,Airport Terminal 2,118,Merchandise,Mug,Branded Ceramic Mug,9.99,1,9.99,Credit Card,1309
3028,2025-04-30,13:08:21,1,Downtown,104,Coffee,Latte,Latte - Regular,3.75,4,15.0,Mobile Pay,1288
3029,2025-04-30,09:29:05,1,Downtown,115,Pastry,Cookie,Chocolate Chip Cookie,2.1,1,2.1,Cash,1398
3030,2025-05-01,07:13:34,2,Riverside Mall,106,Coffee,Cappuccino,Cappuccino - Regular,3.65,2,7.3,Cash,1289
3031,2025-05-01,17:41:24,5,Lakeside Plaza,116,Pastry,Scone,Cranberry Scone,2.95,1,2.95,Cash,1095
3032,2025-05-01,16:45:49,3,Uptown,111,Tea,Chai,Chai Latte - Regular,3.85,1,3.85,Mobile Pay,1208
3033,2025-05-01,13:35:51,4,Airport Terminal 2,104,Coffee,Latte,Latte - Regular,3.75,4,15.0,Credit Card,1035
3034,2025-05-01,09:15:26,1,Downtown,115,Pastry,Cookie,Chocolate Chip Cookie,2.1,1,2.1,Mobile Pay,1074
3035,2025-05-01,16:59:57,3,Uptown,110,Tea,Brewed Tea,Earl Grey,2.75,1,2.75,Cash,1184
3036,2025-05-01,08:11:13,4,Airport Terminal 2,101,Coffee,Brewed Coffee,Brewed Coffee - Regular,2.5,3,7.5,Mobile Pay,1138
3037,2025-05-01,14:19:47,2,Riverside Mall,101,Coffee,Brewed Coffee,Brewed Coffee - Regular,2.5,2,5.0,Mobile Pay,1408
3038,2025-05-01,14:13:43,2,Riverside Mall,113,Bakery,Muffin,Blueberry Muffin,3.1,1,3.1,Credit Card,1328
3039,2025-05-01,09:08:30,3,Uptown,104,Coffee,Latte,Latte - Regular,3.75,1,3.75,Credit Card,1333
3040,2025-05-01,06:43:08,3,Uptown,118,Merchandise,Mug,Branded Ceramic Mug,9.99,1,9.99,Mobile Pay,1176
3041,2025-05-01,10:24:02,3,Uptown,118,Merchandise,Mug,Branded Ceramic Mug,9.99,1,9.99,Credit Card,1054
3042,2025-05-01,18:34:37,1,Downtown,111,Tea,Chai,Chai Latte - Regular,3.85,3,11.55,Cash,1046
3043,2025-05-01,17:48:44,4,Airport Terminal 2,118,Merchandise,Mug,Branded Ceramic Mug,9.99,1,9.99,Mobile Pay,1310
3044,2025-05-01,12:27:50,4,Airport Terminal 2,109,Tea,Brewed Tea,Green Tea,2.75,3,8.25,Credit Card,1263
3045,2025-05-01,12:03:58,2,Riverside Mall,107,Coffee,Cold Brew,Cold Brew - Regular,3.95,1,3.95,Credit Card,1269
3046,2025-05-01,06:47:14,4,Airport Terminal 2,109,Tea,Brewed Tea,Green Tea,2.75,1,2.75,Credit Card,1336
3047,2025-05-01,14:31:18,1,Downtown,104,Coffee,Latte,Latte - Regular,3.75,2,7.5,Cash,1290
3048,2025-05-01,07:25:36,4,Airport Terminal 2,110,Tea,Brewed Tea,Earl Grey,2.75,2,5.5,Credit Card,1391
3049,2025-05-01,14:46:40,2,Riverside Mall,113,Bakery,Muffin,Blueberry Muffin,3.1,1,3.1,Mobile Pay,1101
3050,2025-05-01,13:32:27,2,Riverside Mall,109,Tea,Brewed Tea,Green Tea,2.75,1,2.75,Credit Card,1020
3051,2025-05-01,14:33:26,1,Downtown,108,Coffee,Cold Brew,Cold Brew - Large,4.45,1,4.45,Cash,1221
3052,2025-05-01,07:10:12,1,Downtown,106,Coffee,Cappuccino,Cappuccino - Regular,3.65,2,7.3,Credit Card,1251
3053,2025-05-01,11:21:00,2,Riverside Mall,101,Coffee,Brewed Coffee,Brewed Coffee - Regular,2.5,3,7.5,Credit Card,1389
3054,2025-05-01,06:33:24,1,Downtown,101,Coffee,Brewed Coffee,Brewed Coffee - Regular,2.5,1,2.5,Credit Card,1149
3055,2025-05-02,14:39:00,4,Airport Terminal 2,108,Coffee,Cold Brew,Cold Brew - Large,4.45,1,4.45,Credit Card,1266
3056,2025-05-02,08:07:25,5,Lakeside Plaza,103,Coffee,Espresso,Espresso Shot,2.2,2,4.4,Credit Card,1011
3057,2025-05-02,13:47:40,1,Downtown,113,Bakery,Muffin,Blueberry Muffin,3.1,1,3.1,Cash,1120
3058,2025-05-02,18:47:53,4,Airport Terminal 2,107,Coffee,Cold Brew,Cold Brew - Regular,3.95,1,3.95,Mobile Pay,1272
3059,2025-05-02,15:39:02,5,Lakeside Plaza,115,Pastry,Cookie,Chocolate Chip Cookie,2.1,1,2.1,Mobile Pay,1277
3060,2025-05-02,13:53:05,3,Uptown,110,Tea,Brewed Tea,Earl Grey,2.75,3,8.25,Mobile Pay,1443
3061,2025-05-02,19:24:15,4,Airport Terminal 2,116,Pastry,Scone,Cranberry Scone,2.95,1,2.95,Mobile Pay,1011
3062,2025-05-02,09:14:15,5,Lakeside Plaza,117,Merchandise,Bag,Coffee Beans - 12oz Bag,12.5,1,12.5,Credit Card,1049
3063,2025-05-02,07:06:33,2,Riverside Mall,115,Pastry,Cookie,Chocolate Chip Cookie,2.1,3,6.3,Cash,1162
3064,2025-05-02,14:44:16,5,Lakeside Plaza,118,Merchandise,Mug,Branded Ceramic Mug,9.99,1,9.99,Mobile Pay,1072
3065,2025-05-02,19:12:40,3,Uptown,105,Coffee,Latte,Latte - Large,4.25,1,4.25,Credit Card,1434
3066,2025-05-02,08:48:15,1,Downtown,112,Bakery,Croissant,Butter Croissant,3.25,1,3.25,Cash,1210
3067,2025-05-02,18:38:38,3,Uptown,113,Bakery,Muffin,Blueberry Muffin,3.1,1,3.1,Mobile Pay,1297
3068,2025-05-02,12:09:45,3,Uptown,113,Bakery,Muffin,Blueberry Muffin,3.1,1,3.1,Credit Card,1029
3069,2025-05-02,16:45:49,3,Uptown,101,Coffee,Brewed Coffee,Brewed Coffee - Regular,2.5,1,2.5,Credit Card,1046
3070,2025-05-02,14:32:28,2,Riverside Mall,105,Coffee,Latte,Latte - Large,4.25,1,4.25,Credit Card,1392
3071,2025-05-02,18:25:09,1,Downtown,105,Coffee,Latte,Latte - Large,4.25,1,4.25,Credit Card,1177
3072,2025-05-02,09:20:57,1,Downtown,116,Pastry,Scone,Cranberry Scone,2.95,1,2.95,Mobile Pay,1116
3073,2025-05-02,11:10:59,3,Uptown,107,Coffee,Cold Brew,Cold Brew - Regular,3.95,1,3.95,Cash,1232
3074,2025-05-02,08:06:49,3,Uptown,103,Coffee,Espresso,Espresso Shot,2.2,1,2.2,Credit Card,1071
3075,2025-05-02,13:43:26,3,Uptown,104,Coffee,Latte,Latte - Regular,3.75,3,11.25,Cash,1321
3076,2025-05-02,13:18:42,3,Uptown,112,Bakery,Croissant,Butter Croissant,3.25,3,9.75,Cash,1203
3077,2025-05-02,12:11:14,1,Downtown,102,Coffee,Brewed Coffee,Brewed Coffee - Large,2.95,1,2.95,Credit Card,1218
3078,2025-05-02,08:15:33,1,Downtown,103,Coffee,Espresso,Espresso Shot,2.2,1,2.2,Cash,1044
3079,2025-05-03,19:08:36,2,Riverside Mall,107,Coffee,Cold Brew,Cold Brew - Regular,3.95,2,7.9,Credit Card,1321
3080,2025-05-03,08:41:57,3,Uptown,103,Coffee,Espresso,Espresso Shot,2.2,1,2.2,Credit Card,1272
3081,2025-05-03,15:27:48,1,Downtown,116,Pastry,Scone,Cranberry Scone,2.95,1,2.95,Mobile Pay,1417
3082,2025-05-03,11:02:56,3,Uptown,110,Tea,Brewed Tea,Earl Grey,2.75,1,2.75,Mobile Pay,1090
3083,2025-05-03,19:54:40,4,Airport Terminal 2,114,Bakery,Bagel,Plain Bagel with Cream Cheese,3.4,1,3.4,Mobile Pay,1422
3084,2025-05-03,10:00:23,1,Downtown,103,Coffee,Espresso,Espresso Shot,2.2,1,2.2,Mobile Pay,1380
3085,2025-05-03,13:09:16,2,Riverside Mall,110,Tea,Brewed Tea,Earl Grey,2.75,1,2.75,Mobile Pay,1285
3086,2025-05-03,19:34:10,1,Downtown,116,Pastry,Scone,Cranberry Scone,2.95,1,2.95,Mobile Pay,1162
3087,2025-05-03,14:11:25,2,Riverside Mall,115,Pastry,Cookie,Chocolate Chip Cookie,2.1,1,2.1,Credit Card,1001
3088,2025-05-03,18:59:44,4,Airport Terminal 2,113,Bakery,Muffin,Blueberry Muffin,3.1,2,6.2,Mobile Pay,1078
3089,2025-05-03,18:39:56,3,Uptown,103,Coffee,Espresso,Espresso Shot,2.2,1,2.2,Mobile Pay,1209
3090,2025-05-03,16:17:50,4,Airport Terminal 2,117,Merchandise,Bag,Coffee Beans - 12oz Bag,12.5,2,25.0,Credit Card,1242
3091,2025-05-03,14:40:13,1,Downtown,106,Coffee,Cappuccino,Cappuccino - Regular,3.65,1,3.65,Credit Card,1018
3092,2025-05-03,10:36:30,1,Downtown,117,Merchandise,Bag,Coffee Beans - 12oz Bag,12.5,4,50.0,Cash,1074
3093,2025-05-03,16:19:03,3,Uptown,109,Tea,Brewed Tea,Green Tea,2.75,1,2.75,Mobile Pay,1214
3094,2025-05-03,08:07:09,4,Airport Terminal 2,118,Merchandise,Mug,Branded Ceramic Mug,9.99,1,9.99,Credit Card,1404
3095,2025-05-03,08:16:36,3,Uptown,112,Bakery,Croissant,Butter Croissant,3.25,2,6.5,Mobile Pay,1008
3096,2025-05-03,14:05:49,3,Uptown,110,Tea,Brewed Tea,Earl Grey,2.75,1,2.75,Credit Card,1343
3097,2025-05-03,13:05:33,4,Airport Terminal 2,107,Coffee,Cold Brew,Cold Brew - Regular,3.95,1,3.95,Cash,1127
3098,2025-05-03,10:21:43,4,Airport Terminal 2,108,Coffee,Cold Brew,Cold Brew - Large,4.45,1,4.45,Credit Card,1147
3099,2025-05-03,15:33:33,5,Lakeside Plaza,106,Coffee,Cappuccino,Cappuccino - Regular,3.65,1,3.65,Credit Card,1410
3100,2025-05-03,11:55:49,1,Downtown,113,Bakery,Muffin,Blueberry Muffin,3.1,1,3.1,Cash,1433
3101,2025-05-03,08:10:52,1,Downtown,102,Coffee,Brewed Coffee,Brewed Coffee - Large,2.95,3,8.85,Cash,1159
3102,2025-05-03,16:11:15,3,Uptown,103,Coffee,Espresso,Espresso Shot,2.2,3,6.6,Credit Card,1060
3103,2025-05-03,14:33:27,1,Downtown,110,Tea,Brewed Tea,Earl Grey,2.75,1,2.75,Credit Card,1122
3104,2025-05-03,11:03:12,1,Downtown,117,Merchandise,Bag,Coffee Beans - 12oz Bag,12.5,1,12.5,Credit Card,1357
3105,2025-05-03,13:37:39,5,Lakeside Plaza,115,Pastry,Cookie,Chocolate Chip Cookie,2.1,2,4.2,Cash,1025
3106,2025-05-03,18:13:19,3,Uptown,102,Coffee,Brewed Coffee,Brewed Coffee - Large,2.95,3,8.85,Mobile Pay,1243
3107,2025-05-03,15:31:47,2,Riverside Mall,104,Coffee,Latte,Latte - Regular,3.75,1,3.75,Credit Card,1421
3108,2025-05-04,07:47:06,5,Lakeside Plaza,114,Bakery,Bagel,Plain Bagel with Cream Cheese,3.4,3,10.2,Credit Card,1387
3109,2025-05-04,15:39:48,2,Riverside Mall,112,Bakery,Croissant,Butter Croissant,3.25,4,13.0,Credit Card,1369
3110,2025-05-04,16:40:29,1,Downtown,110,Tea,Brewed Tea,Earl Grey,2.75,2,5.5,Mobile Pay,1168
3111,2025-05-04,07:28:21,1,Downtown,104,Coffee,Latte,Latte - Regular,3.75,1,3.75,Cash,1271
3112,2025-05-04,12:10:35,1,Downtown,101,Coffee,Brewed Coffee,Brewed Coffee - Regular,2.5,1,2.5,Mobile Pay,1444
3113,2025-05-04,12:49:29,5,Lakeside Plaza,101,Coffee,Brewed Coffee,Brewed Coffee - Regular,2.5,1,2.5,Credit Card,1028
3114,2025-05-04,18:06:27,4,Airport Terminal 2,104,Coffee,Latte,Latte - Regular,3.75,1,3.75,Credit Card,1353
3115,2025-05-04,19:09:08,5,Lakeside Plaza,116,Pastry,Scone,Cranberry Scone,2.95,3,8.85,Credit Card,1346
3116,2025-05-04,09:31:49,5,Lakeside Plaza,113,Bakery,Muffin,Blueberry Muffin,3.1,1,3.1,Credit Card,1101
3117,2025-05-04,12:26:35,2,Riverside Mall,102,Coffee,Brewed Coffee,Brewed Coffee - Large,2.95,3,8.85,Cash,1003
3118,2025-05-04,06:46:45,3,Uptown,118,Merchandise,Mug,Branded Ceramic Mug,9.99,1,9.99,Credit Card,1401
3119,2025-05-04,06:41:16,5,Lakeside Plaza,102,Coffee,Brewed Coffee,Brewed Coffee - Large,2.95,2,5.9,Cash,1150
3120,2025-05-04,17:11:10,2,Riverside Mall,107,Coffee,Cold Brew,Cold Brew - Regular,3.95,4,15.8,Credit Card,1062
3121,2025-05-04,14:48:24,1,Downtown,113,Bakery,Muffin,Blueberry Muffin,3.1,1,3.1,Credit Card,1433
3122,2025-05-04,06:51:28,4,Airport Terminal 2,116,Pastry,Scone,Cranberry Scone,2.95,2,5.9,Cash,1182
3123,2025-05-04,09:54:58,5,Lakeside Plaza,104,Coffee,Latte,Latte - Regular,3.75,3,11.25,Credit Card,1356
3124,2025-05-04,10:47:07,2,Riverside Mall,103,Coffee,Espresso,Espresso Shot,2.2,2,4.4,Mobile Pay,1152
3125,2025-05-04,06:59:00,4,Airport Terminal 2,103,Coffee,Espresso,Espresso Shot,2.2,1,2.2,Cash,1186
3126,2025-05-04,17:10:18,5,Lakeside Plaza,109,Tea,Brewed Tea,Green Tea,2.75,2,5.5,Credit Card,1359
3127,2025-05-04,16:36:08,1,Downtown,118,Merchandise,Mug,Branded Ceramic Mug,9.99,1,9.99,Credit Card,1437
3128,2025-05-04,06:19:58,1,Downtown,108,Coffee,Cold Brew,Cold Brew - Large,4.45,1,4.45,Credit Card,1217
3129,2025-05-04,10:14:02,1,Downtown,101,Coffee,Brewed Coffee,Brewed Coffee - Regular,2.5,1,2.5,Mobile Pay,1188
3130,2025-05-04,15:48:51,4,Airport Terminal 2,116,Pastry,Scone,Cranberry Scone,2.95,2,5.9,Credit Card,1198
3131,2025-05-04,09:55:59,4,Airport Terminal 2,108,Coffee,Cold Brew,Cold Brew - Large,4.45,2,8.9,Credit Card,1168
3132,2025-05-04,07:20:01,5,Lakeside Plaza,103,Coffee,Espresso,Espresso Shot,2.2,2,4.4,Credit Card,1389
3133,2025-05-04,09:09:31,4,Airport Terminal 2,114,Bakery,Bagel,Plain Bagel with Cream Cheese,3.4,1,3.4,Credit Card,1413
3134,2025-05-04,10:15:35,4,Airport Terminal 2,104,Coffee,Latte,Latte - Regular,3.75,1,3.75,Mobile Pay,1381
3135,2025-05-04,13:04:57,1,Downtown,105,Coffee,Latte,Latte - Large,4.25,1,4.25,Credit Card,1252
3136,2025-05-05,14:48:36,2,Riverside Mall,108,Coffee,Cold Brew,Cold Brew - Large,4.45,1,4.45,Credit Card,1050
3137,2025-05-05,11:40:02,3,Uptown,105,Coffee,Latte,Latte - Large,4.25,2,8.5,Credit Card,1415
3138,2025-05-05,15:01:09,2,Riverside Mall,108,Coffee,Cold Brew,Cold Brew - Large,4.45,1,4.45,Credit Card,1149
3139,2025-05-05,12:29:29,3,Uptown,109,Tea,Brewed Tea,Green Tea,2.75,1,2.75,Cash,1183
3140,2025-05-05,12:03:52,1,Downtown,101,Coffee,Brewed Coffee,Brewed Coffee - Regular,2.5,1,2.5,Credit Card,1062
3141,2025-05-05,13:41:48,3,Uptown,116,Pastry,Scone,Cranberry Scone,2.95,1,2.95,Credit Card,1340
3142,2025-05-05,13:19:14,2,Riverside Mall,104,Coffee,Latte,Latte - Regular,3.75,1,3.75,Cash,1397
3143,2025-05-05,16:53:19,4,Airport Terminal 2,110,Tea,Brewed Tea,Earl Grey,2.75,1,2.75,Credit Card,1166
3144,2025-05-05,07:36:11,2,Riverside Mall,113,Bakery,Muffin,Blueberry Muffin,3.1,1,3.1,Mobile Pay,1394
3145,2025-05-05,19:57:28,5,Lakeside Plaza,113,Bakery,Muffin,Blueberry Muffin,3.1,1,3.1,Mobile Pay,1264
3146,2025-05-05,12:16:08,1,Downtown,115,Pastry,Cookie,Chocolate Chip Cookie,2.1,1,2.1,Mobile Pay,1334
3147,2025-05-05,12:04:55,2,Riverside Mall,105,Coffee,Latte,Latte - Large,4.25,2,8.5,Mobile Pay,1105
3148,2025-05-05,18:25:30,2,Riverside Mall,118,Merchandise,Mug,Branded Ceramic Mug,9.99,1,9.99,Credit Card,1070
3149,2025-05-05,17:27:46,2,Riverside Mall,107,Coffee,Cold Brew,Cold Brew - Regular,3.95,1,3.95,Credit Card,1243
3150,2025-05-05,16:33:58,4,Airport Terminal 2,101,Coffee,Brewed Coffee,Brewed Coffee - Regular,2.5,3,7.5,Credit Card,1201
3151,2025-05-05,07:21:49,2,Riverside Mall,106,Coffee,Cappuccino,Cappuccino - Regular,3.65,1,3.65,Credit Card,1120
3152,2025-05-05,15:53:38,3,Uptown,101,Coffee,Brewed Coffee,Brewed Coffee - Regular,2.5,2,5.0,Credit Card,1242
3153,2025-05-05,18:20:38,4,Airport Terminal 2,103,Coffee,Espresso,Espresso Shot,2.2,3,6.6,Mobile Pay,1219
3154,2025-05-05,08:41:47,1,Downtown,111,Tea,Chai,Chai Latte - Regular,3.85,1,3.85,Cash,1230
3155,2025-05-06,13:21:22,5,Lakeside Plaza,115,Pastry,Cookie,Chocolate Chip Cookie,2.1,1,2.1,Mobile Pay,1223
3156,2025-05-06,09:50:33,5,Lakeside Plaza,101,Coffee,Brewed Coffee,Brewed Coffee - Regular,2.5,1,2.5,Cash,1432
3157,2025-05-06,15:08:29,2,Riverside Mall,113,Bakery,Muffin,Blueberry Muffin,3.1,2,6.2,Cash,1092
3158,2025-05-06,18:09:30,2,Riverside Mall,106,Coffee,Cappuccino,Cappuccino - Regular,3.65,1,3.65,Cash,1389
3159,2025-05-06,14:31:27,4,Airport Terminal 2,112,Bakery,Croissant,Butter Croissant,3.25,2,6.5,Cash,1251
3160,2025-05-06,15:10:39,2,Riverside Mall,102,Coffee,Brewed Coffee,Brewed Coffee - Large,2.95,3,8.85,Cash,1190
3161,2025-05-06,11:35:14,3,Uptown,118,Merchandise,Mug,Branded Ceramic Mug,9.99,1,9.99,Mobile Pay,1089
3162,2025-05-06,08:54:51,4,Airport Terminal 2,101,Coffee,Brewed Coffee,Brewed Coffee - Regular,2.5,1,2.5,Mobile Pay,1015
3163,2025-05-06,06:56:17,4,Airport Terminal 2,118,Merchandise,Mug,Branded Ceramic Mug,9.99,1,9.99,Credit Card,1203
3164,2025-05-06,12:01:55,1,Downtown,102,Coffee,Brewed Coffee,Brewed Coffee - Large,2.95,1,2.95,Mobile Pay,1237
3165,2025-05-06,16:05:25,1,Downtown,107,Coffee,Cold Brew,Cold Brew - Regular,3.95,3,11.85,Mobile Pay,1228
3166,2025-05-06,15:02:18,1,Downtown,111,Tea,Chai,Chai Latte - Regular,3.85,1,3.85,Cash,1106
3167,2025-05-06,09:17:24,4,Airport Terminal 2,106,Coffee,Cappuccino,Cappuccino - Regular,3.65,1,3.65,Cash,1436
3168,2025-05-06,13:50:28,4,Airport Terminal 2,106,Coffee,Cappuccino,Cappuccino - Regular,3.65,1,3.65,Mobile Pay,1123
3169,2025-05-06,09:36:02,1,Downtown,118,Merchandise,Mug,Branded Ceramic Mug,9.99,2,19.98,Mobile Pay,1387
3170,2025-05-06,08:22:39,3,Uptown,102,Coffee,Brewed Coffee,Brewed Coffee - Large,2.95,2,5.9,Mobile Pay,1418
3171,2025-05-06,15:14:47,3,Uptown,104,Coffee,Latte,Latte - Regular,3.75,2,7.5,Credit Card,1065
3172,2025-05-06,08:55:05,2,Riverside Mall,116,Pastry,Scone,Cranberry Scone,2.95,1,2.95,Cash,1293
3173,2025-05-06,10:03:19,4,Airport Terminal 2,108,Coffee,Cold Brew,Cold Brew - Large,4.45,4,17.8,Mobile Pay,1288
3174,2025-05-06,16:45:26,1,Downtown,105,Coffee,Latte,Latte - Large,4.25,1,4.25,Credit Card,1330
3175,2025-05-06,16:35:41,2,Riverside Mall,115,Pastry,Cookie,Chocolate Chip Cookie,2.1,1,2.1,Credit Card,1105
3176,2025-05-06,06:46:00,3,Uptown,112,Bakery,Croissant,Butter Croissant,3.25,1,3.25,Credit Card,1279
3177,2025-05-06,15:23:48,1,Downtown,114,Bakery,Bagel,Plain Bagel with Cream Cheese,3.4,1,3.4,Cash,1445
3178,2025-05-06,06:45:59,1,Downtown,118,Merchandise,Mug,Branded Ceramic Mug,9.99,1,9.99,Mobile Pay,1431
3179,2025-05-06,08:49:04,5,Lakeside Plaza,102,Coffee,Brewed Coffee,Brewed Coffee - Large,2.95,3,8.85,Mobile Pay,1397
3180,2025-05-07,09:34:36,2,Riverside Mall,102,Coffee,Brewed Coffee,Brewed Coffee - Large,2.95,3,8.85,Credit Card,1299
3181,2025-05-07,18:15:13,2,Riverside Mall,112,Bakery,Croissant,Butter Croissant,3.25,1,3.25,Credit Card,1085
3182,2025-05-07,08:23:57,1,Downtown,102,Coffee,Brewed Coffee,Brewed Coffee - Large,2.95,2,5.9,Credit Card,1169
3183,2025-05-07,14:46:14,1,Downtown,104,Coffee,Latte,Latte - Regular,3.75,4,15.0,Credit Card,1145
3184,2025-05-07,16:37:32,1,Downtown,108,Coffee,Cold Brew,Cold Brew - Large,4.45,2,8.9,Credit Card,1413
3185,2025-05-07,15:15:12,2,Riverside Mall,107,Coffee,Cold Brew,Cold Brew - Regular,3.95,3,11.85,Mobile Pay,1150
3186,2025-05-07,14:08:00,4,Airport Terminal 2,106,Coffee,Cappuccino,Cappuccino - Regular,3.65,2,7.3,Credit Card,1013
3187,2025-05-07,08:53:50,5,Lakeside Plaza,108,Coffee,Cold Brew,Cold Brew - Large,4.45,1,4.45,Cash,1138
3188,2025-05-07,12:21:48,5,Lakeside Plaza,102,Coffee,Brewed Coffee,Brewed Coffee - Large,2.95,1,2.95,Mobile Pay,1160
3189,2025-05-07,18:07:09,5,Lakeside Plaza,105,Coffee,Latte,Latte - Large,4.25,1,4.25,Credit Card,1254
3190,2025-05-07,12:37:23,1,Downtown,116,Pastry,Scone,Cranberry Scone,2.95,1,2.95,Mobile Pay,1033
3191,2025-05-07,14:55:17,4,Airport Terminal 2,106,Coffee,Cappuccino,Cappuccino - Regular,3.65,2,7.3,Credit Card,1289
3192,2025-05-07,14:50:06,4,Airport Terminal 2,111,Tea,Chai,Chai Latte - Regular,3.85,1,3.85,Credit Card,1092
3193,2025-05-07,07:23:14,1,Downtown,108,Coffee,Cold Brew,Cold Brew - Large,4.45,2,8.9,Mobile Pay,1065
3194,2025-05-07,10:42:54,3,Uptown,116,Pastry,Scone,Cranberry Scone,2.95,1,2.95,Credit Card,1204
3195,2025-05-07,15:56:39,1,Downtown,105,Coffee,Latte,Latte - Large,4.25,1,4.25,Mobile Pay,1229
3196,2025-05-07,06:37:10,2,Riverside Mall,101,Coffee,Brewed Coffee,Brewed Coffee - Regular,2.5,2,5.0,Mobile Pay,1272
3197,2025-05-07,09:12:10,3,Uptown,105,Coffee,Latte,Latte - Large,4.25,2,8.5,Credit Card,1032
3198,2025-05-07,10:20:06,2,Riverside Mall,111,Tea,Chai,Chai Latte - Regular,3.85,1,3.85,Mobile Pay,1368
3199,2025-05-07,09:42:53,1,Downtown,104,Coffee,Latte,Latte - Regular,3.75,1,3.75,Credit Card,1435
3200,2025-05-07,14:16:29,5,Lakeside Plaza,115,Pastry,Cookie,Chocolate Chip Cookie,2.1,2,4.2,Credit Card,1064
3201,2025-05-07,08:05:32,3,Uptown,105,Coffee,Latte,Latte - Large,4.25,1,4.25,Mobile Pay,1362
3202,2025-05-08,16:37:11,3,Uptown,118,Merchandise,Mug,Branded Ceramic Mug,9.99,2,19.98,Credit Card,1003
3203,2025-05-08,13:27:31,5,Lakeside Plaza,116,Pastry,Scone,Cranberry Scone,2.95,2,5.9,Credit Card,1424
3204,2025-05-08,15:37:37,2,Riverside Mall,108,Coffee,Cold Brew,Cold Brew - Large,4.45,4,17.8,Credit Card,1220
3205,2025-05-08,08:29:45,3,Uptown,102,Coffee,Brewed Coffee,Brewed Coffee - Large,2.95,1,2.95,Mobile Pay,1148
3206,2025-05-08,17:21:40,3,Uptown,102,Coffee,Brewed Coffee,Brewed Coffee - Large,2.95,1,2.95,Credit Card,1401
3207,2025-05-08,08:47:34,5,Lakeside Plaza,117,Merchandise,Bag,Coffee Beans - 12oz Bag,12.5,1,12.5,Credit Card,1396
3208,2025-05-08,08:50:11,4,Airport Terminal 2,116,Pastry,Scone,Cranberry Scone,2.95,1,2.95,Credit Card,1260
3209,2025-05-08,14:49:10,4,Airport Terminal 2,105,Coffee,Latte,Latte - Large,4.25,1,4.25,Mobile Pay,1110
3210,2025-05-08,07:37:25,3,Uptown,112,Bakery,Croissant,Butter Croissant,3.25,1,3.25,Cash,1081
3211,2025-05-08,15:34:11,3,Uptown,101,Coffee,Brewed Coffee,Brewed Coffee - Regular,2.5,1,2.5,Credit Card,1407
3212,2025-05-08,15:19:28,4,Airport Terminal 2,106,Coffee,Cappuccino,Cappuccino - Regular,3.65,1,3.65,Cash,1210
3213,2025-05-08,14:05:54,3,Uptown,106,Coffee,Cappuccino,Cappuccino - Regular,3.65,3,10.95,Cash,1405
3214,2025-05-08,09:36:11,3,Uptown,103,Coffee,Espresso,Espresso Shot,2.2,1,2.2,Cash,1403
3215,2025-05-08,08:44:28,4,Airport Terminal 2,113,Bakery,Muffin,Blueberry Muffin,3.1,1,3.1,Credit Card,1209
3216,2025-05-08,16:03:37,3,Uptown,111,Tea,Chai,Chai Latte - Regular,3.85,1,3.85,Cash,1099
3217,2025-05-08,14:01:45,4,Airport Terminal 2,110,Tea,Brewed Tea,Earl Grey,2.75,1,2.75,Cash,1038
3218,2025-05-08,09:48:12,1,Downtown,108,Coffee,Cold Brew,Cold Brew - Large,4.45,1,4.45,Cash,1090
3219,2025-05-08,07:37:14,3,Uptown,115,Pastry,Cookie,Chocolate Chip Cookie,2.1,1,2.1,Credit Card,1002
3220,2025-05-08,18:09:29,4,Airport Terminal 2,101,Coffee,Brewed Coffee,Brewed Coffee - Regular,2.5,1,2.5,Credit Card,1019
3221,2025-05-08,08:43:47,3,Uptown,113,Bakery,Muffin,Blueberry Muffin,3.1,1,3.1,Cash,1430
3222,2025-05-08,11:13:45,4,Airport Terminal 2,105,Coffee,Latte,Latte - Large,4.25,1,4.25,Cash,1181
3223,2025-05-08,09:11:12,5,Lakeside Plaza,111,Tea,Chai,Chai Latte - Regular,3.85,1,3.85,Credit Card,1046
3224,2025-05-08,16:43:07,4,Airport Terminal 2,105,Coffee,Latte,Latte - Large,4.25,1,4.25,Mobile Pay,1444
3225,2025-05-08,06:59:50,4,Airport Terminal 2,104,Coffee,Latte,Latte - Regular,3.75,2,7.5,Credit Card,1144
3226,2025-05-08,08:12:45,4,Airport Terminal 2,110,Tea,Brewed Tea,Earl Grey,2.75,1,2.75,Credit Card,1178
3227,2025-05-08,17:12:29,3,Uptown,104,Coffee,Latte,Latte - Regular,3.75,1,3.75,Credit Card,1240
3228,2025-05-08,11:26:57,4,Airport Terminal 2,117,Merchandise,Bag,Coffee Beans - 12oz Bag,12.5,3,37.5,Credit Card,1016
3229,2025-05-08,14:11:39,2,Riverside Mall,109,Tea,Brewed Tea,Green Tea,2.75,4,11.0,Credit Card,1419
3230,2025-05-09,10:21:06,1,Downtown,116,Pastry,Scone,Cranberry Scone,2.95,1,2.95,Cash,1225
3231,2025-05-09,14:36:12,1,Downtown,116,Pastry,Scone,Cranberry Scone,2.95,1,2.95,Cash,1357
3232,2025-05-09,13:28:19,2,Riverside Mall,110,Tea,Brewed Tea,Earl Grey,2.75,1,2.75,Cash,1136
3233,2025-05-09,09:22:27,4,Airport Terminal 2,106,Coffee,Cappuccino,Cappuccino - Regular,3.65,2,7.3,Cash,1407
3234,2025-05-09,12:48:00,4,Airport Terminal 2,109,Tea,Brewed Tea,Green Tea,2.75,1,2.75,Credit Card,1447
3235,2025-05-09,15:24:53,5,Lakeside Plaza,112,Bakery,Croissant,Butter Croissant,3.25,2,6.5,Credit Card,1214
3236,2025-05-09,15:11:12,1,Downtown,109,Tea,Brewed Tea,Green Tea,2.75,1,2.75,Credit Card,1375
3237,2025-05-09,19:00:38,1,Downtown,101,Coffee,Brewed Coffee,Brewed Coffee - Regular,2.5,1,2.5,Mobile Pay,1256
3238,2025-05-09,15:17:11,3,Uptown,116,Pastry,Scone,Cranberry Scone,2.95,1,2.95,Credit Card,1371
3239,2025-05-09,16:02:37,3,Uptown,101,Coffee,Brewed Coffee,Brewed Coffee - Regular,2.5,2,5.0,Credit Card,1244
3240,2025-05-09,07:31:54,3,Uptown,114,Bakery,Bagel,Plain Bagel with Cream Cheese,3.4,2,6.8,Credit Card,1210
3241,2025-05-09,12:58:33,3,Uptown,108,Coffee,Cold Brew,Cold Brew - Large,4.45,1,4.45,Credit Card,1108
3242,2025-05-09,07:48:28,4,Airport Terminal 2,113,Bakery,Muffin,Blueberry Muffin,3.1,2,6.2,Credit Card,1438
3243,2025-05-09,17:54:29,4,Airport Terminal 2,109,Tea,Brewed Tea,Green Tea,2.75,1,2.75,Credit Card,1448
3244,2025-05-09,13:51:57,2,Riverside Mall,113,Bakery,Muffin,Blueberry Muffin,3.1,4,12.4,Credit Card,1034
3245,2025-05-09,13:52:33,3,Uptown,103,Coffee,Espresso,Espresso Shot,2.2,2,4.4,Cash,1292
3246,2025-05-09,12:59:44,1,Downtown,105,Coffee,Latte,Latte - Large,4.25,1,4.25,Cash,1431
3247,2025-05-09,10:44:29,5,Lakeside Plaza,110,Tea,Brewed Tea,Earl Grey,2.75,2,5.5,Credit Card,1428
3248,2025-05-09,19:23:26,1,Downtown,110,Tea,Brewed Tea,Earl Grey,2.75,2,5.5,Cash,1219
3249,2025-05-09,15:28:17,1,Downtown,108,Coffee,Cold Brew,Cold Brew - Large,4.45,3,13.35,Credit Card,1303
3250,2025-05-09,11:41:28,2,Riverside Mall,101,Coffee,Brewed Coffee,Brewed Coffee - Regular,2.5,2,5.0,Mobile Pay,1011
3251,2025-05-09,13:08:11,4,Airport Terminal 2,104,Coffee,Latte,Latte - Regular,3.75,2,7.5,Credit Card,1215
3252,2025-05-09,15:39:01,4,Airport Terminal 2,109,Tea,Brewed Tea,Green Tea,2.75,2,5.5,Credit Card,1231
3253,2025-05-09,10:32:48,5,Lakeside Plaza,114,Bakery,Bagel,Plain Bagel with Cream Cheese,3.4,1,3.4,Mobile Pay,1306
3254,2025-05-10,15:36:26,4,Airport Terminal 2,116,Pastry,Scone,Cranberry Scone,2.95,1,2.95,Mobile Pay,1348
3255,2025-05-10,15:25:01,5,Lakeside Plaza,117,Merchandise,Bag,Coffee Beans - 12oz Bag,12.5,2,25.0,Mobile Pay,1161
3256,2025-05-10,16:40:19,3,Uptown,101,Coffee,Brewed Coffee,Brewed Coffee - Regular,2.5,1,2.5,Mobile Pay,1071
3257,2025-05-10,09:54:35,4,Airport Terminal 2,102,Coffee,Brewed Coffee,Brewed Coffee - Large,2.95,1,2.95,Mobile Pay,1358
3258,2025-05-10,15:28:01,5,Lakeside Plaza,113,Bakery,Muffin,Blueberry Muffin,3.1,1,3.1,Cash,1105
3259,2025-05-10,11:10:36,1,Downtown,103,Coffee,Espresso,Espresso Shot,2.2,3,6.6,Mobile Pay,1346
3260,2025-05-10,08:51:37,1,Downtown,116,Pastry,Scone,Cranberry Scone,2.95,1,2.95,Mobile Pay,1392
3261,2025-05-10,15:36:52,5,Lakeside Plaza,103,Coffee,Espresso,Espresso Shot,2.2,1,2.2,Credit Card,1081
3262,2025-05-10,12:20:56,5,Lakeside Plaza,105,Coffee,Latte,Latte - Large,4.25,2,8.5,Mobile Pay,1395
3263,2025-05-10,12:58:59,4,Airport Terminal 2,103,Coffee,Espresso,Espresso Shot,2.2,1,2.2,Mobile Pay,1216
3264,2025-05-10,08:37:18,3,Uptown,109,Tea,Brewed Tea,Green Tea,2.75,1,2.75,Credit Card,1105
3265,2025-05-10,15:42:15,5,Lakeside Plaza,118,Merchandise,Mug,Branded Ceramic Mug,9.99,4,39.96,Credit Card,1044
3266,2025-05-10,10:40:38,2,Riverside Mall,111,Tea,Chai,Chai Latte - Regular,3.85,2,7.7,Credit Card,1057
3267,2025-05-10,12:24:38,5,Lakeside Plaza,114,Bakery,Bagel,Plain Bagel with Cream Cheese,3.4,1,3.4,Credit Card,1315
3268,2025-05-10,08:23:16,5,Lakeside Plaza,115,Pastry,Cookie,Chocolate Chip Cookie,2.1,4,8.4,Cash,1271
3269,2025-05-10,13:32:47,3,Uptown,108,Coffee,Cold Brew,Cold Brew - Large,4.45,2,8.9,Mobile Pay,1337
3270,2025-05-10,15:44:43,1,Downtown,105,Coffee,Latte,Latte - Large,4.25,2,8.5,Credit Card,1038
3271,2025-05-10,11:32:55,5,Lakeside Plaza,104,Coffee,Latte,Latte - Regular,3.75,3,11.25,Credit Card,1197
3272,2025-05-11,15:21:56,3,Uptown,108,Coffee,Cold Brew,Cold Brew - Large,4.45,2,8.9,Mobile Pay,1296
3273,2025-05-11,11:54:16,1,Downtown,104,Coffee,Latte,Latte - Regular,3.75,3,11.25,Mobile Pay,1297
3274,2025-05-11,07:00:12,2,Riverside Mall,117,Merchandise,Bag,Coffee Beans - 12oz Bag,12.5,3,37.5,Cash,1396
3275,2025-05-11,18:09:26,4,Airport Terminal 2,102,Coffee,Brewed Coffee,Brewed Coffee - Large,2.95,2,5.9,Credit Card,1021
3276,2025-05-11,07:40:34,1,Downtown,107,Coffee,Cold Brew,Cold Brew - Regular,3.95,1,3.95,Mobile Pay,1327
3277,2025-05-11,08:09:33,1,Downtown,115,Pastry,Cookie,Chocolate Chip Cookie,2.1,1,2.1,Credit Card,1212
3278,2025-05-11,16:20:48,3,Uptown,110,Tea,Brewed Tea,Earl Grey,2.75,3,8.25,Mobile Pay,1338
3279,2025-05-11,13:42:37,4,Airport Terminal 2,105,Coffee,Latte,Latte - Large,4.25,4,17.0,Cash,1289
3280,2025-05-11,07:26:34,4,Airport Terminal 2,109,Tea,Brewed Tea,Green Tea,2.75,1,2.75,Credit Card,1303
3281,2025-05-11,16:10:51,5,Lakeside Plaza,113,Bakery,Muffin,Blueberry Muffin,3.1,1,3.1,Cash,1200
3282,2025-05-11,13:53:01,5,Lakeside Plaza,102,Coffee,Brewed Coffee,Brewed Coffee - Large,2.95,1,2.95,Credit Card,1061
3283,2025-05-11,08:57:56,2,Riverside Mall,114,Bakery,Bagel,Plain Bagel with Cream Cheese,3.4,1,3.4,Credit Card,1137
3284,2025-05-11,14:11:41,5,Lakeside Plaza,113,Bakery,Muffin,Blueberry Muffin,3.1,1,3.1,Credit Card,1267
3285,2025-05-11,07:00:47,4,Airport Terminal 2,101,Coffee,Brewed Coffee,Brewed Coffee - Regular,2.5,2,5.0,Credit Card,1414
3286,2025-05-11,08:56:23,2,Riverside Mall,110,Tea,Brewed Tea,Earl Grey,2.75,1,2.75,Cash,1305
3287,2025-05-11,18:29:23,1,Downtown,105,Coffee,Latte,Latte - Large,4.25,1,4.25,Credit Card,1093
3288,2025-05-11,11:52:59,3,Uptown,115,Pastry,Cookie,Chocolate Chip Cookie,2.1,2,4.2,Credit Card,1127
3289,2025-05-11,08:48:18,4,Airport Terminal 2,101,Coffee,Brewed Coffee,Brewed Coffee - Regular,2.5,1,2.5,Cash,1162
3290,2025-05-11,10:14:44,3,Uptown,102,Coffee,Brewed Coffee,Brewed Coffee - Large,2.95,2,5.9,Credit Card,1130
3291,2025-05-11,16:50:23,1,Downtown,118,Merchandise,Mug,Branded Ceramic Mug,9.99,2,19.98,Credit Card,1142
3292,2025-05-11,16:17:53,2,Riverside Mall,113,Bakery,Muffin,Blueberry Muffin,3.1,3,9.3,Credit Card,1261
3293,2025-05-11,17:36:28,1,Downtown,112,Bakery,Croissant,Butter Croissant,3.25,4,13.0,Credit Card,1127
3294,2025-05-11,11:12:08,3,Uptown,113,Bakery,Muffin,Blueberry Muffin,3.1,1,3.1,Credit Card,1019
3295,2025-05-11,11:37:04,4,Airport Terminal 2,117,Merchandise,Bag,Coffee Beans - 12oz Bag,12.5,1,12.5,Credit Card,1297
3296,2025-05-11,08:03:16,4,Airport Terminal 2,106,Coffee,Cappuccino,Cappuccino - Regular,3.65,1,3.65,Credit Card,1268
3297,2025-05-11,13:08:00,2,Riverside Mall,114,Bakery,Bagel,Plain Bagel with Cream Cheese,3.4,1,3.4,Cash,1203
3298,2025-05-11,08:57:22,4,Airport Terminal 2,114,Bakery,Bagel,Plain Bagel with Cream Cheese,3.4,1,3.4,Mobile Pay,1302
3299,2025-05-11,14:47:38,5,Lakeside Plaza,105,Coffee,Latte,Latte - Large,4.25,2,8.5,Credit Card,1375
3300,2025-05-12,15:55:25,3,Uptown,118,Merchandise,Mug,Branded Ceramic Mug,9.99,1,9.99,Credit Card,1237
3301,2025-05-12,11:49:27,4,Airport Terminal 2,106,Coffee,Cappuccino,Cappuccino - Regular,3.65,1,3.65,Credit Card,1062
3302,2025-05-12,07:55:51,5,Lakeside Plaza,106,Coffee,Cappuccino,Cappuccino - Regular,3.65,1,3.65,Mobile Pay,1311
3303,2025-05-12,08:33:47,1,Downtown,111,Tea,Chai,Chai Latte - Regular,3.85,1,3.85,Credit Card,1391
3304,2025-05-12,11:01:00,2,Riverside Mall,105,Coffee,Latte,Latte - Large,4.25,3,12.75,Credit Card,1148
3305,2025-05-12,08:39:46,4,Airport Terminal 2,113,Bakery,Muffin,Blueberry Muffin,3.1,2,6.2,Mobile Pay,1034
3306,2025-05-12,16:55:18,3,Uptown,108,Coffee,Cold Brew,Cold Brew - Large,4.45,2,8.9,Cash,1288
3307,2025-05-12,06:33:51,3,Uptown,104,Coffee,Latte,Latte - Regular,3.75,1,3.75,Cash,1164
3308,2025-05-12,08:37:39,5,Lakeside Plaza,116,Pastry,Scone,Cranberry Scone,2.95,1,2.95,Credit Card,1329
3309,2025-05-12,08:50:42,4,Airport Terminal 2,110,Tea,Brewed Tea,Earl Grey,2.75,3,8.25,Credit Card,1069
3310,2025-05-12,14:45:41,1,Downtown,111,Tea,Chai,Chai Latte - Regular,3.85,1,3.85,Cash,1265
3311,2025-05-12,07:59:31,3,Uptown,108,Coffee,Cold Brew,Cold Brew - Large,4.45,4,17.8,Credit Card,1219
3312,2025-05-12,13:39:25,1,Downtown,109,Tea,Brewed Tea,Green Tea,2.75,1,2.75,Mobile Pay,1291
3313,2025-05-12,14:54:23,5,Lakeside Plaza,102,Coffee,Brewed Coffee,Brewed Coffee - Large,2.95,1,2.95,Mobile Pay,1067
3314,2025-05-12,14:15:40,1,Downtown,116,Pastry,Scone,Cranberry Scone,2.95,3,8.85,Credit Card,1229
3315,2025-05-12,18:27:36,4,Airport Terminal 2,104,Coffee,Latte,Latte - Regular,3.75,1,3.75,Cash,1245
3316,2025-05-12,10:50:19,3,Uptown,101,Coffee,Brewed Coffee,Brewed Coffee - Regular,2.5,1,2.5,Credit Card,1061
3317,2025-05-12,18:42:12,3,Uptown,108,Coffee,Cold Brew,Cold Brew - Large,4.45,1,4.45,Credit Card,1316
3318,2025-05-12,06:31:31,4,Airport Terminal 2,104,Coffee,Latte,Latte - Regular,3.75,1,3.75,Cash,1328
3319,2025-05-12,07:26:05,4,Airport Terminal 2,112,Bakery,Croissant,Butter Croissant,3.25,2,6.5,Credit Card,1390
3320,2025-05-12,15:53:39,1,Downtown,105,Coffee,Latte,Latte - Large,4.25,2,8.5,Credit Card,1298
3321,2025-05-13,13:12:13,5,Lakeside Plaza,107,Coffee,Cold Brew,Cold Brew - Regular,3.95,1,3.95,Credit Card,1097
3322,2025-05-13,16:19:17,2,Riverside Mall,110,Tea,Brewed Tea,Earl Grey,2.75,2,5.5,Credit Card,1146
3323,2025-05-13,13:01:28,1,Downtown,109,Tea,Brewed Tea,Green Tea,2.75,2,5.5,Credit Card,1273
3324,2025-05-13,10:04:59,2,Riverside Mall,108,Coffee,Cold Brew,Cold Brew - Large,4.45,4,17.8,Credit Card,1002
3325,2025-05-13,10:49:48,4,Airport Terminal 2,114,Bakery,Bagel,Plain Bagel with Cream Cheese,3.4,2,6.8,Credit Card,1402
3326,2025-05-13,16:22:05,1,Downtown,118,Merchandise,Mug,Branded Ceramic Mug,9.99,1,9.99,Mobile Pay,1122
3327,2025-05-13,14:05:17,2,Riverside Mall,118,Merchandise,Mug,Branded Ceramic Mug,9.99,1,9.99,Mobile Pay,1098
3328,2025-05-13,13:22:32,1,Downtown,103,Coffee,Espresso,Espresso Shot,2.2,1,2.2,Credit Card,1177
3329,2025-05-13,10:53:28,1,Downtown,104,Coffee,Latte,Latte - Regular,3.75,1,3.75,Mobile Pay,1367
3330,2025-05-13,09:42:07,4,Airport Terminal 2,112,Bakery,Croissant,Butter Croissant,3.25,3,9.75,Credit Card,1024
3331,2025-05-13,07:00:37,4,Airport Terminal 2,101,Coffee,Brewed Coffee,Brewed Coffee - Regular,2.5,1,2.5,Mobile Pay,1424
3332,2025-05-13,17:07:34,3,Uptown,111,Tea,Chai,Chai Latte - Regular,3.85,1,3.85,Mobile Pay,1009
3333,2025-05-13,08:05:51,2,Riverside Mall,118,Merchandise,Mug,Branded Ceramic Mug,9.99,1,9.99,Credit Card,1348
3334,2025-05-13,15:49:47,4,Airport Terminal 2,113,Bakery,Muffin,Blueberry Muffin,3.1,2,6.2,Credit Card,1122
3335,2025-05-13,11:17:40,5,Lakeside Plaza,118,Merchandise,Mug,Branded Ceramic Mug,9.99,4,39.96,Cash,1380
3336,2025-05-13,13:09:25,4,Airport Terminal 2,118,Merchandise,Mug,Branded Ceramic Mug,9.99,1,9.99,Credit Card,1311
3337,2025-05-13,09:27:45,1,Downtown,113,Bakery,Muffin,Blueberry Muffin,3.1,2,6.2,Credit Card,1443
3338,2025-05-13,15:08:12,2,Riverside Mall,111,Tea,Chai,Chai Latte - Regular,3.85,1,3.85,Credit Card,1097
3339,2025-05-13,09:01:32,4,Airport Terminal 2,110,Tea,Brewed Tea,Earl Grey,2.75,3,8.25,Mobile Pay,1027
3340,2025-05-14,07:46:38,4,Airport Terminal 2,116,Pastry,Scone,Cranberry Scone,2.95,1,2.95,Credit Card,1021
3341,2025-05-14,14:39:05,1,Downtown,104,Coffee,Latte,Latte - Regular,3.75,1,3.75,Mobile Pay,1370
3342,2025-05-14,07:12:43,3,Uptown,108,Coffee,Cold Brew,Cold Brew - Large,4.45,3,13.35,Mobile Pay,1074
3343,2025-05-14,07:34:17,4,Airport Terminal 2,104,Coffee,Latte,Latte - Regular,3.75,1,3.75,Cash,1287
3344,2025-05-14,09:42:07,2,Riverside Mall,113,Bakery,Muffin,Blueberry Muffin,3.1,1,3.1,Credit Card,1335
3345,2025-05-14,16:43:10,3,Uptown,115,Pastry,Cookie,Chocolate Chip Cookie,2.1,1,2.1,Credit Card,1160
3346,2025-05-14,12:17:23,4,Airport Terminal 2,101,Coffee,Brewed Coffee,Brewed Coffee - Regular,2.5,2,5.0,Credit Card,1151
3347,2025-05-14,15:43:49,1,Downtown,118,Merchandise,Mug,Branded Ceramic Mug,9.99,1,9.99,Mobile Pay,1327
3348,2025-05-14,15:18:24,1,Downtown,115,Pastry,Cookie,Chocolate Chip Cookie,2.1,2,4.2,Credit Card,1421
3349,2025-05-14,14:26:56,3,Uptown,108,Coffee,Cold Brew,Cold Brew - Large,4.45,2,8.9,Credit Card,1411
3350,2025-05-14,17:11:15,4,Airport Terminal 2,105,Coffee,Latte,Latte - Large,4.25,1,4.25,Credit Card,1388
3351,2025-05-14,09:00:08,1,Downtown,112,Bakery,Croissant,Butter Croissant,3.25,2,6.5,Credit Card,1037
3352,2025-05-14,08:31:52,3,Uptown,101,Coffee,Brewed Coffee,Brewed Coffee - Regular,2.5,1,2.5,Cash,1229
3353,2025-05-14,11:21:59,4,Airport Terminal 2,117,Merchandise,Bag,Coffee Beans - 12oz Bag,12.5,2,25.0,Credit Card,1201
3354,2025-05-14,09:53:00,4,Airport Terminal 2,113,Bakery,Muffin,Blueberry Muffin,3.1,1,3.1,Credit Card,1066
3355,2025-05-14,09:00:39,1,Downtown,114,Bakery,Bagel,Plain Bagel with Cream Cheese,3.4,1,3.4,Cash,1061
3356,2025-05-14,14:10:03,2,Riverside Mall,102,Coffee,Brewed Coffee,Brewed Coffee - Large,2.95,2,5.9,Credit Card,1121
3357,2025-05-14,08:38:16,2,Riverside Mall,112,Bakery,Croissant,Butter Croissant,3.25,1,3.25,Credit Card,1352
3358,2025-05-14,13:44:38,4,Airport Terminal 2,112,Bakery,Croissant,Butter Croissant,3.25,1,3.25,Cash,1439
3359,2025-05-14,07:39:45,2,Riverside Mall,113,Bakery,Muffin,Blueberry Muffin,3.1,1,3.1,Cash,1022
3360,2025-05-14,17:31:59,4,Airport Terminal 2,112,Bakery,Croissant,Butter Croissant,3.25,1,3.25,Credit Card,1164
3361,2025-05-14,07:18:47,3,Uptown,105,Coffee,Latte,Latte - Large,4.25,1,4.25,Credit Card,1309
3362,2025-05-14,09:05:07,3,Uptown,111,Tea,Chai,Chai Latte - Regular,3.85,1,3.85,Credit Card,1322
3363,2025-05-14,10:22:33,5,Lakeside Plaza,113,Bakery,Muffin,Blueberry Muffin,3.1,1,3.1,Mobile Pay,1429
3364,2025-05-14,19:10:55,3,Uptown,113,Bakery,Muffin,Blueberry Muffin,3.1,1,3.1,Credit Card,1406
3365,2025-05-14,13:31:03,2,Riverside Mall,104,Coffee,Latte,Latte - Regular,3.75,1,3.75,Credit Card,1208
3366,2025-05-14,08:26:53,2,Riverside Mall,114,Bakery,Bagel,Plain Bagel with Cream Cheese,3.4,1,3.4,Credit Card,1277
3367,2025-05-14,09:55:40,4,Airport Terminal 2,101,Coffee,Brewed Coffee,Brewed Coffee - Regular,2.5,1,2.5,Mobile Pay,1215
3368,2025-05-14,08:22:51,4,Airport Terminal 2,101,Coffee,Brewed Coffee,Brewed Coffee - Regular,2.5,4,10.0,Credit Card,1187
3369,2025-05-14,11:12:43,1,Downtown,103,Coffee,Espresso,Espresso Shot,2.2,1,2.2,Credit Card,1225
3370,2025-05-14,13:06:20,1,Downtown,114,Bakery,Bagel,Plain Bagel with Cream Cheese,3.4,1,3.4,Credit Card,1177
3371,2025-05-15,08:16:19,1,Downtown,112,Bakery,Croissant,Butter Croissant,3.25,1,3.25,Credit Card,1125
3372,2025-05-15,13:03:45,3,Uptown,115,Pastry,Cookie,Chocolate Chip Cookie,2.1,1,2.1,Credit Card,1135
3373,2025-05-15,07:51:20,3,Uptown,107,Coffee,Cold Brew,Cold Brew - Regular,3.95,2,7.9,Credit Card,1239
3374,2025-05-15,08:59:47,3,Uptown,115,Pastry,Cookie,Chocolate Chip Cookie,2.1,1,2.1,Mobile Pay,1329
3375,2025-05-15,11:47:59,5,Lakeside Plaza,118,Merchandise,Mug,Branded Ceramic Mug,9.99,1,9.99,Credit Card,1367
3376,2025-05-15,10:56:07,2,Riverside Mall,114,Bakery,Bagel,Plain Bagel with Cream Cheese,3.4,1,3.4,Mobile Pay,1099
3377,2025-05-15,09:42:35,5,Lakeside Plaza,116,Pastry,Scone,Cranberry Scone,2.95,1,2.95,Mobile Pay,1280
3378,2025-05-15,07:11:15,3,Uptown,115,Pastry,Cookie,Chocolate Chip Cookie,2.1,4,8.4,Credit Card,1355
3379,2025-05-15,13:15:54,4,Airport Terminal 2,103,Coffee,Espresso,Espresso Shot,2.2,1,2.2,Cash,1328
3380,2025-05-15,06:23:27,2,Riverside Mall,106,Coffee,Cappuccino,Cappuccino - Regular,3.65,1,3.65,Cash,1111
3381,2025-05-15,08:43:08,2,Riverside Mall,116,Pastry,Scone,Cranberry Scone,2.95,1,2.95,Credit Card,1440
3382,2025-05-15,08:35:58,3,Uptown,102,Coffee,Brewed Coffee,Brewed Coffee - Large,2.95,1,2.95,Mobile Pay,1122
3383,2025-05-15,11:55:37,4,Airport Terminal 2,115,Pastry,Cookie,Chocolate Chip Cookie,2.1,2,4.2,Cash,1132
3384,2025-05-15,14:45:10,4,Airport Terminal 2,108,Coffee,Cold Brew,Cold Brew - Large,4.45,1,4.45,Mobile Pay,1273
3385,2025-05-15,08:43:11,2,Riverside Mall,102,Coffee,Brewed Coffee,Brewed Coffee - Large,2.95,1,2.95,Credit Card,1048
3386,2025-05-15,12:12:14,1,Downtown,103,Coffee,Espresso,Espresso Shot,2.2,2,4.4,Credit Card,1089
3387,2025-05-15,08:19:31,3,Uptown,105,Coffee,Latte,Latte - Large,4.25,2,8.5,Credit Card,1309
3388,2025-05-15,16:30:21,2,Riverside Mall,101,Coffee,Brewed Coffee,Brewed Coffee - Regular,2.5,2,5.0,Cash,1441
3389,2025-05-15,08:24:03,3,Uptown,111,Tea,Chai,Chai Latte - Regular,3.85,3,11.55,Credit Card,1226
3390,2025-05-15,08:14:07,5,Lakeside Plaza,103,Coffee,Espresso,Espresso Shot,2.2,1,2.2,Mobile Pay,1366
3391,2025-05-15,08:09:11,3,Uptown,108,Coffee,Cold Brew,Cold Brew - Large,4.45,2,8.9,Mobile Pay,1221
3392,2025-05-15,13:29:29,2,Riverside Mall,105,Coffee,Latte,Latte - Large,4.25,1,4.25,Credit Card,1038
3393,2025-05-15,18:25:59,5,Lakeside Plaza,102,Coffee,Brewed Coffee,Brewed Coffee - Large,2.95,1,2.95,Cash,1244
3394,2025-05-15,08:23:03,4,Airport Terminal 2,101,Coffee,Brewed Coffee,Brewed Coffee - Regular,2.5,1,2.5,Cash,1408
3395,2025-05-15,08:32:50,5,Lakeside Plaza,111,Tea,Chai,Chai Latte - Regular,3.85,1,3.85,Credit Card,1322
3396,2025-05-15,16:19:46,1,Downtown,116,Pastry,Scone,Cranberry Scone,2.95,1,2.95,Credit Card,1253
3397,2025-05-15,15:23:32,4,Airport Terminal 2,116,Pastry,Scone,Cranberry Scone,2.95,1,2.95,Credit Card,1232
3398,2025-05-16,16:27:53,5,Lakeside Plaza,101,Coffee,Brewed Coffee,Brewed Coffee - Regular,2.5,1,2.5,Cash,1431
3399,2025-05-16,16:42:22,4,Airport Terminal 2,107,Coffee,Cold Brew,Cold Brew - Regular,3.95,2,7.9,Mobile Pay,1406
3400,2025-05-16,18:46:04,4,Airport Terminal 2,109,Tea,Brewed Tea,Green Tea,2.75,1,2.75,Credit Card,1229
3401,2025-05-16,14:13:06,5,Lakeside Plaza,116,Pastry,Scone,Cranberry Scone,2.95,1,2.95,Mobile Pay,1111
3402,2025-05-16,15:53:34,5,Lakeside Plaza,116,Pastry,Scone,Cranberry Scone,2.95,2,5.9,Mobile Pay,1431
3403,2025-05-16,14:45:32,1,Downtown,109,Tea,Brewed Tea,Green Tea,2.75,1,2.75,Credit Card,1301
3404,2025-05-16,06:18:38,3,Uptown,111,Tea,Chai,Chai Latte - Regular,3.85,2,7.7,Credit Card,1338
3405,2025-05-16,09:08:08,4,Airport Terminal 2,114,Bakery,Bagel,Plain Bagel with Cream Cheese,3.4,2,6.8,Credit Card,1302
3406,2025-05-16,08:10:45,4,Airport Terminal 2,104,Coffee,Latte,Latte - Regular,3.75,1,3.75,Mobile Pay,1360
3407,2025-05-16,14:58:06,5,Lakeside Plaza,103,Coffee,Espresso,Espresso Shot,2.2,1,2.2,Credit Card,1147
3408,2025-05-16,09:00:44,3,Uptown,108,Coffee,Cold Brew,Cold Brew - Large,4.45,1,4.45,Credit Card,1350
3409,2025-05-16,17:52:37,2,Riverside Mall,105,Coffee,Latte,Latte - Large,4.25,4,17.0,Mobile Pay,1360
3410,2025-05-16,08:56:59,4,Airport Terminal 2,110,Tea,Brewed Tea,Earl Grey,2.75,2,5.5,Credit Card,1174
3411,2025-05-16,15:04:54,4,Airport Terminal 2,117,Merchandise,Bag,Coffee Beans - 12oz Bag,12.5,1,12.5,Credit Card,1256
3412,2025-05-16,12:41:34,2,Riverside Mall,107,Coffee,Cold Brew,Cold Brew - Regular,3.95,2,7.9,Credit Card,1029
3413,2025-05-16,07:33:03,5,Lakeside Plaza,110,Tea,Brewed Tea,Earl Grey,2.75,1,2.75,Mobile Pay,1039
3414,2025-05-16,14:23:25,2,Riverside Mall,109,Tea,Brewed Tea,Green Tea,2.75,1,2.75,Mobile Pay,1382
3415,2025-05-16,19:17:25,5,Lakeside Plaza,118,Merchandise,Mug,Branded Ceramic Mug,9.99,1,9.99,Credit Card,1347
3416,2025-05-16,14:36:49,4,Airport Terminal 2,115,Pastry,Cookie,Chocolate Chip Cookie,2.1,2,4.2,Mobile Pay,1098
3417,2025-05-16,18:54:39,5,Lakeside Plaza,108,Coffee,Cold Brew,Cold Brew - Large,4.45,3,13.35,Cash,1227
3418,2025-05-16,07:34:03,4,Airport Terminal 2,104,Coffee,Latte,Latte - Regular,3.75,1,3.75,Credit Card,1072
3419,2025-05-16,08:06:26,4,Airport Terminal 2,113,Bakery,Muffin,Blueberry Muffin,3.1,1,3.1,Credit Card,1163
3420,2025-05-16,18:21:31,5,Lakeside Plaza,114,Bakery,Bagel,Plain Bagel with Cream Cheese,3.4,2,6.8,Mobile Pay,1267
3421,2025-05-17,17:22:06,3,Uptown,112,Bakery,Croissant,Butter Croissant,3.25,4,13.0,Credit Card,1088
3422,2025-05-17,06:03:24,4,Airport Terminal 2,109,Tea,Brewed Tea,Green Tea,2.75,1,2.75,Credit Card,1172
3423,2025-05-17,16:18:43,4,Airport Terminal 2,117,Merchandise,Bag,Coffee Beans - 12oz Bag,12.5,1,12.5,Credit Card,1036
3424,2025-05-17,10:09:11,3,Uptown,109,Tea,Brewed Tea,Green Tea,2.75,3,8.25,Credit Card,1441
3425,2025-05-17,14:30:59,1,Downtown,117,Merchandise,Bag,Coffee Beans - 12oz Bag,12.5,1,12.5,Mobile Pay,1073
3426,2025-05-17,13:58:34,2,Riverside Mall,107,Coffee,Cold Brew,Cold Brew - Regular,3.95,4,15.8,Credit Card,1008
3427,2025-05-17,16:55:02,2,Riverside Mall,111,Tea,Chai,Chai Latte - Regular,3.85,2,7.7,Cash,1231
3428,2025-05-17,08:56:39,2,Riverside Mall,114,Bakery,Bagel,Plain Bagel with Cream Cheese,3.4,1,3.4,Cash,1137
3429,2025-05-17,14:03:11,2,Riverside Mall,117,Merchandise,Bag,Coffee Beans - 12oz Bag,12.5,1,12.5,Credit Card,1355
3430,2025-05-17,14:34:14,1,Downtown,118,Merchandise,Mug,Branded Ceramic Mug,9.99,1,9.99,Mobile Pay,1311
3431,2025-05-17,08:42:37,3,Uptown,103,Coffee,Espresso,Espresso Shot,2.2,1,2.2,Credit Card,1394
3432,2025-05-17,14:55:54,1,Downtown,116,Pastry,Scone,Cranberry Scone,2.95,3,8.85,Mobile Pay,1294
3433,2025-05-17,10:09:35,2,Riverside Mall,109,Tea,Brewed Tea,Green Tea,2.75,1,2.75,Credit Card,1107
3434,2025-05-17,13:19:20,5,Lakeside Plaza,109,Tea,Brewed Tea,Green Tea,2.75,3,8.25,Credit Card,1237
3435,2025-05-17,09:32:00,4,Airport Terminal 2,116,Pastry,Scone,Cranberry Scone,2.95,1,2.95,Credit Card,1255
3436,2025-05-17,15:56:21,2,Riverside Mall,109,Tea,Brewed Tea,Green Tea,2.75,1,2.75,Mobile Pay,1321
3437,2025-05-17,14:27:00,1,Downtown,105,Coffee,Latte,Latte - Large,4.25,1,4.25,Credit Card,1315
3438,2025-05-17,16:05:22,2,Riverside Mall,102,Coffee,Brewed Coffee,Brewed Coffee - Large,2.95,3,8.85,Mobile Pay,1307
3439,2025-05-17,13:39:53,2,Riverside Mall,111,Tea,Chai,Chai Latte - Regular,3.85,3,11.55,Cash,1239
3440,2025-05-17,07:06:36,3,Uptown,105,Coffee,Latte,Latte - Large,4.25,2,8.5,Credit Card,1340
3441,2025-05-17,12:23:39,3,Uptown,118,Merchandise,Mug,Branded Ceramic Mug,9.99,1,9.99,Credit Card,1058
3442,2025-05-17,17:47:17,1,Downtown,117,Merchandise,Bag,Coffee Beans - 12oz Bag,12.5,4,50.0,Credit Card,1351
3443,2025-05-17,06:33:48,2,Riverside Mall,107,Coffee,Cold Brew,Cold Brew - Regular,3.95,2,7.9,Credit Card,1429
3444,2025-05-18,15:51:17,5,Lakeside Plaza,113,Bakery,Muffin,Blueberry Muffin,3.1,1,3.1,Cash,1215
3445,2025-05-18,18:27:01,2,Riverside Mall,106,Coffee,Cappuccino,Cappuccino - Regular,3.65,2,7.3,Credit Card,1184
3446,2025-05-18,08:26:53,4,Airport Terminal 2,109,Tea,Brewed Tea,Green Tea,2.75,1,2.75,Credit Card,1264
3447,2025-05-18,15:24:25,4,Airport Terminal 2,107,Coffee,Cold Brew,Cold Brew - Regular,3.95,1,3.95,Credit Card,1302
3448,2025-05-18,07:51:33,1,Downtown,112,Bakery,Croissant,Butter Croissant,3.25,3,9.75,Mobile Pay,1408
3449,2025-05-18,13:18:49,4,Airport Terminal 2,118,Merchandise,Mug,Branded Ceramic Mug,9.99,1,9.99,Mobile Pay,1195
3450,2025-05-18,12:35:37,3,Uptown,110,Tea,Brewed Tea,Earl Grey,2.75,2,5.5,Mobile Pay,1215
3451,2025-05-18,12:09:14,2,Riverside Mall,105,Coffee,Latte,Latte - Large,4.25,2,8.5,Credit Card,1060
3452,2025-05-18,19:56:10,5,Lakeside Plaza,101,Coffee,Brewed Coffee,Brewed Coffee - Regular,2.5,1,2.5,Mobile Pay,1347
3453,2025-05-18,15:50:48,1,Downtown,102,Coffee,Brewed Coffee,Brewed Coffee - Large,2.95,4,11.8,Mobile Pay,1161
3454,2025-05-18,07:56:35,5,Lakeside Plaza,115,Pastry,Cookie,Chocolate Chip Cookie,2.1,1,2.1,Mobile Pay,1238
3455,2025-05-18,15:04:40,5,Lakeside Plaza,111,Tea,Chai,Chai Latte - Regular,3.85,2,7.7,Credit Card,1215
3456,2025-05-18,14:04:52,3,Uptown,107,Coffee,Cold Brew,Cold Brew - Regular,3.95,3,11.85,Credit Card,1278
3457,2025-05-18,15:29:32,1,Downtown,115,Pastry,Cookie,Chocolate Chip Cookie,2.1,1,2.1,Cash,1298
3458,2025-05-18,13:19:23,4,Airport Terminal 2,102,Coffee,Brewed Coffee,Brewed Coffee - Large,2.95,1,2.95,Mobile Pay,1311
3459,2025-05-18,11:35:13,4,Airport Terminal 2,106,Coffee,Cappuccino,Cappuccino - Regular,3.65,1,3.65,Credit Card,1281
3460,2025-05-18,13:55:09,4,Airport Terminal 2,107,Coffee,Cold Brew,Cold Brew - Regular,3.95,4,15.8,Credit Card,1350
3461,2025-05-18,09:25:43,1,Downtown,105,Coffee,Latte,Latte - Large,4.25,1,4.25,Mobile Pay,1058
3462,2025-05-18,14:21:47,5,Lakeside Plaza,101,Coffee,Brewed Coffee,Brewed Coffee - Regular,2.5,1,2.5,Mobile Pay,1449
3463,2025-05-18,17:41:50,1,Downtown,105,Coffee,Latte,Latte - Large,4.25,1,4.25,Credit Card,1329
3464,2025-05-18,15:52:51,1,Downtown,117,Merchandise,Bag,Coffee Beans - 12oz Bag,12.5,1,12.5,Credit Card,1423
3465,2025-05-18,15:54:38,4,Airport Terminal 2,113,Bakery,Muffin,Blueberry Muffin,3.1,1,3.1,Cash,1060
3466,2025-05-18,09:49:09,5,Lakeside Plaza,105,Coffee,Latte,Latte - Large,4.25,1,4.25,Credit Card,1073
3467,2025-05-18,09:57:45,5,Lakeside Plaza,108,Coffee,Cold Brew,Cold Brew - Large,4.45,1,4.45,Credit Card,1434
3468,2025-05-18,17:15:45,3,Uptown,115,Pastry,Cookie,Chocolate Chip Cookie,2.1,1,2.1,Credit Card,1215
3469,2025-05-18,14:55:33,4,Airport Terminal 2,117,Merchandise,Bag,Coffee Beans - 12oz Bag,12.5,2,25.0,Credit Card,1442
3470,2025-05-18,10:28:00,2,Riverside Mall,111,Tea,Chai,Chai Latte - Regular,3.85,2,7.7,Credit Card,1226
3471,2025-05-18,16:42:57,1,Downtown,106,Coffee,Cappuccino,Cappuccino - Regular,3.65,3,10.95,Credit Card,1051
3472,2025-05-18,15:49:20,3,Uptown,102,Coffee,Brewed Coffee,Brewed Coffee - Large,2.95,1,2.95,Credit Card,1016
3473,2025-05-18,12:38:43,1,Downtown,117,Merchandise,Bag,Coffee Beans - 12oz Bag,12.5,3,37.5,Credit Card,1113
3474,2025-05-19,07:23:32,3,Uptown,109,Tea,Brewed Tea,Green Tea,2.75,1,2.75,Mobile Pay,1053
3475,2025-05-19,10:30:03,3,Uptown,103,Coffee,Espresso,Espresso Shot,2.2,2,4.4,Cash,1359
3476,2025-05-19,19:50:20,2,Riverside Mall,108,Coffee,Cold Brew,Cold Brew - Large,4.45,3,13.35,Credit Card,1101
3477,2025-05-19,10:48:25,4,Airport Terminal 2,104,Coffee,Latte,Latte - Regular,3.75,2,7.5,Credit Card,1397
3478,2025-05-19,14:28:56,1,Downtown,102,Coffee,Brewed Coffee,Brewed Coffee - Large,2.95,3,8.85,Credit Card,1316
3479,2025-05-19,09:19:51,1,Downtown,105,Coffee,Latte,Latte - Large,4.25,2,8.5,Credit Card,1136
3480,2025-05-19,09:30:36,5,Lakeside Plaza,110,Tea,Brewed Tea,Earl Grey,2.75,2,5.5,Mobile Pay,1012
3481,2025-05-19,15:27:19,2,Riverside Mall,114,Bakery,Bagel,Plain Bagel with Cream Cheese,3.4,2,6.8,Credit Card,1033
3482,2025-05-19,12:48:31,2,Riverside Mall,111,Tea,Chai,Chai Latte - Regular,3.85,1,3.85,Mobile Pay,1106
3483,2025-05-19,11:45:58,3,Uptown,116,Pastry,Scone,Cranberry Scone,2.95,1,2.95,Credit Card,1360
3484,2025-05-19,08:25:35,4,Airport Terminal 2,108,Coffee,Cold Brew,Cold Brew - Large,4.45,2,8.9,Credit Card,1106
3485,2025-05-19,10:23:58,2,Riverside Mall,103,Coffee,Espresso,Espresso Shot,2.2,2,4.4,Credit Card,1155
3486,2025-05-19,08:05:24,2,Riverside Mall,108,Coffee,Cold Brew,Cold Brew - Large,4.45,3,13.35,Credit Card,1377
3487,2025-05-19,14:16:34,5,Lakeside Plaza,112,Bakery,Croissant,Butter Croissant,3.25,1,3.25,Mobile Pay,1221
3488,2025-05-19,17:19:18,1,Downtown,115,Pastry,Cookie,Chocolate Chip Cookie,2.1,2,4.2,Credit Card,1433
3489,2025-05-19,08:07:22,3,Uptown,113,Bakery,Muffin,Blueberry Muffin,3.1,2,6.2,Credit Card,1293
3490,2025-05-19,17:31:17,3,Uptown,103,Coffee,Espresso,Espresso Shot,2.2,2,4.4,Cash,1312
3491,2025-05-19,06:00:10,1,Downtown,115,Pastry,Cookie,Chocolate Chip Cookie,2.1,3,6.3,Credit Card,1039
3492,2025-05-19,13:04:41,1,Downtown,113,Bakery,Muffin,Blueberry Muffin,3.1,2,6.2,Mobile Pay,1146
3493,2025-05-19,16:19:53,1,Downtown,108,Coffee,Cold Brew,Cold Brew - Large,4.45,1,4.45,Credit Card,1245
3494,2025-05-19,16:13:44,1,Downtown,109,Tea,Brewed Tea,Green Tea,2.75,1,2.75,Credit Card,1230
3495,2025-05-19,13:18:42,2,Riverside Mall,105,Coffee,Latte,Latte - Large,4.25,2,8.5,Mobile Pay,1123
3496,2025-05-19,12:54:40,1,Downtown,105,Coffee,Latte,Latte - Large,4.25,1,4.25,Cash,1383
3497,2025-05-19,15:11:07,5,Lakeside Plaza,113,Bakery,Muffin,Blueberry Muffin,3.1,1,3.1,Credit Card,1096
3498,2025-05-19,08:47:24,4,Airport Terminal 2,115,Pastry,Cookie,Chocolate Chip Cookie,2.1,4,8.4,Credit Card,1211
3499,2025-05-19,08:20:47,1,Downtown,101,Coffee,Brewed Coffee,Brewed Coffee - Regular,2.5,1,2.5,Credit Card,1123
3500,2025-05-19,16:53:08,1,Downtown,105,Coffee,Latte,Latte - Large,4.25,1,4.25,Mobile Pay,1357
3501,2025-05-19,07:57:13,3,Uptown,118,Merchandise,Mug,Branded Ceramic Mug,9.99,2,19.98,Credit Card,1216
3502,2025-05-19,11:47:01,4,Airport Terminal 2,116,Pastry,Scone,Cranberry Scone,2.95,1,2.95,Credit Card,1442
3503,2025-05-20,14:17:52,3,Uptown,105,Coffee,Latte,Latte - Large,4.25,1,4.25,Credit Card,1140
3504,2025-05-20,08:49:54,5,Lakeside Plaza,106,Coffee,Cappuccino,Cappuccino - Regular,3.65,1,3.65,Credit Card,1234
3505,2025-05-20,12:19:08,4,Airport Terminal 2,112,Bakery,Croissant,Butter Croissant,3.25,3,9.75,Mobile Pay,1192
3506,2025-05-20,11:31:48,1,Downtown,118,Merchandise,Mug,Branded Ceramic Mug,9.99,1,9.99,Cash,1111
3507,2025-05-20,15:41:24,5,Lakeside Plaza,112,Bakery,Croissant,Butter Croissant,3.25,3,9.75,Credit Card,1324
3508,2025-05-20,14:31:43,5,Lakeside Plaza,106,Coffee,Cappuccino,Cappuccino - Regular,3.65,1,3.65,Mobile Pay,1435
3509,2025-05-20,14:01:13,1,Downtown,110,Tea,Brewed Tea,Earl Grey,2.75,3,8.25,Mobile Pay,1405
3510,2025-05-20,06:11:47,5,Lakeside Plaza,111,Tea,Chai,Chai Latte - Regular,3.85,2,7.7,Cash,1175
3511,2025-05-20,15:59:43,2,Riverside Mall,109,Tea,Brewed Tea,Green Tea,2.75,1,2.75,Credit Card,1281
3512,2025-05-20,13:34:14,2,Riverside Mall,106,Coffee,Cappuccino,Cappuccino - Regular,3.65,1,3.65,Credit Card,1153
3513,2025-05-20,07:59:23,2,Riverside Mall,108,Coffee,Cold Brew,Cold Brew - Large,4.45,1,4.45,Credit Card,1374
3514,2025-05-20,15:18:37,1,Downtown,112,Bakery,Croissant,Butter Croissant,3.25,2,6.5,Credit Card,1076
3515,2025-05-20,15:37:29,1,Downtown,109,Tea,Brewed Tea,Green Tea,2.75,1,2.75,Credit Card,1238
3516,2025-05-20,07:55:44,3,Uptown,107,Coffee,Cold Brew,Cold Brew - Regular,3.95,1,3.95,Credit Card,1007
3517,2025-05-20,12:41:27,3,Uptown,108,Coffee,Cold Brew,Cold Brew - Large,4.45,1,4.45,Cash,1263
3518,2025-05-20,13:03:06,5,Lakeside Plaza,112,Bakery,Croissant,Butter Croissant,3.25,2,6.5,Credit Card,1274
3519,2025-05-20,10:37:05,2,Riverside Mall,103,Coffee,Espresso,Espresso Shot,2.2,1,2.2,Credit Card,1033
3520,2025-05-20,13:10:40,4,Airport Terminal 2,116,Pastry,Scone,Cranberry Scone,2.95,1,2.95,Cash,1409
3521,2025-05-20,13:06:02,5,Lakeside Plaza,103,Coffee,Espresso,Espresso Shot,2.2,2,4.4,Credit Card,1207
3522,2025-05-21,08:48:29,4,Airport Terminal 2,110,Tea,Brewed Tea,Earl Grey,2.75,2,5.5,Credit Card,1208
3523,2025-05-21,16:52:37,1,Downtown,105,Coffee,Latte,Latte - Large,4.25,2,8.5,Mobile Pay,1125
3524,2025-05-21,18:11:45,1,Downtown,112,Bakery,Croissant,Butter Croissant,3.25,2,6.5,Credit Card,1006
3525,2025-05-21,08:11:32,1,Downtown,106,Coffee,Cappuccino,Cappuccino - Regular,3.65,1,3.65,Mobile Pay,1171
3526,2025-05-21,15:58:53,3,Uptown,101,Coffee,Brewed Coffee,Brewed Coffee - Regular,2.5,1,2.5,Credit Card,1147
3527,2025-05-21,16:01:25,1,Downtown,110,Tea,Brewed Tea,Earl Grey,2.75,1,2.75,Cash,1018
3528,2025-05-21,10:37:36,1,Downtown,109,Tea,Brewed Tea,Green Tea,2.75,1,2.75,Mobile Pay,1048
3529,2025-05-21,17:13:54,4,Airport Terminal 2,114,Bakery,Bagel,Plain Bagel with Cream Cheese,3.4,2,6.8,Cash,1072
3530,2025-05-21,07:20:14,2,Riverside Mall,109,Tea,Brewed Tea,Green Tea,2.75,3,8.25,Cash,1300
3531,2025-05-21,11:08:41,2,Riverside Mall,102,Coffee,Brewed Coffee,Brewed Coffee - Large,2.95,1,2.95,Credit Card,1339
3532,2025-05-21,08:13:16,1,Downtown,103,Coffee,Espresso,Espresso Shot,2.2,1,2.2,Credit Card,1107
3533,2025-05-21,09:11:23,1,Downtown,107,Coffee,Cold Brew,Cold Brew - Regular,3.95,1,3.95,Mobile Pay,1193
3534,2025-05-21,08:46:38,1,Downtown,107,Coffee,Cold Brew,Cold Brew - Regular,3.95,1,3.95,Mobile Pay,1426
3535,2025-05-21,08:19:11,3,Uptown,111,Tea,Chai,Chai Latte - Regular,3.85,1,3.85,Mobile Pay,1152
3536,2025-05-21,12:00:11,3,Uptown,115,Pastry,Cookie,Chocolate Chip Cookie,2.1,1,2.1,Credit Card,1262
3537,2025-05-21,08:03:46,2,Riverside Mall,109,Tea,Brewed Tea,Green Tea,2.75,2,5.5,Credit Card,1182
3538,2025-05-21,14:55:52,4,Airport Terminal 2,116,Pastry,Scone,Cranberry Scone,2.95,1,2.95,Credit Card,1338
3539,2025-05-21,14:53:14,3,Uptown,106,Coffee,Cappuccino,Cappuccino - Regular,3.65,1,3.65,Mobile Pay,1427
3540,2025-05-21,19:25:23,3,Uptown,106,Coffee,Cappuccino,Cappuccino - Regular,3.65,2,7.3,Mobile Pay,1288
3541,2025-05-21,15:24:10,3,Uptown,116,Pastry,Scone,Cranberry Scone,2.95,1,2.95,Mobile Pay,1126
3542,2025-05-21,14:26:26,5,Lakeside Plaza,102,Coffee,Brewed Coffee,Brewed Coffee - Large,2.95,1,2.95,Credit Card,1136
3543,2025-05-21,09:54:37,3,Uptown,108,Coffee,Cold Brew,Cold Brew - Large,4.45,2,8.9,Credit Card,1081
3544,2025-05-21,17:25:27,4,Airport Terminal 2,109,Tea,Brewed Tea,Green Tea,2.75,2,5.5,Credit Card,1341
3545,2025-05-22,08:40:56,5,Lakeside Plaza,114,Bakery,Bagel,Plain Bagel with Cream Cheese,3.4,2,6.8,Mobile Pay,1282
3546,2025-05-22,09:56:58,2,Riverside Mall,105,Coffee,Latte,Latte - Large,4.25,2,8.5,Credit Card,1198
3547,2025-05-22,09:21:30,5,Lakeside Plaza,105,Coffee,Latte,Latte - Large,4.25,1,4.25,Credit Card,1328
3548,2025-05-22,15:35:59,4,Airport Terminal 2,107,Coffee,Cold Brew,Cold Brew - Regular,3.95,1,3.95,Credit Card,1138
3549,2025-05-22,13:32:47,3,Uptown,114,Bakery,Bagel,Plain Bagel with Cream Cheese,3.4,1,3.4,Credit Card,1342
3550,2025-05-22,11:34:09,4,Airport Terminal 2,104,Coffee,Latte,Latte - Regular,3.75,1,3.75,Credit Card,1240
3551,2025-05-22,16:04:26,2,Riverside Mall,118,Merchandise,Mug,Branded Ceramic Mug,9.99,1,9.99,Credit Card,1440
3552,2025-05-22,08:57:50,5,Lakeside Plaza,103,Coffee,Espresso,Espresso Shot,2.2,1,2.2,Credit Card,1100
3553,2025-05-22,09:31:51,1,Downtown,101,Coffee,Brewed Coffee,Brewed Coffee - Regular,2.5,1,2.5,Credit Card,1066
3554,2025-05-22,15:49:00,4,Airport Terminal 2,106,Coffee,Cappuccino,Cappuccino - Regular,3.65,3,10.95,Credit Card,1140
3555,2025-05-22,18:57:45,4,Airport Terminal 2,116,Pastry,Scone,Cranberry Scone,2.95,1,2.95,Credit Card,1071
3556,2025-05-22,08:07:18,3,Uptown,107,Coffee,Cold Brew,Cold Brew - Regular,3.95,1,3.95,Credit Card,1100
3557,2025-05-22,11:20:41,3,Uptown,115,Pastry,Cookie,Chocolate Chip Cookie,2.1,1,2.1,Credit Card,1073
3558,2025-05-22,16:18:22,2,Riverside Mall,113,Bakery,Muffin,Blueberry Muffin,3.1,2,6.2,Mobile Pay,1105
3559,2025-05-22,12:47:59,2,Riverside Mall,104,Coffee,Latte,Latte - Regular,3.75,1,3.75,Credit Card,1412
3560,2025-05-22,09:52:36,3,Uptown,101,Coffee,Brewed Coffee,Brewed Coffee - Regular,2.5,1,2.5,Credit Card,1433
3561,2025-05-22,14:44:58,1,Downtown,106,Coffee,Cappuccino,Cappuccino - Regular,3.65,1,3.65,Credit Card,1149
3562,2025-05-22,12:43:01,1,Downtown,114,Bakery,Bagel,Plain Bagel with Cream Cheese,3.4,1,3.4,Credit Card,1281
3563,2025-05-22,14:02:06,3,Uptown,108,Coffee,Cold Brew,Cold Brew - Large,4.45,4,17.8,Cash,1055
3564,2025-05-22,08:49:45,5,Lakeside Plaza,101,Coffee,Brewed Coffee,Brewed Coffee - Regular,2.5,1,2.5,Credit Card,1308
3565,2025-05-22,15:05:12,5,Lakeside Plaza,102,Coffee,Brewed Coffee,Brewed Coffee - Large,2.95,1,2.95,Mobile Pay,1139
3566,2025-05-23,16:42:51,4,Airport Terminal 2,114,Bakery,Bagel,Plain Bagel with Cream Cheese,3.4,1,3.4,Credit Card,1351
3567,2025-05-23,07:36:34,1,Downtown,110,Tea,Brewed Tea,Earl Grey,2.75,2,5.5,Cash,1135
3568,2025-05-23,16:31:38,1,Downtown,103,Coffee,Espresso,Espresso Shot,2.2,1,2.2,Mobile Pay,1037
3569,2025-05-23,08:00:18,5,Lakeside Plaza,103,Coffee,Espresso,Espresso Shot,2.2,1,2.2,Credit Card,1363
3570,2025-05-23,07:19:41,1,Downtown,101,Coffee,Brewed Coffee,Brewed Coffee - Regular,2.5,3,7.5,Mobile Pay,1082
3571,2025-05-23,13:53:56,1,Downtown,105,Coffee,Latte,Latte - Large,4.25,1,4.25,Mobile Pay,1213
3572,2025-05-23,19:47:04,4,Airport Terminal 2,118,Merchandise,Mug,Branded Ceramic Mug,9.99,3,29.97,Cash,1308
3573,2025-05-23,08:54:49,3,Uptown,105,Coffee,Latte,Latte - Large,4.25,1,4.25,Mobile Pay,1256
3574,2025-05-23,13:56:09,3,Uptown,110,Tea,Brewed Tea,Earl Grey,2.75,4,11.0,Credit Card,1107
3575,2025-05-23,07:30:36,1,Downtown,114,Bakery,Bagel,Plain Bagel with Cream Cheese,3.4,4,13.6,Credit Card,1049
3576,2025-05-23,08:34:24,5,Lakeside Plaza,104,Coffee,Latte,Latte - Regular,3.75,1,3.75,Mobile Pay,1165
3577,2025-05-23,16:07:13,1,Downtown,103,Coffee,Espresso,Espresso Shot,2.2,3,6.6,Credit Card,1400
3578,2025-05-23,17:52:01,5,Lakeside Plaza,110,Tea,Brewed Tea,Earl Grey,2.75,4,11.0,Mobile Pay,1155
3579,2025-05-23,18:33:35,1,Downtown,106,Coffee,Cappuccino,Cappuccino - Regular,3.65,2,7.3,Credit Card,1045
3580,2025-05-23,16:29:54,1,Downtown,105,Coffee,Latte,Latte - Large,4.25,2,8.5,Cash,1162
3581,2025-05-23,15:38:13,4,Airport Terminal 2,103,Coffee,Espresso,Espresso Shot,2.2,4,8.8,Mobile Pay,1243
3582,2025-05-23,11:55:27,3,Uptown,116,Pastry,Scone,Cranberry Scone,2.95,1,2.95,Credit Card,1036
3583,2025-05-23,17:31:19,1,Downtown,102,Coffee,Brewed Coffee,Brewed Coffee - Large,2.95,2,5.9,Credit Card,1056
3584,2025-05-23,15:18:10,4,Airport Terminal 2,104,Coffee,Latte,Latte - Regular,3.75,1,3.75,Cash,1077
3585,2025-05-23,07:15:05,3,Uptown,102,Coffee,Brewed Coffee,Brewed Coffee - Large,2.95,3,8.85,Credit Card,1111
3586,2025-05-23,18:11:24,4,Airport Terminal 2,114,Bakery,Bagel,Plain Bagel with Cream Cheese,3.4,1,3.4,Credit Card,1280
3587,2025-05-24,19:11:48,3,Uptown,106,Coffee,Cappuccino,Cappuccino - Regular,3.65,2,7.3,Credit Card,1378
3588,2025-05-24,08:23:18,1,Downtown,101,Coffee,Brewed Coffee,Brewed Coffee - Regular,2.5,1,2.5,Cash,1414
3589,2025-05-24,14:39:17,4,Airport Terminal 2,118,Merchandise,Mug,Branded Ceramic Mug,9.99,1,9.99,Credit Card,1183
3590,2025-05-24,13:38:14,5,Lakeside Plaza,110,Tea,Brewed Tea,Earl Grey,2.75,4,11.0,Credit Card,1015
3591,2025-05-24,12:22:42,5,Lakeside Plaza,111,Tea,Chai,Chai Latte - Regular,3.85,3,11.55,Credit Card,1106
3592,2025-05-24,17:54:11,5,Lakeside Plaza,110,Tea,Brewed Tea,Earl Grey,2.75,1,2.75,Cash,1370
3593,2025-05-24,11:48:41,2,Riverside Mall,113,Bakery,Muffin,Blueberry Muffin,3.1,1,3.1,Cash,1187
3594,2025-05-24,12:42:02,4,Airport Terminal 2,101,Coffee,Brewed Coffee,Brewed Coffee - Regular,2.5,1,2.5,Mobile Pay,1439
3595,2025-05-24,16:00:52,3,Uptown,104,Coffee,Latte,Latte - Regular,3.75,1,3.75,Mobile Pay,1331
3596,2025-05-24,09:50:44,4,Airport Terminal 2,106,Coffee,Cappuccino,Cappuccino - Regular,3.65,1,3.65,Mobile Pay,1398
3597,2025-05-24,18:52:26,1,Downtown,101,Coffee,Brewed Coffee,Brewed Coffee - Regular,2.5,1,2.5,Cash,1306
3598,2025-05-24,13:34:09,3,Uptown,104,Coffee,Latte,Latte - Regular,3.75,1,3.75,Cash,1208
3599,2025-05-24,08:55:50,5,Lakeside Plaza,104,Coffee,Latte,Latte - Regular,3.75,2,7.5,Credit Card,1071
3600,2025-05-24,08:35:09,5,Lakeside Plaza,105,Coffee,Latte,Latte - Large,4.25,1,4.25,Credit Card,1274
3601,2025-05-24,13:22:38,3,Uptown,105,Coffee,Latte,Latte - Large,4.25,1,4.25,Cash,1152
3602,2025-05-24,07:48:35,3,Uptown,103,Coffee,Espresso,Espresso Shot,2.2,1,2.2,Mobile Pay,1309
3603,2025-05-24,17:06:45,2,Riverside Mall,112,Bakery,Croissant,Butter Croissant,3.25,1,3.25,Credit Card,1126
3604,2025-05-24,08:49:28,1,Downtown,111,Tea,Chai,Chai Latte - Regular,3.85,3,11.55,Mobile Pay,1084
3605,2025-05-24,17:00:50,5,Lakeside Plaza,105,Coffee,Latte,Latte - Large,4.25,3,12.75,Cash,1148
3606,2025-05-24,13:02:38,3,Uptown,116,Pastry,Scone,Cranberry Scone,2.95,2,5.9,Credit Card,1268
3607,2025-05-24,06:04:01,2,Riverside Mall,118,Merchandise,Mug,Branded Ceramic Mug,9.99,3,29.97,Credit Card,1052
3608,2025-05-24,10:39:21,3,Uptown,108,Coffee,Cold Brew,Cold Brew - Large,4.45,3,13.35,Mobile Pay,1064
3609,2025-05-24,18:16:18,5,Lakeside Plaza,104,Coffee,Latte,Latte - Regular,3.75,1,3.75,Mobile Pay,1209
3610,2025-05-25,07:05:41,2,Riverside Mall,118,Merchandise,Mug,Branded Ceramic Mug,9.99,1,9.99,Mobile Pay,1284
3611,2025-05-25,11:48:22,2,Riverside Mall,101,Coffee,Brewed Coffee,Brewed Coffee - Regular,2.5,1,2.5,Credit Card,1286
3612,2025-05-25,12:37:49,1,Downtown,108,Coffee,Cold Brew,Cold Brew - Large,4.45,1,4.45,Cash,1074
3613,2025-05-25,09:58:57,5,Lakeside Plaza,115,Pastry,Cookie,Chocolate Chip Cookie,2.1,1,2.1,Credit Card,1368
3614,2025-05-25,10:21:35,5,Lakeside Plaza,101,Coffee,Brewed Coffee,Brewed Coffee - Regular,2.5,1,2.5,Mobile Pay,1176
3615,2025-05-25,15:01:34,3,Uptown,110,Tea,Brewed Tea,Earl Grey,2.75,2,5.5,Credit Card,1095
3616,2025-05-25,14:27:36,1,Downtown,114,Bakery,Bagel,Plain Bagel with Cream Cheese,3.4,2,6.8,Credit Card,1353
3617,2025-05-25,14:34:27,2,Riverside Mall,117,Merchandise,Bag,Coffee Beans - 12oz Bag,12.5,1,12.5,Credit Card,1034
3618,2025-05-25,12:15:14,4,Airport Terminal 2,111,Tea,Chai,Chai Latte - Regular,3.85,1,3.85,Credit Card,1139
3619,2025-05-25,11:09:28,1,Downtown,103,Coffee,Espresso,Espresso Shot,2.2,1,2.2,Credit Card,1114
3620,2025-05-25,09:57:35,5,Lakeside Plaza,103,Coffee,Espresso,Espresso Shot,2.2,1,2.2,Credit Card,1183
3621,2025-05-25,09:30:46,1,Downtown,117,Merchandise,Bag,Coffee Beans - 12oz Bag,12.5,1,12.5,Cash,1314
3622,2025-05-25,09:19:29,5,Lakeside Plaza,113,Bakery,Muffin,Blueberry Muffin,3.1,2,6.2,Mobile Pay,1255
3623,2025-05-25,16:51:00,2,Riverside Mall,111,Tea,Chai,Chai Latte - Regular,3.85,1,3.85,Cash,1345
3624,2025-05-25,08:19:32,2,Riverside Mall,109,Tea,Brewed Tea,Green Tea,2.75,1,2.75,Credit Card,1016
3625,2025-05-25,10:46:21,4,Airport Terminal 2,105,Coffee,Latte,Latte - Large,4.25,1,4.25,Credit Card,1447
3626,2025-05-25,13:20:29,1,Downtown,111,Tea,Chai,Chai Latte - Regular,3.85,1,3.85,Mobile Pay,1299
3627,2025-05-25,16:36:51,4,Airport Terminal 2,106,Coffee,Cappuccino,Cappuccino - Regular,3.65,1,3.65,Credit Card,1083
3628,2025-05-25,07:48:13,3,Uptown,115,Pastry,Cookie,Chocolate Chip Cookie,2.1,1,2.1,Credit Card,1073
3629,2025-05-25,11:59:14,3,Uptown,110,Tea,Brewed Tea,Earl Grey,2.75,2,5.5,Credit Card,1164
3630,2025-05-25,11:02:17,2,Riverside Mall,117,Merchandise,Bag,Coffee Beans - 12oz Bag,12.5,1,12.5,Cash,1424
3631,2025-05-25,08:56:44,4,Airport Terminal 2,113,Bakery,Muffin,Blueberry Muffin,3.1,2,6.2,Credit Card,1046
3632,2025-05-26,18:38:08,4,Airport Terminal 2,110,Tea,Brewed Tea,Earl Grey,2.75,2,5.5,Credit Card,1013
3633,2025-05-26,13:49:11,4,Airport Terminal 2,115,Pastry,Cookie,Chocolate Chip Cookie,2.1,3,6.3,Credit Card,1183
3634,2025-05-26,17:24:38,5,Lakeside Plaza,106,Coffee,Cappuccino,Cappuccino - Regular,3.65,1,3.65,Mobile Pay,1439
3635,2025-05-26,09:08:52,1,Downtown,113,Bakery,Muffin,Blueberry Muffin,3.1,1,3.1,Mobile Pay,1016
3636,2025-05-26,14:32:02,1,Downtown,108,Coffee,Cold Brew,Cold Brew - Large,4.45,1,4.45,Mobile Pay,1399
3637,2025-05-26,08:02:26,3,Uptown,101,Coffee,Brewed Coffee,Brewed Coffee - Regular,2.5,1,2.5,Cash,1299
3638,2025-05-26,14:13:23,5,Lakeside Plaza,108,Coffee,Cold Brew,Cold Brew - Large,4.45,2,8.9,Credit Card,1250
3639,2025-05-26,06:41:01,1,Downtown,102,Coffee,Brewed Coffee,Brewed Coffee - Large,2.95,1,2.95,Credit Card,1297
3640,2025-05-26,11:11:53,4,Airport Terminal 2,104,Coffee,Latte,Latte - Regular,3.75,1,3.75,Credit Card,1366
3641,2025-05-26,07:47:23,3,Uptown,116,Pastry,Scone,Cranberry Scone,2.95,1,2.95,Credit Card,1307
3642,2025-05-26,09:18:50,4,Airport Terminal 2,105,Coffee,Latte,Latte - Large,4.25,2,8.5,Mobile Pay,1372
3643,2025-05-26,15:05:24,2,Riverside Mall,105,Coffee,Latte,Latte - Large,4.25,2,8.5,Credit Card,1239
3644,2025-05-26,09:24:18,5,Lakeside Plaza,103,Coffee,Espresso,Espresso Shot,2.2,1,2.2,Mobile Pay,1147
3645,2025-05-26,15:07:39,4,Airport Terminal 2,101,Coffee,Brewed Coffee,Brewed Coffee - Regular,2.5,1,2.5,Credit Card,1387
3646,2025-05-26,17:42:28,5,Lakeside Plaza,104,Coffee,Latte,Latte - Regular,3.75,4,15.0,Mobile Pay,1219
3647,2025-05-26,07:11:42,4,Airport Terminal 2,111,Tea,Chai,Chai Latte - Regular,3.85,1,3.85,Credit Card,1388
3648,2025-05-26,15:10:35,2,Riverside Mall,101,Coffee,Brewed Coffee,Brewed Coffee - Regular,2.5,1,2.5,Credit Card,1358
3649,2025-05-26,07:42:04,4,Airport Terminal 2,118,Merchandise,Mug,Branded Ceramic Mug,9.99,2,19.98,Cash,1319
3650,2025-05-26,07:07:25,2,Riverside Mall,108,Coffee,Cold Brew,Cold Brew - Large,4.45,1,4.45,Credit Card,1280
3651,2025-05-27,14:30:40,1,Downtown,113,Bakery,Muffin,Blueberry Muffin,3.1,1,3.1,Credit Card,1171
3652,2025-05-27,15:07:34,2,Riverside Mall,107,Coffee,Cold Brew,Cold Brew - Regular,3.95,1,3.95,Cash,1079
3653,2025-05-27,16:33:46,2,Riverside Mall,113,Bakery,Muffin,Blueberry Muffin,3.1,1,3.1,Credit Card,1262
3654,2025-05-27,07:18:54,2,Riverside Mall,116,Pastry,Scone,Cranberry Scone,2.95,1,2.95,Cash,1159
3655,2025-05-27,18:15:29,1,Downtown,101,Coffee,Brewed Coffee,Brewed Coffee - Regular,2.5,2,5.0,Mobile Pay,1395
3656,2025-05-27,13:44:09,5,Lakeside Plaza,118,Merchandise,Mug,Branded Ceramic Mug,9.99,3,29.97,Credit Card,1359
3657,2025-05-27,09:22:38,2,Riverside Mall,105,Coffee,Latte,Latte - Large,4.25,2,8.5,Mobile Pay,1257
3658,2025-05-27,08:30:48,4,Airport Terminal 2,107,Coffee,Cold Brew,Cold Brew - Regular,3.95,4,15.8,Credit Card,1365
3659,2025-05-27,08:43:31,4,Airport Terminal 2,118,Merchandise,Mug,Branded Ceramic Mug,9.99,1,9.99,Cash,1291
3660,2025-05-27,17:08:02,3,Uptown,107,Coffee,Cold Brew,Cold Brew - Regular,3.95,1,3.95,Credit Card,1398
3661,2025-05-27,16:10:44,1,Downtown,113,Bakery,Muffin,Blueberry Muffin,3.1,1,3.1,Cash,1149
3662,2025-05-27,17:23:04,4,Airport Terminal 2,108,Coffee,Cold Brew,Cold Brew - Large,4.45,2,8.9,Cash,1249
3663,2025-05-27,18:14:51,3,Uptown,111,Tea,Chai,Chai Latte - Regular,3.85,3,11.55,Mobile Pay,1250
3664,2025-05-27,10:48:24,3,Uptown,113,Bakery,Muffin,Blueberry Muffin,3.1,2,6.2,Credit Card,1210
3665,2025-05-27,09:27:10,4,Airport Terminal 2,117,Merchandise,Bag,Coffee Beans - 12oz Bag,12.5,1,12.5,Mobile Pay,1416
3666,2025-05-27,16:01:19,3,Uptown,112,Bakery,Croissant,Butter Croissant,3.25,1,3.25,Credit Card,1070
3667,2025-05-27,18:26:20,4,Airport Terminal 2,105,Coffee,Latte,Latte - Large,4.25,1,4.25,Mobile Pay,1170
3668,2025-05-27,16:49:08,2,Riverside Mall,102,Coffee,Brewed Coffee,Brewed Coffee - Large,2.95,2,5.9,Credit Card,1448
3669,2025-05-27,14:14:47,4,Airport Terminal 2,106,Coffee,Cappuccino,Cappuccino - Regular,3.65,1,3.65,Credit Card,1011
3670,2025-05-27,09:56:17,5,Lakeside Plaza,107,Coffee,Cold Brew,Cold Brew - Regular,3.95,3,11.85,Cash,1037
3671,2025-05-27,12:50:42,1,Downtown,110,Tea,Brewed Tea,Earl Grey,2.75,1,2.75,Cash,1002
3672,2025-05-27,17:29:35,2,Riverside Mall,110,Tea,Brewed Tea,Earl Grey,2.75,4,11.0,Mobile Pay,1353
3673,2025-05-27,17:31:46,1,Downtown,110,Tea,Brewed Tea,Earl Grey,2.75,1,2.75,Mobile Pay,1439
3674,2025-05-27,16:18:44,3,Uptown,104,Coffee,Latte,Latte - Regular,3.75,2,7.5,Cash,1234
3675,2025-05-27,08:18:28,2,Riverside Mall,117,Merchandise,Bag,Coffee Beans - 12oz Bag,12.5,1,12.5,Mobile Pay,1430
3676,2025-05-28,12:46:56,2,Riverside Mall,107,Coffee,Cold Brew,Cold Brew - Regular,3.95,1,3.95,Mobile Pay,1028
3677,2025-05-28,07:59:25,3,Uptown,111,Tea,Chai,Chai Latte - Regular,3.85,1,3.85,Credit Card,1392
3678,2025-05-28,08:40:14,1,Downtown,113,Bakery,Muffin,Blueberry Muffin,3.1,2,6.2,Mobile Pay,1434
3679,2025-05-28,08:07:04,5,Lakeside Plaza,114,Bakery,Bagel,Plain Bagel with Cream Cheese,3.4,4,13.6,Mobile Pay,1406
3680,2025-05-28,17:46:43,1,Downtown,102,Coffee,Brewed Coffee,Brewed Coffee - Large,2.95,1,2.95,Mobile Pay,1257
3681,2025-05-28,16:49:55,2,Riverside Mall,113,Bakery,Muffin,Blueberry Muffin,3.1,1,3.1,Mobile Pay,1104
3682,2025-05-28,16:43:36,2,Riverside Mall,114,Bakery,Bagel,Plain Bagel with Cream Cheese,3.4,1,3.4,Credit Card,1404
3683,2025-05-28,13:47:40,5,Lakeside Plaza,113,Bakery,Muffin,Blueberry Muffin,3.1,1,3.1,Credit Card,1105
3684,2025-05-28,14:18:57,3,Uptown,109,Tea,Brewed Tea,Green Tea,2.75,1,2.75,Cash,1306
3685,2025-05-28,17:17:36,5,Lakeside Plaza,112,Bakery,Croissant,Butter Croissant,3.25,2,6.5,Cash,1026
3686,2025-05-28,09:23:48,2,Riverside Mall,105,Coffee,Latte,Latte - Large,4.25,3,12.75,Mobile Pay,1288
3687,2025-05-28,16:56:55,3,Uptown,102,Coffee,Brewed Coffee,Brewed Coffee - Large,2.95,1,2.95,Mobile Pay,1055
3688,2025-05-28,08:22:50,3,Uptown,113,Bakery,Muffin,Blueberry Muffin,3.1,3,9.3,Credit Card,1366
3689,2025-05-28,17:13:33,1,Downtown,118,Merchandise,Mug,Branded Ceramic Mug,9.99,2,19.98,Credit Card,1295
3690,2025-05-28,09:04:03,1,Downtown,110,Tea,Brewed Tea,Earl Grey,2.75,1,2.75,Credit Card,1139
3691,2025-05-28,11:32:21,3,Uptown,113,Bakery,Muffin,Blueberry Muffin,3.1,1,3.1,Mobile Pay,1109
3692,2025-05-28,14:06:17,2,Riverside Mall,117,Merchandise,Bag,Coffee Beans - 12oz Bag,12.5,1,12.5,Credit Card,1111
3693,2025-05-28,10:03:12,4,Airport Terminal 2,111,Tea,Chai,Chai Latte - Regular,3.85,1,3.85,Cash,1327
3694,2025-05-28,18:24:18,4,Airport Terminal 2,117,Merchandise,Bag,Coffee Beans - 12oz Bag,12.5,1,12.5,Mobile Pay,1249
3695,2025-05-28,09:05:59,4,Airport Terminal 2,118,Merchandise,Mug,Branded Ceramic Mug,9.99,2,19.98,Mobile Pay,1079
3696,2025-05-29,17:33:44,1,Downtown,113,Bakery,Muffin,Blueberry Muffin,3.1,1,3.1,Credit Card,1360
3697,2025-05-29,07:23:33,1,Downtown,114,Bakery,Bagel,Plain Bagel with Cream Cheese,3.4,3,10.2,Mobile Pay,1217
3698,2025-05-29,08:36:36,5,Lakeside Plaza,114,Bakery,Bagel,Plain Bagel with Cream Cheese,3.4,1,3.4,Credit Card,1425
3699,2025-05-29,08:12:10,3,Uptown,117,Merchandise,Bag,Coffee Beans - 12oz Bag,12.5,1,12.5,Mobile Pay,1243
3700,2025-05-29,10:34:13,3,Uptown,101,Coffee,Brewed Coffee,Brewed Coffee - Regular,2.5,1,2.5,Credit Card,1130
3701,2025-05-29,14:27:20,5,Lakeside Plaza,103,Coffee,Espresso,Espresso Shot,2.2,1,2.2,Credit Card,1076
3702,2025-05-29,18:15:37,2,Riverside Mall,112,Bakery,Croissant,Butter Croissant,3.25,2,6.5,Mobile Pay,1394
3703,2025-05-29,08:25:42,2,Riverside Mall,110,Tea,Brewed Tea,Earl Grey,2.75,1,2.75,Mobile Pay,1239
3704,2025-05-29,13:04:43,4,Airport Terminal 2,111,Tea,Chai,Chai Latte - Regular,3.85,1,3.85,Credit Card,1416
3705,2025-05-29,13:38:55,4,Airport Terminal 2,114,Bakery,Bagel,Plain Bagel with Cream Cheese,3.4,1,3.4,Mobile Pay,1417
3706,2025-05-29,08:32:21,2,Riverside Mall,101,Coffee,Brewed Coffee,Brewed Coffee - Regular,2.5,1,2.5,Credit Card,1422
3707,2025-05-29,12:35:51,4,Airport Terminal 2,113,Bakery,Muffin,Blueberry Muffin,3.1,2,6.2,Credit Card,1130
3708,2025-05-29,08:08:55,3,Uptown,102,Coffee,Brewed Coffee,Brewed Coffee - Large,2.95,1,2.95,Credit Card,1153
3709,2025-05-29,16:29:52,2,Riverside Mall,101,Coffee,Brewed Coffee,Brewed Coffee - Regular,2.5,1,2.5,Credit Card,1003
3710,2025-05-29,08:46:53,5,Lakeside Plaza,116,Pastry,Scone,Cranberry Scone,2.95,1,2.95,Mobile Pay,1233
3711,2025-05-29,16:54:10,2,Riverside Mall,118,Merchandise,Mug,Branded Ceramic Mug,9.99,4,39.96,Credit Card,1406
3712,2025-05-29,08:48:32,4,Airport Terminal 2,104,Coffee,Latte,Latte - Regular,3.75,1,3.75,Cash,1163
3713,2025-05-29,17:12:00,4,Airport Terminal 2,117,Merchandise,Bag,Coffee Beans - 12oz Bag,12.5,2,25.0,Cash,1031
3714,2025-05-29,07:52:09,1,Downtown,105,Coffee,Latte,Latte - Large,4.25,2,8.5,Cash,1142
3715,2025-05-29,13:56:43,3,Uptown,110,Tea,Brewed Tea,Earl Grey,2.75,4,11.0,Credit Card,1178
3716,2025-05-29,19:06:48,4,Airport Terminal 2,115,Pastry,Cookie,Chocolate Chip Cookie,2.1,2,4.2,Credit Card,1401
3717,2025-05-29,15:37:40,4,Airport Terminal 2,104,Coffee,Latte,Latte - Regular,3.75,1,3.75,Credit Card,1192
3718,2025-05-29,10:25:25,5,Lakeside Plaza,114,Bakery,Bagel,Plain Bagel with Cream Cheese,3.4,2,6.8,Credit Card,1208
3719,2025-05-29,13:15:12,5,Lakeside Plaza,113,Bakery,Muffin,Blueberry Muffin,3.1,1,3.1,Cash,1136
3720,2025-05-29,08:59:52,5,Lakeside Plaza,112,Bakery,Croissant,Butter Croissant,3.25,2,6.5,Mobile Pay,1070
3721,2025-05-29,08:29:39,4,Airport Terminal 2,112,Bakery,Croissant,Butter Croissant,3.25,1,3.25,Cash,1355
3722,2025-05-29,15:15:39,1,Downtown,103,Coffee,Espresso,Espresso Shot,2.2,2,4.4,Cash,1234
3723,2025-05-29,15:26:03,3,Uptown,116,Pastry,Scone,Cranberry Scone,2.95,2,5.9,Credit Card,1171
3724,2025-05-29,07:21:02,5,Lakeside Plaza,104,Coffee,Latte,Latte - Regular,3.75,2,7.5,Cash,1049
3725,2025-05-29,12:01:32,4,Airport Terminal 2,105,Coffee,Latte,Latte - Large,4.25,1,4.25,Credit Card,1205
3726,2025-05-30,16:58:21,2,Riverside Mall,109,Tea,Brewed Tea,Green Tea,2.75,1,2.75,Credit Card,1442
3727,2025-05-30,10:32:32,2,Riverside Mall,108,Coffee,Cold Brew,Cold Brew - Large,4.45,2,8.9,Credit Card,1183
3728,2025-05-30,08:36:25,1,Downtown,106,Coffee,Cappuccino,Cappuccino - Regular,3.65,1,3.65,Mobile Pay,1046
3729,2025-05-30,18:45:32,4,Airport Terminal 2,108,Coffee,Cold Brew,Cold Brew - Large,4.45,3,13.35,Credit Card,1324
3730,2025-05-30,16:01:56,3,Uptown,108,Coffee,Cold Brew,Cold Brew - Large,4.45,1,4.45,Credit Card,1253
3731,2025-05-30,11:49:33,4,Airport Terminal 2,114,Bakery,Bagel,Plain Bagel with Cream Cheese,3.4,1,3.4,Credit Card,1201
3732,2025-05-30,19:31:42,3,Uptown,106,Coffee,Cappuccino,Cappuccino - Regular,3.65,1,3.65,Cash,1001
3733,2025-05-30,06:25:42,1,Downtown,105,Coffee,Latte,Latte - Large,4.25,1,4.25,Credit Card,1155
3734,2025-05-30,10:37:01,4,Airport Terminal 2,101,Coffee,Brewed Coffee,Brewed Coffee - Regular,2.5,1,2.5,Credit Card,1173
3735,2025-05-30,17:25:41,2,Riverside Mall,116,Pastry,Scone,Cranberry Scone,2.95,1,2.95,Mobile Pay,1029
3736,2025-05-30,10:26:54,2,Riverside Mall,108,Coffee,Cold Brew,Cold Brew - Large,4.45,2,8.9,Credit Card,1111
3737,2025-05-30,07:03:03,2,Riverside Mall,101,Coffee,Brewed Coffee,Brewed Coffee - Regular,2.5,2,5.0,Cash,1301
3738,2025-05-30,07:28:33,5,Lakeside Plaza,108,Coffee,Cold Brew,Cold Brew - Large,4.45,1,4.45,Mobile Pay,1001
3739,2025-05-30,18:11:33,3,Uptown,118,Merchandise,Mug,Branded Ceramic Mug,9.99,2,19.98,Credit Card,1118
3740,2025-05-30,10:56:38,3,Uptown,103,Coffee,Espresso,Espresso Shot,2.2,2,4.4,Credit Card,1319
3741,2025-05-30,07:16:45,5,Lakeside Plaza,108,Coffee,Cold Brew,Cold Brew - Large,4.45,1,4.45,Credit Card,1227
3742,2025-05-30,15:25:10,1,Downtown,108,Coffee,Cold Brew,Cold Brew - Large,4.45,1,4.45,Cash,1329
3743,2025-05-30,19:43:40,1,Downtown,105,Coffee,Latte,Latte - Large,4.25,1,4.25,Credit Card,1034
3744,2025-05-30,15:57:44,5,Lakeside Plaza,110,Tea,Brewed Tea,Earl Grey,2.75,4,11.0,Credit Card,1393
3745,2025-05-30,17:14:04,1,Downtown,112,Bakery,Croissant,Butter Croissant,3.25,4,13.0,Mobile Pay,1441
3746,2025-05-30,15:13:43,1,Downtown,112,Bakery,Croissant,Butter Croissant,3.25,2,6.5,Cash,1125
3747,2025-05-30,13:12:38,5,Lakeside Plaza,114,Bakery,Bagel,Plain Bagel with Cream Cheese,3.4,1,3.4,Credit Card,1257
3748,2025-05-30,13:07:47,2,Riverside Mall,104,Coffee,Latte,Latte - Regular,3.75,1,3.75,Credit Card,1341
3749,2025-05-30,19:46:55,2,Riverside Mall,116,Pastry,Scone,Cranberry Scone,2.95,1,2.95,Mobile Pay,1014
3750,2025-05-30,16:27:30,1,Downtown,113,Bakery,Muffin,Blueberry Muffin,3.1,2,6.2,Credit Card,1050
3751,2025-05-30,16:08:42,4,Airport Terminal 2,113,Bakery,Muffin,Blueberry Muffin,3.1,1,3.1,Mobile Pay,1414
3752,2025-05-30,12:33:57,4,Airport Terminal 2,108,Coffee,Cold Brew,Cold Brew - Large,4.45,2,8.9,Cash,1183
3753,2025-05-31,12:25:11,4,Airport Terminal 2,106,Coffee,Cappuccino,Cappuccino - Regular,3.65,1,3.65,Credit Card,1094
3754,2025-05-31,13:44:32,4,Airport Terminal 2,115,Pastry,Cookie,Chocolate Chip Cookie,2.1,1,2.1,Credit Card,1358
3755,2025-05-31,07:25:52,4,Airport Terminal 2,113,Bakery,Muffin,Blueberry Muffin,3.1,1,3.1,Credit Card,1095
3756,2025-05-31,18:00:29,5,Lakeside Plaza,118,Merchandise,Mug,Branded Ceramic Mug,9.99,1,9.99,Credit Card,1298
3757,2025-05-31,08:20:21,3,Uptown,118,Merchandise,Mug,Branded Ceramic Mug,9.99,2,19.98,Credit Card,1245
3758,2025-05-31,19:53:31,4,Airport Terminal 2,111,Tea,Chai,Chai Latte - Regular,3.85,1,3.85,Credit Card,1012
3759,2025-05-31,11:47:34,2,Riverside Mall,118,Merchandise,Mug,Branded Ceramic Mug,9.99,1,9.99,Mobile Pay,1015
3760,2025-05-31,15:06:57,3,Uptown,104,Coffee,Latte,Latte - Regular,3.75,3,11.25,Credit Card,1198
3761,2025-05-31,14:52:08,5,Lakeside Plaza,107,Coffee,Cold Brew,Cold Brew - Regular,3.95,1,3.95,Credit Card,1441
3762,2025-05-31,16:34:34,4,Airport Terminal 2,112,Bakery,Croissant,Butter Croissant,3.25,1,3.25,Cash,1331
3763,2025-05-31,12:03:55,3,Uptown,117,Merchandise,Bag,Coffee Beans - 12oz Bag,12.5,2,25.0,Cash,1396
3764,2025-05-31,09:38:45,5,Lakeside Plaza,106,Coffee,Cappuccino,Cappuccino - Regular,3.65,2,7.3,Mobile Pay,1267
3765,2025-05-31,10:29:03,5,Lakeside Plaza,116,Pastry,Scone,Cranberry Scone,2.95,2,5.9,Cash,1328
3766,2025-05-31,06:06:46,2,Riverside Mall,107,Coffee,Cold Brew,Cold Brew - Regular,3.95,3,11.85,Credit Card,1174
3767,2025-05-31,11:40:02,1,Downtown,117,Merchandise,Bag,Coffee Beans - 12oz Bag,12.5,1,12.5,Credit Card,1087
3768,2025-05-31,14:38:22,1,Downtown,113,Bakery,Muffin,Blueberry Muffin,3.1,1,3.1,Cash,1092
3769,2025-05-31,14:52:07,2,Riverside Mall,114,Bakery,Bagel,Plain Bagel with Cream Cheese,3.4,2,6.8,Credit Card,1008
3770,2025-05-31,15:31:40,1,Downtown,101,Coffee,Brewed Coffee,Brewed Coffee - Regular,2.5,1,2.5,Mobile Pay,1069
3771,2025-05-31,14:27:08,2,Riverside Mall,113,Bakery,Muffin,Blueberry Muffin,3.1,1,3.1,Credit Card,1412
3772,2025-05-31,12:50:47,3,Uptown,108,Coffee,Cold Brew,Cold Brew - Large,4.45,2,8.9,Credit Card,1012
3773,2025-05-31,17:44:05,3,Uptown,116,Pastry,Scone,Cranberry Scone,2.95,2,5.9,Credit Card,1390
3774,2025-05-31,17:43:49,4,Airport Terminal 2,112,Bakery,Croissant,Butter Croissant,3.25,3,9.75,Cash,1130
3775,2025-05-31,17:50:13,4,Airport Terminal 2,118,Merchandise,Mug,Branded Ceramic Mug,9.99,1,9.99,Credit Card,1155
3776,2025-05-31,09:46:04,3,Uptown,108,Coffee,Cold Brew,Cold Brew - Large,4.45,1,4.45,Credit Card,1335
3777,2025-05-31,14:26:22,5,Lakeside Plaza,118,Merchandise,Mug,Branded Ceramic Mug,9.99,3,29.97,Cash,1263
3778,2025-05-31,08:18:35,3,Uptown,117,Merchandise,Bag,Coffee Beans - 12oz Bag,12.5,2,25.0,Credit Card,1117
3779,2025-05-31,18:40:10,3,Uptown,118,Merchandise,Mug,Branded Ceramic Mug,9.99,3,29.97,Credit Card,1426
3780,2025-05-31,16:33:20,4,Airport Terminal 2,113,Bakery,Muffin,Blueberry Muffin,3.1,1,3.1,Mobile Pay,1015
3781,2025-05-31,11:30:00,4,Airport Terminal 2,116,Pastry,Scone,Cranberry Scone,2.95,3,8.85,Credit Card,1311
3782,2025-06-01,09:53:41,4,Airport Terminal 2,118,Merchandise,Mug,Branded Ceramic Mug,9.99,1,9.99,Mobile Pay,1124
3783,2025-06-01,16:02:22,4,Airport Terminal 2,111,Tea,Chai,Chai Latte - Regular,3.85,1,3.85,Mobile Pay,1370
3784,2025-06-01,11:46:02,3,Uptown,102,Coffee,Brewed Coffee,Brewed Coffee - Large,2.95,1,2.95,Credit Card,1272
3785,2025-06-01,15:00:03,4,Airport Terminal 2,106,Coffee,Cappuccino,Cappuccino - Regular,3.65,1,3.65,Cash,1143
3786,2025-06-01,13:44:29,5,Lakeside Plaza,107,Coffee,Cold Brew,Cold Brew - Regular,3.95,1,3.95,Credit Card,1378
3787,2025-06-01,09:50:59,2,Riverside Mall,111,Tea,Chai,Chai Latte - Regular,3.85,1,3.85,Mobile Pay,1321
3788,2025-06-01,13:01:04,1,Downtown,108,Coffee,Cold Brew,Cold Brew - Large,4.45,1,4.45,Credit Card,1171
3789,2025-06-01,10:43:08,3,Uptown,104,Coffee,Latte,Latte - Regular,3.75,2,7.5,Cash,1325
3790,2025-06-01,14:35:06,3,Uptown,101,Coffee,Brewed Coffee,Brewed Coffee - Regular,2.5,1,2.5,Credit Card,1175
3791,2025-06-01,17:38:16,1,Downtown,105,Coffee,Latte,Latte - Large,4.25,2,8.5,Credit Card,1351
3792,2025-06-01,15:39:54,2,Riverside Mall,108,Coffee,Cold Brew,Cold Brew - Large,4.45,2,8.9,Cash,1169
3793,2025-06-01,08:42:22,1,Downtown,104,Coffee,Latte,Latte - Regular,3.75,1,3.75,Mobile Pay,1140
3794,2025-06-01,11:56:29,2,Riverside Mall,113,Bakery,Muffin,Blueberry Muffin,3.1,2,6.2,Credit Card,1076
3795,2025-06-01,16:22:07,4,Airport Terminal 2,106,Coffee,Cappuccino,Cappuccino - Regular,3.65,2,7.3,Credit Card,1268
3796,2025-06-01,08:45:43,2,Riverside Mall,117,Merchandise,Bag,Coffee Beans - 12oz Bag,12.5,1,12.5,Credit Card,1149
3797,2025-06-01,14:27:02,1,Downtown,109,Tea,Brewed Tea,Green Tea,2.75,2,5.5,Mobile Pay,1421
3798,2025-06-01,10:05:30,1,Downtown,108,Coffee,Cold Brew,Cold Brew - Large,4.45,2,8.9,Credit Card,1155
3799,2025-06-01,15:14:44,3,Uptown,111,Tea,Chai,Chai Latte - Regular,3.85,1,3.85,Mobile Pay,1016
3800,2025-06-01,12:34:54,4,Airport Terminal 2,105,Coffee,Latte,Latte - Large,4.25,1,4.25,Cash,1233
3801,2025-06-01,11:53:08,4,Airport Terminal 2,109,Tea,Brewed Tea,Green Tea,2.75,2,5.5,Credit Card,1341
3802,2025-06-02,15:48:55,3,Uptown,114,Bakery,Bagel,Plain Bagel with Cream Cheese,3.4,2,6.8,Credit Card,1389
3803,2025-06-02,15:01:32,1,Downtown,106,Coffee,Cappuccino,Cappuccino - Regular,3.65,1,3.65,Credit Card,1060
3804,2025-06-02,08:37:39,4,Airport Terminal 2,113,Bakery,Muffin,Blueberry Muffin,3.1,3,9.3,Credit Card,1217
3805,2025-06-02,09:50:54,1,Downtown,114,Bakery,Bagel,Plain Bagel with Cream Cheese,3.4,1,3.4,Credit Card,1316
3806,2025-06-02,15:03:19,1,Downtown,114,Bakery,Bagel,Plain Bagel with Cream Cheese,3.4,1,3.4,Credit Card,1364
3807,2025-06-02,08:52:08,5,Lakeside Plaza,118,Merchandise,Mug,Branded Ceramic Mug,9.99,3,29.97,Credit Card,1360
3808,2025-06-02,15:06:11,4,Airport Terminal 2,108,Coffee,Cold Brew,Cold Brew - Large,4.45,4,17.8,Credit Card,1110
3809,2025-06-02,17:33:02,2,Riverside Mall,117,Merchandise,Bag,Coffee Beans - 12oz Bag,12.5,1,12.5,Mobile Pay,1176
3810,2025-06-02,14:03:09,1,Downtown,110,Tea,Brewed Tea,Earl Grey,2.75,1,2.75,Credit Card,1417
3811,2025-06-02,07:43:09,3,Uptown,112,Bakery,Croissant,Butter Croissant,3.25,1,3.25,Credit Card,1402
3812,2025-06-02,09:30:23,1,Downtown,108,Coffee,Cold Brew,Cold Brew - Large,4.45,2,8.9,Credit Card,1226
3813,2025-06-02,08:21:18,2,Riverside Mall,103,Coffee,Espresso,Espresso Shot,2.2,1,2.2,Credit Card,1383
3814,2025-06-02,17:33:54,3,Uptown,107,Coffee,Cold Brew,Cold Brew - Regular,3.95,2,7.9,Credit Card,1331
3815,2025-06-02,09:50:05,4,Airport Terminal 2,112,Bakery,Croissant,Butter Croissant,3.25,3,9.75,Credit Card,1351
3816,2025-06-02,12:43:41,2,Riverside Mall,116,Pastry,Scone,Cranberry Scone,2.95,1,2.95,Credit Card,1008
3817,2025-06-02,18:59:29,5,Lakeside Plaza,104,Coffee,Latte,Latte - Regular,3.75,2,7.5,Mobile Pay,1199
3818,2025-06-02,17:13:54,3,Uptown,103,Coffee,Espresso,Espresso Shot,2.2,1,2.2,Mobile Pay,1057
3819,2025-06-02,15:46:32,2,Riverside Mall,103,Coffee,Espresso,Espresso Shot,2.2,1,2.2,Credit Card,1419
3820,2025-06-02,14:15:25,2,Riverside Mall,104,Coffee,Latte,Latte - Regular,3.75,1,3.75,Mobile Pay,1038
3821,2025-06-02,15:27:49,4,Airport Terminal 2,107,Coffee,Cold Brew,Cold Brew - Regular,3.95,1,3.95,Cash,1395
3822,2025-06-02,15:31:00,2,Riverside Mall,117,Merchandise,Bag,Coffee Beans - 12oz Bag,12.5,1,12.5,Credit Card,1149
3823,2025-06-02,11:12:03,5,Lakeside Plaza,103,Coffee,Espresso,Espresso Shot,2.2,1,2.2,Cash,1162
3824,2025-06-02,08:41:24,2,Riverside Mall,101,Coffee,Brewed Coffee,Brewed Coffee - Regular,2.5,2,5.0,Credit Card,1266
3825,2025-06-02,14:56:13,4,Airport Terminal 2,118,Merchandise,Mug,Branded Ceramic Mug,9.99,2,19.98,Credit Card,1158
3826,2025-06-02,14:32:25,1,Downtown,106,Coffee,Cappuccino,Cappuccino - Regular,3.65,1,3.65,Cash,1203
3827,2025-06-03,06:49:46,1,Downtown,109,Tea,Brewed Tea,Green Tea,2.75,2,5.5,Credit Card,1139
3828,2025-06-03,09:04:34,4,Airport Terminal 2,112,Bakery,Croissant,Butter Croissant,3.25,2,6.5,Credit Card,1074
3829,2025-06-03,13:02:04,4,Airport Terminal 2,118,Merchandise,Mug,Branded Ceramic Mug,9.99,3,29.97,Credit Card,1425
3830,2025-06-03,08:03:55,2,Riverside Mall,115,Pastry,Cookie,Chocolate Chip Cookie,2.1,2,4.2,Credit Card,1051
3831,2025-06-03,07:34:19,3,Uptown,113,Bakery,Muffin,Blueberry Muffin,3.1,1,3.1,Cash,1001
3832,2025-06-03,08:50:15,5,Lakeside Plaza,118,Merchandise,Mug,Branded Ceramic Mug,9.99,1,9.99,Credit Card,1394
3833,2025-06-03,17:43:24,2,Riverside Mall,103,Coffee,Espresso,Espresso Shot,2.2,1,2.2,Mobile Pay,1370
3834,2025-06-03,12:00:15,4,Airport Terminal 2,108,Coffee,Cold Brew,Cold Brew - Large,4.45,1,4.45,Credit Card,1346
3835,2025-06-03,19:47:24,1,Downtown,116,Pastry,Scone,Cranberry Scone,2.95,2,5.9,Credit Card,1238
3836,2025-06-03,14:27:30,5,Lakeside Plaza,110,Tea,Brewed Tea,Earl Grey,2.75,1,2.75,Cash,1021
3837,2025-06-03,09:45:06,2,Riverside Mall,103,Coffee,Espresso,Espresso Shot,2.2,2,4.4,Mobile Pay,1242
3838,2025-06-03,12:17:35,4,Airport Terminal 2,104,Coffee,Latte,Latte - Regular,3.75,1,3.75,Cash,1406
3839,2025-06-03,08:13:29,5,Lakeside Plaza,111,Tea,Chai,Chai Latte - Regular,3.85,1,3.85,Cash,1190
3840,2025-06-03,14:51:41,1,Downtown,103,Coffee,Espresso,Espresso Shot,2.2,1,2.2,Mobile Pay,1132
3841,2025-06-03,08:25:22,4,Airport Terminal 2,116,Pastry,Scone,Cranberry Scone,2.95,1,2.95,Cash,1421
3842,2025-06-03,12:05:15,2,Riverside Mall,115,Pastry,Cookie,Chocolate Chip Cookie,2.1,1,2.1,Credit Card,1375
3843,2025-06-03,13:48:09,1,Downtown,117,Merchandise,Bag,Coffee Beans - 12oz Bag,12.5,2,25.0,Credit Card,1123
3844,2025-06-03,08:25:48,4,Airport Terminal 2,104,Coffee,Latte,Latte - Regular,3.75,2,7.5,Credit Card,1397
3845,2025-06-03,11:31:13,2,Riverside Mall,101,Coffee,Brewed Coffee,Brewed Coffee - Regular,2.5,1,2.5,Credit Card,1100
3846,2025-06-03,15:52:02,5,Lakeside Plaza,116,Pastry,Scone,Cranberry Scone,2.95,1,2.95,Credit Card,1071
3847,2025-06-03,18:19:19,3,Uptown,113,Bakery,Muffin,Blueberry Muffin,3.1,2,6.2,Cash,1195
3848,2025-06-03,15:00:18,4,Airport Terminal 2,107,Coffee,Cold Brew,Cold Brew - Regular,3.95,4,15.8,Cash,1056
3849,2025-06-03,15:43:19,4,Airport Terminal 2,114,Bakery,Bagel,Plain Bagel with Cream Cheese,3.4,1,3.4,Cash,1343
3850,2025-06-03,13:07:38,2,Riverside Mall,110,Tea,Brewed Tea,Earl Grey,2.75,1,2.75,Credit Card,1272
3851,2025-06-03,09:01:53,2,Riverside Mall,114,Bakery,Bagel,Plain Bagel with Cream Cheese,3.4,1,3.4,Credit Card,1160
3852,2025-06-03,14:57:30,5,Lakeside Plaza,113,Bakery,Muffin,Blueberry Muffin,3.1,3,9.3,Credit Card,1110
3853,2025-06-03,06:17:34,5,Lakeside Plaza,108,Coffee,Cold Brew,Cold Brew - Large,4.45,1,4.45,Credit Card,1349
3854,2025-06-03,15:44:53,2,Riverside Mall,113,Bakery,Muffin,Blueberry Muffin,3.1,1,3.1,Credit Card,1176
3855,2025-06-04,14:10:30,2,Riverside Mall,104,Coffee,Latte,Latte - Regular,3.75,3,11.25,Credit Card,1196
3856,2025-06-04,07:58:16,2,Riverside Mall,109,Tea,Brewed Tea,Green Tea,2.75,1,2.75,Mobile Pay,1380
3857,2025-06-04,07:28:10,2,Riverside Mall,104,Coffee,Latte,Latte - Regular,3.75,1,3.75,Credit Card,1080
3858,2025-06-04,08:05:34,1,Downtown,117,Merchandise,Bag,Coffee Beans - 12oz Bag,12.5,1,12.5,Credit Card,1356
3859,2025-06-04,16:30:21,4,Airport Terminal 2,102,Coffee,Brewed Coffee,Brewed Coffee - Large,2.95,2,5.9,Credit Card,1269
3860,2025-06-04,16:30:57,5,Lakeside Plaza,109,Tea,Brewed Tea,Green Tea,2.75,1,2.75,Credit Card,1314
3861,2025-06-04,10:59:55,5,Lakeside Plaza,102,Coffee,Brewed Coffee,Brewed Coffee - Large,2.95,1,2.95,Cash,1251
3862,2025-06-04,16:50:21,3,Uptown,118,Merchandise,Mug,Branded Ceramic Mug,9.99,4,39.96,Credit Card,1182
3863,2025-06-04,14:42:06,1,Downtown,118,Merchandise,Mug,Branded Ceramic Mug,9.99,4,39.96,Credit Card,1004
3864,2025-06-04,14:43:54,4,Airport Terminal 2,107,Coffee,Cold Brew,Cold Brew - Regular,3.95,4,15.8,Credit Card,1361
3865,2025-06-04,19:12:53,2,Riverside Mall,104,Coffee,Latte,Latte - Regular,3.75,1,3.75,Credit Card,1305
3866,2025-06-04,12:11:47,3,Uptown,112,Bakery,Croissant,Butter Croissant,3.25,3,9.75,Cash,1212
3867,2025-06-04,14:13:31,5,Lakeside Plaza,110,Tea,Brewed Tea,Earl Grey,2.75,3,8.25,Cash,1259
3868,2025-06-04,13:44:45,5,Lakeside Plaza,107,Coffee,Cold Brew,Cold Brew - Regular,3.95,1,3.95,Mobile Pay,1297
3869,2025-06-04,13:10:44,1,Downtown,113,Bakery,Muffin,Blueberry Muffin,3.1,1,3.1,Credit Card,1390
3870,2025-06-04,07:31:22,1,Downtown,116,Pastry,Scone,Cranberry Scone,2.95,1,2.95,Credit Card,1349
3871,2025-06-04,09:44:12,1,Downtown,113,Bakery,Muffin,Blueberry Muffin,3.1,1,3.1,Mobile Pay,1061
3872,2025-06-04,12:55:33,2,Riverside Mall,103,Coffee,Espresso,Espresso Shot,2.2,1,2.2,Cash,1296
3873,2025-06-04,15:53:03,1,Downtown,110,Tea,Brewed Tea,Earl Grey,2.75,1,2.75,Cash,1344
3874,2025-06-04,11:49:21,3,Uptown,110,Tea,Brewed Tea,Earl Grey,2.75,1,2.75,Credit Card,1174
3875,2025-06-05,15:07:09,2,Riverside Mall,118,Merchandise,Mug,Branded Ceramic Mug,9.99,1,9.99,Mobile Pay,1142
3876,2025-06-05,08:20:49,2,Riverside Mall,105,Coffee,Latte,Latte - Large,4.25,4,17.0,Cash,1175
3877,2025-06-05,16:44:47,3,Uptown,103,Coffee,Espresso,Espresso Shot,2.2,1,2.2,Mobile Pay,1285
3878,2025-06-05,16:55:26,1,Downtown,109,Tea,Brewed Tea,Green Tea,2.75,3,8.25,Mobile Pay,1054
3879,2025-06-05,11:02:07,2,Riverside Mall,107,Coffee,Cold Brew,Cold Brew - Regular,3.95,2,7.9,Credit Card,1202
3880,2025-06-05,11:06:52,5,Lakeside Plaza,109,Tea,Brewed Tea,Green Tea,2.75,1,2.75,Credit Card,1395
3881,2025-06-05,07:24:13,3,Uptown,108,Coffee,Cold Brew,Cold Brew - Large,4.45,2,8.9,Credit Card,1308
3882,2025-06-05,13:47:21,4,Airport Terminal 2,113,Bakery,Muffin,Blueberry Muffin,3.1,2,6.2,Cash,1318
3883,2025-06-05,15:19:23,5,Lakeside Plaza,114,Bakery,Bagel,Plain Bagel with Cream Cheese,3.4,3,10.2,Credit Card,1296
3884,2025-06-05,17:02:35,2,Riverside Mall,109,Tea,Brewed Tea,Green Tea,2.75,4,11.0,Credit Card,1312
3885,2025-06-05,12:40:49,2,Riverside Mall,104,Coffee,Latte,Latte - Regular,3.75,3,11.25,Credit Card,1168
3886,2025-06-05,11:04:04,1,Downtown,114,Bakery,Bagel,Plain Bagel with Cream Cheese,3.4,3,10.2,Mobile Pay,1110
3887,2025-06-05,18:28:01,4,Airport Terminal 2,107,Coffee,Cold Brew,Cold Brew - Regular,3.95,1,3.95,Cash,1069
3888,2025-06-05,19:45:58,2,Riverside Mall,110,Tea,Brewed Tea,Earl Grey,2.75,1,2.75,Credit Card,1067
3889,2025-06-05,07:39:33,2,Riverside Mall,109,Tea,Brewed Tea,Green Tea,2.75,3,8.25,Credit Card,1429
3890,2025-06-05,15:15:11,1,Downtown,114,Bakery,Bagel,Plain Bagel with Cream Cheese,3.4,2,6.8,Credit Card,1222
3891,2025-06-05,17:06:41,1,Downtown,104,Coffee,Latte,Latte - Regular,3.75,2,7.5,Credit Card,1148
3892,2025-06-05,17:17:09,3,Uptown,118,Merchandise,Mug,Branded Ceramic Mug,9.99,2,19.98,Cash,1342
3893,2025-06-05,16:48:23,3,Uptown,108,Coffee,Cold Brew,Cold Brew - Large,4.45,1,4.45,Credit Card,1307
3894,2025-06-05,15:05:07,4,Airport Terminal 2,112,Bakery,Croissant,Butter Croissant,3.25,2,6.5,Credit Card,1263
3895,2025-06-05,12:17:00,1,Downtown,111,Tea,Chai,Chai Latte - Regular,3.85,2,7.7,Credit Card,1294
3896,2025-06-05,10:39:34,3,Uptown,116,Pastry,Scone,Cranberry Scone,2.95,2,5.9,Mobile Pay,1033
3897,2025-06-05,10:53:40,4,Airport Terminal 2,102,Coffee,Brewed Coffee,Brewed Coffee - Large,2.95,1,2.95,Credit Card,1429
3898,2025-06-05,13:52:11,1,Downtown,102,Coffee,Brewed Coffee,Brewed Coffee - Large,2.95,1,2.95,Credit Card,1038
3899,2025-06-05,14:20:24,1,Downtown,101,Coffee,Brewed Coffee,Brewed Coffee - Regular,2.5,1,2.5,Cash,1136
3900,2025-06-05,07:11:15,5,Lakeside Plaza,106,Coffee,Cappuccino,Cappuccino - Regular,3.65,1,3.65,Credit Card,1364
3901,2025-06-05,14:49:10,5,Lakeside Plaza,114,Bakery,Bagel,Plain Bagel with Cream Cheese,3.4,1,3.4,Credit Card,1119
3902,2025-06-05,13:05:53,4,Airport Terminal 2,103,Coffee,Espresso,Espresso Shot,2.2,1,2.2,Credit Card,1421
3903,2025-06-05,16:50:14,2,Riverside Mall,101,Coffee,Brewed Coffee,Brewed Coffee - Regular,2.5,2,5.0,Cash,1156
3904,2025-06-05,06:27:43,2,Riverside Mall,110,Tea,Brewed Tea,Earl Grey,2.75,1,2.75,Cash,1381
3905,2025-06-05,08:19:43,4,Airport Terminal 2,107,Coffee,Cold Brew,Cold Brew - Regular,3.95,1,3.95,Credit Card,1309
3906,2025-06-05,08:23:06,2,Riverside Mall,109,Tea,Brewed Tea,Green Tea,2.75,3,8.25,Credit Card,1377
3907,2025-06-06,15:32:27,5,Lakeside Plaza,109,Tea,Brewed Tea,Green Tea,2.75,2,5.5,Mobile Pay,1185
3908,2025-06-06,09:35:11,2,Riverside Mall,110,Tea,Brewed Tea,Earl Grey,2.75,1,2.75,Mobile Pay,1317
3909,2025-06-06,10:28:17,5,Lakeside Plaza,111,Tea,Chai,Chai Latte - Regular,3.85,1,3.85,Mobile Pay,1420
3910,2025-06-06,08:48:54,5,Lakeside Plaza,112,Bakery,Croissant,Butter Croissant,3.25,1,3.25,Mobile Pay,1267
3911,2025-06-06,17:58:30,3,Uptown,109,Tea,Brewed Tea,Green Tea,2.75,2,5.5,Cash,1443
3912,2025-06-06,16:38:55,5,Lakeside Plaza,114,Bakery,Bagel,Plain Bagel with Cream Cheese,3.4,4,13.6,Credit Card,1145
3913,2025-06-06,16:30:25,3,Uptown,104,Coffee,Latte,Latte - Regular,3.75,1,3.75,Credit Card,1132
3914,2025-06-06,08:02:48,5,Lakeside Plaza,117,Merchandise,Bag,Coffee Beans - 12oz Bag,12.5,1,12.5,Credit Card,1301
3915,2025-06-06,13:29:13,2,Riverside Mall,118,Merchandise,Mug,Branded Ceramic Mug,9.99,3,29.97,Credit Card,1145
3916,2025-06-06,14:33:27,5,Lakeside Plaza,113,Bakery,Muffin,Blueberry Muffin,3.1,1,3.1,Credit Card,1301
3917,2025-06-06,12:26:44,5,Lakeside Plaza,109,Tea,Brewed Tea,Green Tea,2.75,1,2.75,Mobile Pay,1358
3918,2025-06-06,14:05:54,1,Downtown,114,Bakery,Bagel,Plain Bagel with Cream Cheese,3.4,1,3.4,Mobile Pay,1225
3919,2025-06-06,18:13:51,1,Downtown,101,Coffee,Brewed Coffee,Brewed Coffee - Regular,2.5,1,2.5,Mobile Pay,1407
3920,2025-06-06,10:30:53,4,Airport Terminal 2,104,Coffee,Latte,Latte - Regular,3.75,1,3.75,Credit Card,1221
3921,2025-06-06,07:46:32,1,Downtown,111,Tea,Chai,Chai Latte - Regular,3.85,1,3.85,Credit Card,1010
3922,2025-06-06,14:16:36,4,Airport Terminal 2,116,Pastry,Scone,Cranberry Scone,2.95,3,8.85,Cash,1349
3923,2025-06-06,18:23:39,3,Uptown,107,Coffee,Cold Brew,Cold Brew - Regular,3.95,3,11.85,Credit Card,1222
3924,2025-06-06,17:59:17,3,Uptown,101,Coffee,Brewed Coffee,Brewed Coffee - Regular,2.5,1,2.5,Credit Card,1008
3925,2025-06-06,16:36:50,4,Airport Terminal 2,114,Bakery,Bagel,Plain Bagel with Cream Cheese,3.4,3,10.2,Credit Card,1248
3926,2025-06-06,16:47:57,1,Downtown,105,Coffee,Latte,Latte - Large,4.25,1,4.25,Mobile Pay,1091
3927,2025-06-06,12:44:34,4,Airport Terminal 2,103,Coffee,Espresso,Espresso Shot,2.2,1,2.2,Mobile Pay,1169
3928,2025-06-06,18:54:08,1,Downtown,110,Tea,Brewed Tea,Earl Grey,2.75,1,2.75,Credit Card,1441
3929,2025-06-06,10:45:31,2,Riverside Mall,118,Merchandise,Mug,Branded Ceramic Mug,9.99,1,9.99,Mobile Pay,1088
3930,2025-06-06,19:04:40,3,Uptown,117,Merchandise,Bag,Coffee Beans - 12oz Bag,12.5,1,12.5,Credit Card,1387
3931,2025-06-07,15:26:55,3,Uptown,108,Coffee,Cold Brew,Cold Brew - Large,4.45,1,4.45,Credit Card,1026
3932,2025-06-07,13:14:01,2,Riverside Mall,111,Tea,Chai,Chai Latte - Regular,3.85,2,7.7,Cash,1043
3933,2025-06-07,12:36:24,1,Downtown,105,Coffee,Latte,Latte - Large,4.25,2,8.5,Mobile Pay,1043
3934,2025-06-07,06:18:41,5,Lakeside Plaza,107,Coffee,Cold Brew,Cold Brew - Regular,3.95,3,11.85,Credit Card,1440
3935,2025-06-07,10:24:48,4,Airport Terminal 2,115,Pastry,Cookie,Chocolate Chip Cookie,2.1,1,2.1,Credit Card,1110
3936,2025-06-07,07:12:47,4,Airport Terminal 2,105,Coffee,Latte,Latte - Large,4.25,1,4.25,Credit Card,1129
3937,2025-06-07,14:16:25,3,Uptown,107,Coffee,Cold Brew,Cold Brew - Regular,3.95,1,3.95,Credit Card,1306
3938,2025-06-07,08:04:43,2,Riverside Mall,108,Coffee,Cold Brew,Cold Brew - Large,4.45,4,17.8,Credit Card,1100
3939,2025-06-07,07:45:53,4,Airport Terminal 2,114,Bakery,Bagel,Plain Bagel with Cream Cheese,3.4,2,6.8,Credit Card,1024
3940,2025-06-07,17:19:17,2,Riverside Mall,104,Coffee,Latte,Latte - Regular,3.75,3,11.25,Credit Card,1236
3941,2025-06-07,15:56:08,4,Airport Terminal 2,106,Coffee,Cappuccino,Cappuccino - Regular,3.65,1,3.65,Credit Card,1200
3942,2025-06-07,13:57:58,3,Uptown,102,Coffee,Brewed Coffee,Brewed Coffee - Large,2.95,1,2.95,Credit Card,1309
3943,2025-06-07,15:49:54,4,Airport Terminal 2,109,Tea,Brewed Tea,Green Tea,2.75,1,2.75,Credit Card,1139
3944,2025-06-07,16:45:21,2,Riverside Mall,110,Tea,Brewed Tea,Earl Grey,2.75,1,2.75,Mobile Pay,1181
3945,2025-06-07,16:56:52,4,Airport Terminal 2,115,Pastry,Cookie,Chocolate Chip Cookie,2.1,3,6.3,Mobile Pay,1385
3946,2025-06-07,12:35:30,4,Airport Terminal 2,113,Bakery,Muffin,Blueberry Muffin,3.1,1,3.1,Mobile Pay,1135
3947,2025-06-07,12:22:05,1,Downtown,116,Pastry,Scone,Cranberry Scone,2.95,1,2.95,Credit Card,1227
3948,2025-06-07,07:48:30,3,Uptown,103,Coffee,Espresso,Espresso Shot,2.2,2,4.4,Mobile Pay,1333
3949,2025-06-07,16:41:45,1,Downtown,102,Coffee,Brewed Coffee,Brewed Coffee - Large,2.95,1,2.95,Credit Card,1435
3950,2025-06-07,11:22:46,1,Downtown,114,Bakery,Bagel,Plain Bagel with Cream Cheese,3.4,1,3.4,Credit Card,1123
3951,2025-06-07,09:51:21,3,Uptown,111,Tea,Chai,Chai Latte - Regular,3.85,2,7.7,Credit Card,1216
3952,2025-06-07,17:55:43,3,Uptown,106,Coffee,Cappuccino,Cappuccino - Regular,3.65,1,3.65,Credit Card,1210
3953,2025-06-07,16:02:16,1,Downtown,101,Coffee,Brewed Coffee,Brewed Coffee - Regular,2.5,1,2.5,Mobile Pay,1437
3954,2025-06-07,07:15:52,1,Downtown,103,Coffee,Espresso,Espresso Shot,2.2,1,2.2,Credit Card,1385
3955,2025-06-07,07:44:48,4,Airport Terminal 2,103,Coffee,Espresso,Espresso Shot,2.2,1,2.2,Credit Card,1290
3956,2025-06-07,19:05:35,4,Airport Terminal 2,111,Tea,Chai,Chai Latte - Regular,3.85,1,3.85,Credit Card,1162
3957,2025-06-07,11:04:19,4,Airport Terminal 2,109,Tea,Brewed Tea,Green Tea,2.75,2,5.5,Credit Card,1240
3958,2025-06-07,14:41:26,1,Downtown,117,Merchandise,Bag,Coffee Beans - 12oz Bag,12.5,1,12.5,Cash,1342
3959,2025-06-08,11:41:54,4,Airport Terminal 2,114,Bakery,Bagel,Plain Bagel with Cream Cheese,3.4,2,6.8,Credit Card,1196
3960,2025-06-08,15:45:08,2,Riverside Mall,101,Coffee,Brewed Coffee,Brewed Coffee - Regular,2.5,1,2.5,Mobile Pay,1175
3961,2025-06-08,06:41:39,5,Lakeside Plaza,112,Bakery,Croissant,Butter Croissant,3.25,1,3.25,Cash,1367
3962,2025-06-08,06:11:36,2,Riverside Mall,108,Coffee,Cold Brew,Cold Brew - Large,4.45,2,8.9,Credit Card,1254
3963,2025-06-08,10:53:30,3,Uptown,101,Coffee,Brewed Coffee,Brewed Coffee - Regular,2.5,2,5.0,Credit Card,1319
3964,2025-06-08,07:03:22,2,Riverside Mall,105,Coffee,Latte,Latte - Large,4.25,1,4.25,Cash,1448
3965,2025-06-08,07:31:19,4,Airport Terminal 2,113,Bakery,Muffin,Blueberry Muffin,3.1,1,3.1,Credit Card,1124
3966,2025-06-08,09:46:47,5,Lakeside Plaza,103,Coffee,Espresso,Espresso Shot,2.2,1,2.2,Credit Card,1085
3967,2025-06-08,16:00:12,3,Uptown,110,Tea,Brewed Tea,Earl Grey,2.75,1,2.75,Credit Card,1134
3968,2025-06-08,17:14:50,1,Downtown,106,Coffee,Cappuccino,Cappuccino - Regular,3.65,1,3.65,Credit Card,1330
3969,2025-06-08,13:47:43,3,Uptown,103,Coffee,Espresso,Espresso Shot,2.2,2,4.4,Credit Card,1440
3970,2025-06-08,12:06:13,3,Uptown,116,Pastry,Scone,Cranberry Scone,2.95,1,2.95,Mobile Pay,1104
3971,2025-06-08,15:00:09,1,Downtown,117,Merchandise,Bag,Coffee Beans - 12oz Bag,12.5,1,12.5,Cash,1191
3972,2025-06-08,13:05:22,4,Airport Terminal 2,111,Tea,Chai,Chai Latte - Regular,3.85,1,3.85,Mobile Pay,1318
3973,2025-06-08,14:44:07,5,Lakeside Plaza,112,Bakery,Croissant,Butter Croissant,3.25,1,3.25,Credit Card,1308
3974,2025-06-08,16:33:19,5,Lakeside Plaza,102,Coffee,Brewed Coffee,Brewed Coffee - Large,2.95,2,5.9,Mobile Pay,1346
3975,2025-06-08,18:35:24,1,Downtown,106,Coffee,Cappuccino,Cappuccino - Regular,3.65,1,3.65,Credit Card,1413
3976,2025-06-08,12:48:39,1,Downtown,113,Bakery,Muffin,Blueberry Muffin,3.1,1,3.1,Credit Card,1275
3977,2025-06-08,10:48:36,1,Downtown,108,Coffee,Cold Brew,Cold Brew - Large,4.45,1,4.45,Mobile Pay,1366
3978,2025-06-08,18:04:52,1,Downtown,107,Coffee,Cold Brew,Cold Brew - Regular,3.95,1,3.95,Cash,1197
3979,2025-06-08,10:10:06,2,Riverside Mall,106,Coffee,Cappuccino,Cappuccino - Regular,3.65,2,7.3,Credit Card,1448
3980,2025-06-08,19:54:03,4,Airport Terminal 2,108,Coffee,Cold Brew,Cold Brew - Large,4.45,2,8.9,Mobile Pay,1376
3981,2025-06-08,13:09:30,2,Riverside Mall,103,Coffee,Espresso,Espresso Shot,2.2,3,6.6,Cash,1151
3982,2025-06-08,15:05:12,1,Downtown,110,Tea,Brewed Tea,Earl Grey,2.75,1,2.75,Mobile Pay,1170
3983,2025-06-08,08:03:04,3,Uptown,112,Bakery,Croissant,Butter Croissant,3.25,1,3.25,Cash,1019
3984,2025-06-08,06:28:34,3,Uptown,110,Tea,Brewed Tea,Earl Grey,2.75,1,2.75,Cash,1364
3985,2025-06-08,11:35:19,1,Downtown,114,Bakery,Bagel,Plain Bagel with Cream Cheese,3.4,2,6.8,Credit Card,1160
3986,2025-06-08,09:51:19,4,Airport Terminal 2,114,Bakery,Bagel,Plain Bagel with Cream Cheese,3.4,1,3.4,Cash,1155
3987,2025-06-08,14:06:09,5,Lakeside Plaza,106,Coffee,Cappuccino,Cappuccino - Regular,3.65,1,3.65,Mobile Pay,1314
3988,2025-06-09,08:26:19,3,Uptown,111,Tea,Chai,Chai Latte - Regular,3.85,2,7.7,Mobile Pay,1316
3989,2025-06-09,12:06:58,1,Downtown,101,Coffee,Brewed Coffee,Brewed Coffee - Regular,2.5,2,5.0,Mobile Pay,1195
3990,2025-06-09,06:57:48,4,Airport Terminal 2,103,Coffee,Espresso,Espresso Shot,2.2,3,6.6,Credit Card,1435
3991,2025-06-09,08:16:08,5,Lakeside Plaza,105,Coffee,Latte,Latte - Large,4.25,2,8.5,Credit Card,1063
3992,2025-06-09,16:59:08,2,Riverside Mall,114,Bakery,Bagel,Plain Bagel with Cream Cheese,3.4,1,3.4,Credit Card,1042
3993,2025-06-09,17:25:10,4,Airport Terminal 2,112,Bakery,Croissant,Butter Croissant,3.25,2,6.5,Mobile Pay,1195
3994,2025-06-09,18:01:33,5,Lakeside Plaza,113,Bakery,Muffin,Blueberry Muffin,3.1,1,3.1,Credit Card,1138
3995,2025-06-09,06:36:14,1,Downtown,101,Coffee,Brewed Coffee,Brewed Coffee - Regular,2.5,1,2.5,Credit Card,1409
3996,2025-06-09,08:08:35,3,Uptown,116,Pastry,Scone,Cranberry Scone,2.95,2,5.9,Credit Card,1025
3997,2025-06-09,07:41:42,2,Riverside Mall,105,Coffee,Latte,Latte - Large,4.25,1,4.25,Credit Card,1432
3998,2025-06-09,15:16:51,3,Uptown,116,Pastry,Scone,Cranberry Scone,2.95,1,2.95,Mobile Pay,1237
3999,2025-06-09,07:21:11,2,Riverside Mall,112,Bakery,Croissant,Butter Croissant,3.25,3,9.75,Cash,1415
4000,2025-06-09,15:09:58,5,Lakeside Plaza,101,Coffee,Brewed Coffee,Brewed Coffee - Regular,2.5,2,5.0,Credit Card,1264
4001,2025-06-09,09:01:11,4,Airport Terminal 2,102,Coffee,Brewed Coffee,Brewed Coffee - Large,2.95,2,5.9,Cash,1425
4002,2025-06-09,15:54:19,1,Downtown,114,Bakery,Bagel,Plain Bagel with Cream Cheese,3.4,3,10.2,Credit Card,1134
4003,2025-06-09,07:37:01,4,Airport Terminal 2,111,Tea,Chai,Chai Latte - Regular,3.85,1,3.85,Credit Card,1042
4004,2025-06-09,10:25:44,5,Lakeside Plaza,117,Merchandise,Bag,Coffee Beans - 12oz Bag,12.5,1,12.5,Cash,1018
4005,2025-06-09,14:22:27,4,Airport Terminal 2,111,Tea,Chai,Chai Latte - Regular,3.85,2,7.7,Credit Card,1112
4006,2025-06-09,13:32:28,4,Airport Terminal 2,117,Merchandise,Bag,Coffee Beans - 12oz Bag,12.5,2,25.0,Credit Card,1195
4007,2025-06-09,07:24:42,5,Lakeside Plaza,108,Coffee,Cold Brew,Cold Brew - Large,4.45,4,17.8,Credit Card,1213
4008,2025-06-09,17:06:51,2,Riverside Mall,101,Coffee,Brewed Coffee,Brewed Coffee - Regular,2.5,2,5.0,Credit Card,1099
4009,2025-06-09,12:37:17,1,Downtown,109,Tea,Brewed Tea,Green Tea,2.75,2,5.5,Mobile Pay,1228
4010,2025-06-09,09:01:13,1,Downtown,101,Coffee,Brewed Coffee,Brewed Coffee - Regular,2.5,1,2.5,Credit Card,1389
4011,2025-06-09,14:48:20,3,Uptown,117,Merchandise,Bag,Coffee Beans - 12oz Bag,12.5,2,25.0,Cash,1286
4012,2025-06-09,10:37:45,5,Lakeside Plaza,110,Tea,Brewed Tea,Earl Grey,2.75,2,5.5,Credit Card,1132
4013,2025-06-09,18:14:19,5,Lakeside Plaza,102,Coffee,Brewed Coffee,Brewed Coffee - Large,2.95,1,2.95,Credit Card,1287
4014,2025-06-09,18:26:30,3,Uptown,103,Coffee,Espresso,Espresso Shot,2.2,1,2.2,Mobile Pay,1028
4015,2025-06-10,14:25:31,2,Riverside Mall,105,Coffee,Latte,Latte - Large,4.25,1,4.25,Credit Card,1284
4016,2025-06-10,11:40:33,5,Lakeside Plaza,117,Merchandise,Bag,Coffee Beans - 12oz Bag,12.5,2,25.0,Mobile Pay,1211
4017,2025-06-10,15:09:37,3,Uptown,113,Bakery,Muffin,Blueberry Muffin,3.1,3,9.3,Mobile Pay,1188
4018,2025-06-10,17:10:33,5,Lakeside Plaza,106,Coffee,Cappuccino,Cappuccino - Regular,3.65,3,10.95,Credit Card,1367
4019,2025-06-10,13:09:15,1,Downtown,104,Coffee,Latte,Latte - Regular,3.75,1,3.75,Credit Card,1021
4020,2025-06-10,10:34:46,5,Lakeside Plaza,117,Merchandise,Bag,Coffee Beans - 12oz Bag,12.5,1,12.5,Credit Card,1425
4021,2025-06-10,13:39:25,4,Airport Terminal 2,116,Pastry,Scone,Cranberry Scone,2.95,1,2.95,Credit Card,1410
4022,2025-06-10,15:36:20,4,Airport Terminal 2,109,Tea,Brewed Tea,Green Tea,2.75,2,5.5,Credit Card,1243
4023,2025-06-10,11:12:05,1,Downtown,108,Coffee,Cold Brew,Cold Brew - Large,4.45,3,13.35,Mobile Pay,1165
4024,2025-06-10,17:44:39,3,Uptown,106,Coffee,Cappuccino,Cappuccino - Regular,3.65,1,3.65,Credit Card,1275
4025,2025-06-10,18:04:45,3,Uptown,103,Coffee,Espresso,Espresso Shot,2.2,2,4.4,Credit Card,1269
4026,2025-06-10,12:48:07,2,Riverside Mall,114,Bakery,Bagel,Plain Bagel with Cream Cheese,3.4,2,6.8,Cash,1333
4027,2025-06-10,12:21:14,5,Lakeside Plaza,116,Pastry,Scone,Cranberry Scone,2.95,1,2.95,Credit Card,1208
4028,2025-06-10,15:49:41,3,Uptown,103,Coffee,Espresso,Espresso Shot,2.2,1,2.2,Credit Card,1057
4029,2025-06-10,14:15:59,4,Airport Terminal 2,117,Merchandise,Bag,Coffee Beans - 12oz Bag,12.5,2,25.0,Cash,1414
4030,2025-06-10,15:52:11,2,Riverside Mall,112,Bakery,Croissant,Butter Croissant,3.25,1,3.25,Credit Card,1056
4031,2025-06-10,07:47:20,2,Riverside Mall,102,Coffee,Brewed Coffee,Brewed Coffee - Large,2.95,1,2.95,Credit Card,1333
4032,2025-06-10,08:33:17,2,Riverside Mall,109,Tea,Brewed Tea,Green Tea,2.75,2,5.5,Credit Card,1405
4033,2025-06-10,12:26:35,3,Uptown,106,Coffee,Cappuccino,Cappuccino - Regular,3.65,1,3.65,Credit Card,1321
4034,2025-06-10,14:03:05,3,Uptown,114,Bakery,Bagel,Plain Bagel with Cream Cheese,3.4,2,6.8,Credit Card,1447
4035,2025-06-10,06:13:12,1,Downtown,109,Tea,Brewed Tea,Green Tea,2.75,3,8.25,Cash,1283
4036,2025-06-10,12:15:23,3,Uptown,108,Coffee,Cold Brew,Cold Brew - Large,4.45,2,8.9,Credit Card,1269
4037,2025-06-10,17:20:16,4,Airport Terminal 2,104,Coffee,Latte,Latte - Regular,3.75,1,3.75,Credit Card,1008
4038,2025-06-11,07:56:27,2,Riverside Mall,113,Bakery,Muffin,Blueberry Muffin,3.1,1,3.1,Mobile Pay,1136
4039,2025-06-11,13:03:40,4,Airport Terminal 2,105,Coffee,Latte,Latte - Large,4.25,1,4.25,Credit Card,1105
4040,2025-06-11,08:44:09,3,Uptown,103,Coffee,Espresso,Espresso Shot,2.2,2,4.4,Mobile Pay,1420
4041,2025-06-11,15:59:43,4,Airport Terminal 2,115,Pastry,Cookie,Chocolate Chip Cookie,2.1,1,2.1,Credit Card,1256
4042,2025-06-11,19:56:56,1,Downtown,106,Coffee,Cappuccino,Cappuccino - Regular,3.65,3,10.95,Credit Card,1164
4043,2025-06-11,09:01:43,2,Riverside Mall,118,Merchandise,Mug,Branded Ceramic Mug,9.99,1,9.99,Mobile Pay,1174
4044,2025-06-11,07:10:24,5,Lakeside Plaza,105,Coffee,Latte,Latte - Large,4.25,1,4.25,Credit Card,1133
4045,2025-06-11,11:41:32,5,Lakeside Plaza,112,Bakery,Croissant,Butter Croissant,3.25,1,3.25,Credit Card,1383
4046,2025-06-11,14:53:01,4,Airport Terminal 2,118,Merchandise,Mug,Branded Ceramic Mug,9.99,2,19.98,Credit Card,1425
4047,2025-06-11,14:04:29,5,Lakeside Plaza,104,Coffee,Latte,Latte - Regular,3.75,1,3.75,Cash,1189
4048,2025-06-11,09:50:19,5,Lakeside Plaza,109,Tea,Brewed Tea,Green Tea,2.75,2,5.5,Credit Card,1084
4049,2025-06-11,17:39:34,1,Downtown,114,Bakery,Bagel,Plain Bagel with Cream Cheese,3.4,1,3.4,Credit Card,1388
4050,2025-06-11,15:21:42,2,Riverside Mall,117,Merchandise,Bag,Coffee Beans - 12oz Bag,12.5,1,12.5,Credit Card,1139
4051,2025-06-11,11:20:37,4,Airport Terminal 2,112,Bakery,Croissant,Butter Croissant,3.25,3,9.75,Cash,1246
4052,2025-06-11,15:16:41,3,Uptown,110,Tea,Brewed Tea,Earl Grey,2.75,2,5.5,Credit Card,1107
4053,2025-06-11,19:27:34,3,Uptown,108,Coffee,Cold Brew,Cold Brew - Large,4.45,1,4.45,Cash,1252
4054,2025-06-11,18:46:00,4,Airport Terminal 2,106,Coffee,Cappuccino,Cappuccino - Regular,3.65,2,7.3,Mobile Pay,1136
4055,2025-06-11,11:44:15,1,Downtown,116,Pastry,Scone,Cranberry Scone,2.95,1,2.95,Credit Card,1057
4056,2025-06-11,12:03:42,3,Uptown,115,Pastry,Cookie,Chocolate Chip Cookie,2.1,1,2.1,Mobile Pay,1063
4057,2025-06-11,12:14:49,3,Uptown,115,Pastry,Cookie,Chocolate Chip Cookie,2.1,1,2.1,Credit Card,1134
4058,2025-06-11,15:30:08,1,Downtown,109,Tea,Brewed Tea,Green Tea,2.75,1,2.75,Credit Card,1187
4059,2025-06-11,11:06:14,5,Lakeside Plaza,111,Tea,Chai,Chai Latte - Regular,3.85,1,3.85,Mobile Pay,1331
4060,2025-06-11,07:34:21,4,Airport Terminal 2,110,Tea,Brewed Tea,Earl Grey,2.75,3,8.25,Credit Card,1191
4061,2025-06-11,08:55:09,5,Lakeside Plaza,111,Tea,Chai,Chai Latte - Regular,3.85,1,3.85,Credit Card,1190
4062,2025-06-11,13:38:19,1,Downtown,112,Bakery,Croissant,Butter Croissant,3.25,2,6.5,Mobile Pay,1185
4063,2025-06-11,11:09:50,1,Downtown,114,Bakery,Bagel,Plain Bagel with Cream Cheese,3.4,3,10.2,Mobile Pay,1271
4064,2025-06-11,15:26:10,3,Uptown,104,Coffee,Latte,Latte - Regular,3.75,1,3.75,Credit Card,1379
4065,2025-06-12,06:01:29,3,Uptown,115,Pastry,Cookie,Chocolate Chip Cookie,2.1,1,2.1,Mobile Pay,1205
4066,2025-06-12,09:31:42,4,Airport Terminal 2,104,Coffee,Latte,Latte - Regular,3.75,1,3.75,Mobile Pay,1368
4067,2025-06-12,08:22:45,2,Riverside Mall,110,Tea,Brewed Tea,Earl Grey,2.75,1,2.75,Mobile Pay,1174
4068,2025-06-12,13:18:23,5,Lakeside Plaza,107,Coffee,Cold Brew,Cold Brew - Regular,3.95,2,7.9,Cash,1206
4069,2025-06-12,08:52:24,4,Airport Terminal 2,101,Coffee,Brewed Coffee,Brewed Coffee - Regular,2.5,1,2.5,Credit Card,1039
4070,2025-06-12,14:02:48,5,Lakeside Plaza,101,Coffee,Brewed Coffee,Brewed Coffee - Regular,2.5,1,2.5,Cash,1383
4071,2025-06-12,14:41:17,4,Airport Terminal 2,115,Pastry,Cookie,Chocolate Chip Cookie,2.1,1,2.1,Credit Card,1250
4072,2025-06-12,18:20:20,5,Lakeside Plaza,106,Coffee,Cappuccino,Cappuccino - Regular,3.65,2,7.3,Mobile Pay,1203
4073,2025-06-12,15:23:37,2,Riverside Mall,104,Coffee,Latte,Latte - Regular,3.75,2,7.5,Credit Card,1121
4074,2025-06-12,12:43:15,5,Lakeside Plaza,114,Bakery,Bagel,Plain Bagel with Cream Cheese,3.4,1,3.4,Mobile Pay,1101
4075,2025-06-12,11:43:50,4,Airport Terminal 2,108,Coffee,Cold Brew,Cold Brew - Large,4.45,1,4.45,Credit Card,1269
4076,2025-06-12,07:08:08,1,Downtown,116,Pastry,Scone,Cranberry Scone,2.95,1,2.95,Credit Card,1109
4077,2025-06-12,09:22:52,1,Downtown,107,Coffee,Cold Brew,Cold Brew - Regular,3.95,1,3.95,Credit Card,1099
4078,2025-06-12,08:38:29,1,Downtown,109,Tea,Brewed Tea,Green Tea,2.75,3,8.25,Cash,1158
4079,2025-06-12,12:54:43,3,Uptown,108,Coffee,Cold Brew,Cold Brew - Large,4.45,3,13.35,Credit Card,1160
4080,2025-06-12,12:52:56,5,Lakeside Plaza,114,Bakery,Bagel,Plain Bagel with Cream Cheese,3.4,1,3.4,Credit Card,1355
4081,2025-06-12,15:54:57,1,Downtown,107,Coffee,Cold Brew,Cold Brew - Regular,3.95,2,7.9,Cash,1340
4082,2025-06-12,16:49:40,4,Airport Terminal 2,108,Coffee,Cold Brew,Cold Brew - Large,4.45,1,4.45,Credit Card,1186
4083,2025-06-12,16:32:11,2,Riverside Mall,113,Bakery,Muffin,Blueberry Muffin,3.1,4,12.4,Cash,1175
4084,2025-06-12,17:30:51,4,Airport Terminal 2,108,Coffee,Cold Brew,Cold Brew - Large,4.45,1,4.45,Credit Card,1135
4085,2025-06-12,17:55:48,1,Downtown,105,Coffee,Latte,Latte - Large,4.25,1,4.25,Mobile Pay,1219
4086,2025-06-12,16:43:08,1,Downtown,103,Coffee,Espresso,Espresso Shot,2.2,4,8.8,Mobile Pay,1407
4087,2025-06-12,14:10:20,1,Downtown,109,Tea,Brewed Tea,Green Tea,2.75,3,8.25,Credit Card,1412
4088,2025-06-12,16:34:36,1,Downtown,116,Pastry,Scone,Cranberry Scone,2.95,2,5.9,Mobile Pay,1075
4089,2025-06-12,11:48:48,5,Lakeside Plaza,110,Tea,Brewed Tea,Earl Grey,2.75,1,2.75,Credit Card,1135
4090,2025-06-12,17:44:13,3,Uptown,113,Bakery,Muffin,Blueberry Muffin,3.1,1,3.1,Mobile Pay,1351
4091,2025-06-12,17:07:33,3,Uptown,110,Tea,Brewed Tea,Earl Grey,2.75,1,2.75,Credit Card,1395
4092,2025-06-12,08:58:28,3,Uptown,103,Coffee,Espresso,Espresso Shot,2.2,1,2.2,Credit Card,1009
4093,2025-06-12,08:52:41,2,Riverside Mall,102,Coffee,Brewed Coffee,Brewed Coffee - Large,2.95,2,5.9,Credit Card,1051
4094,2025-06-12,16:46:27,2,Riverside Mall,115,Pastry,Cookie,Chocolate Chip Cookie,2.1,1,2.1,Cash,1399
4095,2025-06-13,18:16:24,3,Uptown,116,Pastry,Scone,Cranberry Scone,2.95,2,5.9,Cash,1084
4096,2025-06-13,14:15:12,1,Downtown,109,Tea,Brewed Tea,Green Tea,2.75,1,2.75,Mobile Pay,1136
4097,2025-06-13,08:10:34,1,Downtown,104,Coffee,Latte,Latte - Regular,3.75,1,3.75,Cash,1199
4098,2025-06-13,12:49:25,1,Downtown,117,Merchandise,Bag,Coffee Beans - 12oz Bag,12.5,3,37.5,Mobile Pay,1239
4099,2025-06-13,19:42:42,1,Downtown,101,Coffee,Brewed Coffee,Brewed Coffee - Regular,2.5,1,2.5,Mobile Pay,1055
4100,2025-06-13,11:47:38,2,Riverside Mall,115,Pastry,Cookie,Chocolate Chip Cookie,2.1,1,2.1,Credit Card,1247
4101,2025-06-13,14:11:06,4,Airport Terminal 2,103,Coffee,Espresso,Espresso Shot,2.2,1,2.2,Credit Card,1021
4102,2025-06-13,11:03:42,5,Lakeside Plaza,117,Merchandise,Bag,Coffee Beans - 12oz Bag,12.5,1,12.5,Credit Card,1256
4103,2025-06-13,07:56:52,5,Lakeside Plaza,108,Coffee,Cold Brew,Cold Brew - Large,4.45,2,8.9,Mobile Pay,1198
4104,2025-06-13,09:27:29,3,Uptown,113,Bakery,Muffin,Blueberry Muffin,3.1,1,3.1,Credit Card,1301
4105,2025-06-13,10:57:43,4,Airport Terminal 2,102,Coffee,Brewed Coffee,Brewed Coffee - Large,2.95,2,5.9,Credit Card,1311
4106,2025-06-13,16:36:02,4,Airport Terminal 2,109,Tea,Brewed Tea,Green Tea,2.75,4,11.0,Credit Card,1368
4107,2025-06-13,09:08:21,4,Airport Terminal 2,101,Coffee,Brewed Coffee,Brewed Coffee - Regular,2.5,2,5.0,Credit Card,1058
4108,2025-06-13,15:07:35,5,Lakeside Plaza,115,Pastry,Cookie,Chocolate Chip Cookie,2.1,1,2.1,Credit Card,1442
4109,2025-06-13,08:34:09,5,Lakeside Plaza,104,Coffee,Latte,Latte - Regular,3.75,1,3.75,Mobile Pay,1237
4110,2025-06-13,08:21:59,4,Airport Terminal 2,109,Tea,Brewed Tea,Green Tea,2.75,1,2.75,Credit Card,1306
4111,2025-06-13,15:21:10,4,Airport Terminal 2,105,Coffee,Latte,Latte - Large,4.25,1,4.25,Cash,1001
4112,2025-06-13,13:59:48,1,Downtown,114,Bakery,Bagel,Plain Bagel with Cream Cheese,3.4,1,3.4,Credit Card,1362
4113,2025-06-13,13:09:55,3,Uptown,109,Tea,Brewed Tea,Green Tea,2.75,2,5.5,Credit Card,1308
4114,2025-06-13,09:32:52,3,Uptown,118,Merchandise,Mug,Branded Ceramic Mug,9.99,1,9.99,Mobile Pay,1349
4115,2025-06-13,11:28:15,1,Downtown,101,Coffee,Brewed Coffee,Brewed Coffee - Regular,2.5,3,7.5,Mobile Pay,1167
4116,2025-06-13,10:16:24,4,Airport Terminal 2,110,Tea,Brewed Tea,Earl Grey,2.75,1,2.75,Credit Card,1395
4117,2025-06-13,06:10:47,3,Uptown,104,Coffee,Latte,Latte - Regular,3.75,1,3.75,Mobile Pay,1024
4118,2025-06-13,17:15:12,1,Downtown,105,Coffee,Latte,Latte - Large,4.25,1,4.25,Credit Card,1169
4119,2025-06-13,13:00:59,5,Lakeside Plaza,116,Pastry,Scone,Cranberry Scone,2.95,1,2.95,Mobile Pay,1413
4120,2025-06-13,07:59:31,5,Lakeside Plaza,115,Pastry,Cookie,Chocolate Chip Cookie,2.1,1,2.1,Credit Card,1248
4121,2025-06-13,10:32:28,2,Riverside Mall,102,Coffee,Brewed Coffee,Brewed Coffee - Large,2.95,3,8.85,Credit Card,1293
4122,2025-06-13,17:44:24,2,Riverside Mall,109,Tea,Brewed Tea,Green Tea,2.75,1,2.75,Mobile Pay,1047
4123,2025-06-13,16:48:40,3,Uptown,118,Merchandise,Mug,Branded Ceramic Mug,9.99,2,19.98,Credit Card,1302
4124,2025-06-13,11:16:07,2,Riverside Mall,115,Pastry,Cookie,Chocolate Chip Cookie,2.1,2,4.2,Mobile Pay,1232
4125,2025-06-14,16:27:54,4,Airport Terminal 2,115,Pastry,Cookie,Chocolate Chip Cookie,2.1,1,2.1,Credit Card,1198
4126,2025-06-14,18:41:53,3,Uptown,111,Tea,Chai,Chai Latte - Regular,3.85,2,7.7,Mobile Pay,1300
4127,2025-06-14,16:40:48,4,Airport Terminal 2,108,Coffee,Cold Brew,Cold Brew - Large,4.45,1,4.45,Cash,1121
4128,2025-06-14,09:50:26,2,Riverside Mall,106,Coffee,Cappuccino,Cappuccino - Regular,3.65,2,7.3,Credit Card,1369
4129,2025-06-14,17:16:55,3,Uptown,116,Pastry,Scone,Cranberry Scone,2.95,1,2.95,Cash,1399
4130,2025-06-14,17:54:02,5,Lakeside Plaza,109,Tea,Brewed Tea,Green Tea,2.75,1,2.75,Mobile Pay,1358
4131,2025-06-14,16:34:05,4,Airport Terminal 2,107,Coffee,Cold Brew,Cold Brew - Regular,3.95,4,15.8,Cash,1198
4132,2025-06-14,08:03:29,3,Uptown,110,Tea,Brewed Tea,Earl Grey,2.75,1,2.75,Credit Card,1434
4133,2025-06-14,16:26:53,3,Uptown,110,Tea,Brewed Tea,Earl Grey,2.75,1,2.75,Cash,1055
4134,2025-06-14,11:56:28,5,Lakeside Plaza,116,Pastry,Scone,Cranberry Scone,2.95,1,2.95,Credit Card,1344
4135,2025-06-14,12:32:36,4,Airport Terminal 2,111,Tea,Chai,Chai Latte - Regular,3.85,2,7.7,Cash,1077
4136,2025-06-14,09:21:17,5,Lakeside Plaza,107,Coffee,Cold Brew,Cold Brew - Regular,3.95,3,11.85,Cash,1348
4137,2025-06-14,14:16:43,2,Riverside Mall,101,Coffee,Brewed Coffee,Brewed Coffee - Regular,2.5,1,2.5,Credit Card,1439
4138,2025-06-14,16:24:46,4,Airport Terminal 2,101,Coffee,Brewed Coffee,Brewed Coffee - Regular,2.5,1,2.5,Cash,1305
4139,2025-06-14,09:08:59,4,Airport Terminal 2,103,Coffee,Espresso,Espresso Shot,2.2,1,2.2,Credit Card,1280
4140,2025-06-14,17:56:29,5,Lakeside Plaza,115,Pastry,Cookie,Chocolate Chip Cookie,2.1,1,2.1,Credit Card,1191
4141,2025-06-14,08:14:31,2,Riverside Mall,114,Bakery,Bagel,Plain Bagel with Cream Cheese,3.4,1,3.4,Mobile Pay,1094
4142,2025-06-14,14:05:03,4,Airport Terminal 2,103,Coffee,Espresso,Espresso Shot,2.2,3,6.6,Credit Card,1388
4143,2025-06-14,08:38:26,3,Uptown,104,Coffee,Latte,Latte - Regular,3.75,1,3.75,Mobile Pay,1338
4144,2025-06-14,18:41:58,4,Airport Terminal 2,118,Merchandise,Mug,Branded Ceramic Mug,9.99,1,9.99,Cash,1103
4145,2025-06-14,07:09:13,2,Riverside Mall,108,Coffee,Cold Brew,Cold Brew - Large,4.45,2,8.9,Credit Card,1117
4146,2025-06-14,16:52:45,4,Airport Terminal 2,101,Coffee,Brewed Coffee,Brewed Coffee - Regular,2.5,3,7.5,Mobile Pay,1427
4147,2025-06-14,15:43:58,4,Airport Terminal 2,109,Tea,Brewed Tea,Green Tea,2.75,1,2.75,Credit Card,1313
4148,2025-06-14,10:34:56,2,Riverside Mall,107,Coffee,Cold Brew,Cold Brew - Regular,3.95,1,3.95,Cash,1398
4149,2025-06-15,13:15:30,1,Downtown,105,Coffee,Latte,Latte - Large,4.25,2,8.5,Cash,1024
4150,2025-06-15,09:56:52,4,Airport Terminal 2,109,Tea,Brewed Tea,Green Tea,2.75,1,2.75,Credit Card,1147
4151,2025-06-15,08:37:40,3,Uptown,108,Coffee,Cold Brew,Cold Brew - Large,4.45,2,8.9,Credit Card,1409
4152,2025-06-15,08:22:19,1,Downtown,109,Tea,Brewed Tea,Green Tea,2.75,3,8.25,Mobile Pay,1271
4153,2025-06-15,19:26:48,3,Uptown,108,Coffee,Cold Brew,Cold Brew - Large,4.45,4,17.8,Credit Card,1067
4154,2025-06-15,13:27:35,1,Downtown,116,Pastry,Scone,Cranberry Scone,2.95,1,2.95,Credit Card,1228
4155,2025-06-15,07:46:37,1,Downtown,106,Coffee,Cappuccino,Cappuccino - Regular,3.65,4,14.6,Cash,1086
4156,2025-06-15,07:57:05,1,Downtown,116,Pastry,Scone,Cranberry Scone,2.95,2,5.9,Mobile Pay,1367
4157,2025-06-15,18:59:13,5,Lakeside Plaza,113,Bakery,Muffin,Blueberry Muffin,3.1,4,12.4,Credit Card,1397
4158,2025-06-15,16:36:33,2,Riverside Mall,118,Merchandise,Mug,Branded Ceramic Mug,9.99,2,19.98,Mobile Pay,1081
4159,2025-06-15,08:51:44,5,Lakeside Plaza,116,Pastry,Scone,Cranberry Scone,2.95,1,2.95,Cash,1410
4160,2025-06-15,16:11:36,3,Uptown,112,Bakery,Croissant,Butter Croissant,3.25,2,6.5,Mobile Pay,1242
4161,2025-06-15,10:07:27,5,Lakeside Plaza,113,Bakery,Muffin,Blueberry Muffin,3.1,1,3.1,Mobile Pay,1099
4162,2025-06-15,13:30:00,5,Lakeside Plaza,118,Merchandise,Mug,Branded Ceramic Mug,9.99,1,9.99,Credit Card,1040
4163,2025-06-15,13:21:43,2,Riverside Mall,117,Merchandise,Bag,Coffee Beans - 12oz Bag,12.5,1,12.5,Cash,1010
4164,2025-06-15,07:56:31,2,Riverside Mall,101,Coffee,Brewed Coffee,Brewed Coffee - Regular,2.5,1,2.5,Mobile Pay,1187
4165,2025-06-15,09:31:39,1,Downtown,113,Bakery,Muffin,Blueberry Muffin,3.1,1,3.1,Credit Card,1442
4166,2025-06-15,11:08:55,1,Downtown,109,Tea,Brewed Tea,Green Tea,2.75,1,2.75,Credit Card,1332
4167,2025-06-15,08:43:43,1,Downtown,112,Bakery,Croissant,Butter Croissant,3.25,1,3.25,Credit Card,1129
4168,2025-06-15,16:25:03,1,Downtown,108,Coffee,Cold Brew,Cold Brew - Large,4.45,1,4.45,Credit Card,1392
4169,2025-06-15,08:36:23,5,Lakeside Plaza,107,Coffee,Cold Brew,Cold Brew - Regular,3.95,1,3.95,Cash,1252
4170,2025-06-15,09:34:45,2,Riverside Mall,118,Merchandise,Mug,Branded Ceramic Mug,9.99,2,19.98,Cash,1218
4171,2025-06-16,12:38:09,3,Uptown,111,Tea,Chai,Chai Latte - Regular,3.85,1,3.85,Credit Card,1205
4172,2025-06-16,10:45:06,3,Uptown,118,Merchandise,Mug,Branded Ceramic Mug,9.99,2,19.98,Cash,1235
4173,2025-06-16,15:36:27,3,Uptown,102,Coffee,Brewed Coffee,Brewed Coffee - Large,2.95,1,2.95,Mobile Pay,1433
4174,2025-06-16,14:22:04,2,Riverside Mall,101,Coffee,Brewed Coffee,Brewed Coffee - Regular,2.5,1,2.5,Cash,1023
4175,2025-06-16,13:46:22,5,Lakeside Plaza,105,Coffee,Latte,Latte - Large,4.25,1,4.25,Credit Card,1116
4176,2025-06-16,16:53:17,5,Lakeside Plaza,115,Pastry,Cookie,Chocolate Chip Cookie,2.1,1,2.1,Cash,1435
4177,2025-06-16,13:37:58,4,Airport Terminal 2,111,Tea,Chai,Chai Latte - Regular,3.85,1,3.85,Mobile Pay,1274
4178,2025-06-16,16:04:27,3,Uptown,111,Tea,Chai,Chai Latte - Regular,3.85,2,7.7,Credit Card,1410
4179,2025-06-16,09:10:01,4,Airport Terminal 2,103,Coffee,Espresso,Espresso Shot,2.2,3,6.6,Credit Card,1238
4180,2025-06-16,15:07:50,4,Airport Terminal 2,110,Tea,Brewed Tea,Earl Grey,2.75,4,11.0,Credit Card,1093
4181,2025-06-16,14:10:24,4,Airport Terminal 2,108,Coffee,Cold Brew,Cold Brew - Large,4.45,1,4.45,Cash,1307
4182,2025-06-16,15:11:19,5,Lakeside Plaza,108,Coffee,Cold Brew,Cold Brew - Large,4.45,2,8.9,Mobile Pay,1405
4183,2025-06-16,15:41:27,4,Airport Terminal 2,108,Coffee,Cold Brew,Cold Brew - Large,4.45,2,8.9,Credit Card,1236
4184,2025-06-16,08:19:12,3,Uptown,110,Tea,Brewed Tea,Earl Grey,2.75,2,5.5,Mobile Pay,1175
4185,2025-06-16,13:10:38,5,Lakeside Plaza,115,Pastry,Cookie,Chocolate Chip Cookie,2.1,4,8.4,Credit Card,1192
4186,2025-06-16,17:48:45,1,Downtown,111,Tea,Chai,Chai Latte - Regular,3.85,3,11.55,Mobile Pay,1114
4187,2025-06-16,14:36:03,1,Downtown,106,Coffee,Cappuccino,Cappuccino - Regular,3.65,2,7.3,Credit Card,1115
4188,2025-06-16,14:08:18,5,Lakeside Plaza,101,Coffee,Brewed Coffee,Brewed Coffee - Regular,2.5,1,2.5,Credit Card,1442
4189,2025-06-16,15:36:18,1,Downtown,101,Coffee,Brewed Coffee,Brewed Coffee - Regular,2.5,1,2.5,Credit Card,1033
4190,2025-06-17,12:08:18,4,Airport Terminal 2,108,Coffee,Cold Brew,Cold Brew - Large,4.45,3,13.35,Credit Card,1207
4191,2025-06-17,11:38:09,2,Riverside Mall,105,Coffee,Latte,Latte - Large,4.25,3,12.75,Credit Card,1113
4192,2025-06-17,07:48:05,5,Lakeside Plaza,108,Coffee,Cold Brew,Cold Brew - Large,4.45,2,8.9,Mobile Pay,1137
4193,2025-06-17,15:09:29,1,Downtown,104,Coffee,Latte,Latte - Regular,3.75,1,3.75,Cash,1363
4194,2025-06-17,16:25:19,4,Airport Terminal 2,106,Coffee,Cappuccino,Cappuccino - Regular,3.65,3,10.95,Credit Card,1132
4195,2025-06-17,14:50:00,3,Uptown,114,Bakery,Bagel,Plain Bagel with Cream Cheese,3.4,3,10.2,Cash,1324
4196,2025-06-17,17:51:14,3,Uptown,105,Coffee,Latte,Latte - Large,4.25,1,4.25,Credit Card,1168
4197,2025-06-17,16:10:10,3,Uptown,115,Pastry,Cookie,Chocolate Chip Cookie,2.1,1,2.1,Credit Card,1326
4198,2025-06-17,15:58:44,3,Uptown,114,Bakery,Bagel,Plain Bagel with Cream Cheese,3.4,1,3.4,Mobile Pay,1244
4199,2025-06-17,09:38:01,1,Downtown,112,Bakery,Croissant,Butter Croissant,3.25,2,6.5,Credit Card,1085
4200,2025-06-17,12:49:15,2,Riverside Mall,110,Tea,Brewed Tea,Earl Grey,2.75,1,2.75,Cash,1005
4201,2025-06-17,14:01:36,2,Riverside Mall,105,Coffee,Latte,Latte - Large,4.25,1,4.25,Cash,1325
4202,2025-06-17,11:55:53,3,Uptown,115,Pastry,Cookie,Chocolate Chip Cookie,2.1,2,4.2,Cash,1154
4203,2025-06-17,09:47:45,5,Lakeside Plaza,116,Pastry,Scone,Cranberry Scone,2.95,1,2.95,Credit Card,1133
4204,2025-06-17,08:15:07,1,Downtown,110,Tea,Brewed Tea,Earl Grey,2.75,1,2.75,Credit Card,1252
4205,2025-06-17,12:23:51,1,Downtown,114,Bakery,Bagel,Plain Bagel with Cream Cheese,3.4,3,10.2,Credit Card,1292
4206,2025-06-17,18:43:36,2,Riverside Mall,110,Tea,Brewed Tea,Earl Grey,2.75,1,2.75,Credit Card,1009
4207,2025-06-17,16:44:22,2,Riverside Mall,106,Coffee,Cappuccino,Cappuccino - Regular,3.65,1,3.65,Credit Card,1240
4208,2025-06-17,12:15:52,2,Riverside Mall,111,Tea,Chai,Chai Latte - Regular,3.85,2,7.7,Cash,1261
4209,2025-06-17,06:30:14,2,Riverside Mall,108,Coffee,Cold Brew,Cold Brew - Large,4.45,1,4.45,Credit Card,1127
4210,2025-06-17,08:14:27,2,Riverside Mall,102,Coffee,Brewed Coffee,Brewed Coffee - Large,2.95,1,2.95,Cash,1432
4211,2025-06-17,18:01:40,3,Uptown,116,Pastry,Scone,Cranberry Scone,2.95,1,2.95,Cash,1191
4212,2025-06-17,07:14:22,4,Airport Terminal 2,106,Coffee,Cappuccino,Cappuccino - Regular,3.65,1,3.65,Credit Card,1037
4213,2025-06-18,10:52:01,2,Riverside Mall,105,Coffee,Latte,Latte - Large,4.25,1,4.25,Credit Card,1045
4214,2025-06-18,13:31:03,3,Uptown,111,Tea,Chai,Chai Latte - Regular,3.85,2,7.7,Credit Card,1136
4215,2025-06-18,08:57:41,1,Downtown,109,Tea,Brewed Tea,Green Tea,2.75,2,5.5,Credit Card,1345
4216,2025-06-18,10:05:37,3,Uptown,113,Bakery,Muffin,Blueberry Muffin,3.1,2,6.2,Mobile Pay,1190
4217,2025-06-18,10:32:51,1,Downtown,105,Coffee,Latte,Latte - Large,4.25,2,8.5,Mobile Pay,1248
4218,2025-06-18,16:52:46,1,Downtown,103,Coffee,Espresso,Espresso Shot,2.2,4,8.8,Mobile Pay,1176
4219,2025-06-18,15:19:39,3,Uptown,108,Coffee,Cold Brew,Cold Brew - Large,4.45,4,17.8,Mobile Pay,1390
4220,2025-06-18,08:44:31,5,Lakeside Plaza,116,Pastry,Scone,Cranberry Scone,2.95,3,8.85,Credit Card,1160
4221,2025-06-18,12:14:11,1,Downtown,113,Bakery,Muffin,Blueberry Muffin,3.1,4,12.4,Credit Card,1323
4222,2025-06-18,09:53:50,3,Uptown,114,Bakery,Bagel,Plain Bagel with Cream Cheese,3.4,1,3.4,Credit Card,1381
4223,2025-06-18,14:57:45,1,Downtown,118,Merchandise,Mug,Branded Ceramic Mug,9.99,1,9.99,Cash,1161
4224,2025-06-18,12:04:20,1,Downtown,115,Pastry,Cookie,Chocolate Chip Cookie,2.1,1,2.1,Cash,1078
4225,2025-06-18,14:32:51,5,Lakeside Plaza,118,Merchandise,Mug,Branded Ceramic Mug,9.99,1,9.99,Credit Card,1333
4226,2025-06-18,17:19:12,4,Airport Terminal 2,115,Pastry,Cookie,Chocolate Chip Cookie,2.1,2,4.2,Mobile Pay,1354
4227,2025-06-18,07:48:37,1,Downtown,117,Merchandise,Bag,Coffee Beans - 12oz Bag,12.5,1,12.5,Cash,1022
4228,2025-06-18,15:54:03,3,Uptown,114,Bakery,Bagel,Plain Bagel with Cream Cheese,3.4,2,6.8,Cash,1307
4229,2025-06-18,13:06:34,5,Lakeside Plaza,117,Merchandise,Bag,Coffee Beans - 12oz Bag,12.5,1,12.5,Credit Card,1019
4230,2025-06-18,11:15:35,4,Airport Terminal 2,104,Coffee,Latte,Latte - Regular,3.75,1,3.75,Mobile Pay,1208
4231,2025-06-18,15:05:33,4,Airport Terminal 2,118,Merchandise,Mug,Branded Ceramic Mug,9.99,2,19.98,Mobile Pay,1180
4232,2025-06-18,19:40:02,5,Lakeside Plaza,102,Coffee,Brewed Coffee,Brewed Coffee - Large,2.95,2,5.9,Credit Card,1195
4233,2025-06-19,15:24:30,5,Lakeside Plaza,118,Merchandise,Mug,Branded Ceramic Mug,9.99,1,9.99,Cash,1017
4234,2025-06-19,08:00:46,2,Riverside Mall,116,Pastry,Scone,Cranberry Scone,2.95,2,5.9,Cash,1283
4235,2025-06-19,08:12:29,3,Uptown,115,Pastry,Cookie,Chocolate Chip Cookie,2.1,1,2.1,Credit Card,1215
4236,2025-06-19,09:46:45,4,Airport Terminal 2,117,Merchandise,Bag,Coffee Beans - 12oz Bag,12.5,2,25.0,Credit Card,1273
4237,2025-06-19,18:33:48,4,Airport Terminal 2,115,Pastry,Cookie,Chocolate Chip Cookie,2.1,1,2.1,Mobile Pay,1321
4238,2025-06-19,14:22:18,3,Uptown,104,Coffee,Latte,Latte - Regular,3.75,2,7.5,Credit Card,1104
4239,2025-06-19,11:16:36,1,Downtown,109,Tea,Brewed Tea,Green Tea,2.75,1,2.75,Credit Card,1222
4240,2025-06-19,12:04:55,5,Lakeside Plaza,114,Bakery,Bagel,Plain Bagel with Cream Cheese,3.4,1,3.4,Credit Card,1390
4241,2025-06-19,12:22:27,1,Downtown,103,Coffee,Espresso,Espresso Shot,2.2,1,2.2,Credit Card,1342
4242,2025-06-19,08:19:15,3,Uptown,113,Bakery,Muffin,Blueberry Muffin,3.1,3,9.3,Credit Card,1045
4243,2025-06-19,14:09:01,4,Airport Terminal 2,107,Coffee,Cold Brew,Cold Brew - Regular,3.95,2,7.9,Credit Card,1068
4244,2025-06-19,10:50:13,3,Uptown,114,Bakery,Bagel,Plain Bagel with Cream Cheese,3.4,1,3.4,Credit Card,1240
4245,2025-06-19,06:12:06,4,Airport Terminal 2,108,Coffee,Cold Brew,Cold Brew - Large,4.45,1,4.45,Credit Card,1352
4246,2025-06-19,16:06:23,1,Downtown,106,Coffee,Cappuccino,Cappuccino - Regular,3.65,1,3.65,Credit Card,1246
4247,2025-06-19,08:42:03,1,Downtown,104,Coffee,Latte,Latte - Regular,3.75,1,3.75,Mobile Pay,1191
4248,2025-06-19,10:42:03,3,Uptown,111,Tea,Chai,Chai Latte - Regular,3.85,4,15.4,Credit Card,1151
4249,2025-06-19,19:46:02,1,Downtown,117,Merchandise,Bag,Coffee Beans - 12oz Bag,12.5,2,25.0,Mobile Pay,1300
4250,2025-06-19,11:29:15,2,Riverside Mall,116,Pastry,Scone,Cranberry Scone,2.95,1,2.95,Cash,1244
4251,2025-06-19,11:00:12,4,Airport Terminal 2,104,Coffee,Latte,Latte - Regular,3.75,2,7.5,Credit Card,1395
4252,2025-06-19,15:03:01,5,Lakeside Plaza,108,Coffee,Cold Brew,Cold Brew - Large,4.45,1,4.45,Credit Card,1040
4253,2025-06-19,14:39:59,3,Uptown,106,Coffee,Cappuccino,Cappuccino - Regular,3.65,1,3.65,Credit Card,1009
4254,2025-06-19,12:36:36,3,Uptown,104,Coffee,Latte,Latte - Regular,3.75,4,15.0,Credit Card,1211
4255,2025-06-19,15:09:32,3,Uptown,114,Bakery,Bagel,Plain Bagel with Cream Cheese,3.4,2,6.8,Cash,1354
4256,2025-06-19,14:24:10,1,Downtown,117,Merchandise,Bag,Coffee Beans - 12oz Bag,12.5,1,12.5,Credit Card,1079
4257,2025-06-20,06:08:15,4,Airport Terminal 2,102,Coffee,Brewed Coffee,Brewed Coffee - Large,2.95,1,2.95,Mobile Pay,1114
4258,2025-06-20,11:47:29,3,Uptown,102,Coffee,Brewed Coffee,Brewed Coffee - Large,2.95,1,2.95,Mobile Pay,1434
4259,2025-06-20,11:42:23,1,Downtown,106,Coffee,Cappuccino,Cappuccino - Regular,3.65,1,3.65,Cash,1377
4260,2025-06-20,17:54:40,3,Uptown,104,Coffee,Latte,Latte - Regular,3.75,1,3.75,Credit Card,1441
4261,2025-06-20,07:25:27,1,Downtown,111,Tea,Chai,Chai Latte - Regular,3.85,1,3.85,Mobile Pay,1277
4262,2025-06-20,14:31:33,2,Riverside Mall,107,Coffee,Cold Brew,Cold Brew - Regular,3.95,1,3.95,Credit Card,1394
4263,2025-06-20,14:24:51,5,Lakeside Plaza,102,Coffee,Brewed Coffee,Brewed Coffee - Large,2.95,1,2.95,Credit Card,1042
4264,2025-06-20,14:53:35,4,Airport Terminal 2,113,Bakery,Muffin,Blueberry Muffin,3.1,2,6.2,Mobile Pay,1438
4265,2025-06-20,08:09:10,3,Uptown,110,Tea,Brewed Tea,Earl Grey,2.75,2,5.5,Credit Card,1132
4266,2025-06-20,13:53:25,2,Riverside Mall,109,Tea,Brewed Tea,Green Tea,2.75,1,2.75,Credit Card,1036
4267,2025-06-20,12:19:23,4,Airport Terminal 2,108,Coffee,Cold Brew,Cold Brew - Large,4.45,1,4.45,Mobile Pay,1037
4268,2025-06-20,07:09:24,1,Downtown,118,Merchandise,Mug,Branded Ceramic Mug,9.99,2,19.98,Credit Card,1323
4269,2025-06-20,16:38:48,1,Downtown,109,Tea,Brewed Tea,Green Tea,2.75,1,2.75,Credit Card,1293
4270,2025-06-20,06:29:59,4,Airport Terminal 2,103,Coffee,Espresso,Espresso Shot,2.2,2,4.4,Mobile Pay,1047
4271,2025-06-20,16:52:37,5,Lakeside Plaza,104,Coffee,Latte,Latte - Regular,3.75,2,7.5,Cash,1315
4272,2025-06-20,18:43:38,3,Uptown,113,Bakery,Muffin,Blueberry Muffin,3.1,1,3.1,Credit Card,1155
4273,2025-06-20,13:49:13,4,Airport Terminal 2,118,Merchandise,Mug,Branded Ceramic Mug,9.99,1,9.99,Credit Card,1023
4274,2025-06-20,07:48:04,1,Downtown,109,Tea,Brewed Tea,Green Tea,2.75,1,2.75,Mobile Pay,1056
4275,2025-06-20,10:21:58,5,Lakeside Plaza,104,Coffee,Latte,Latte - Regular,3.75,1,3.75,Credit Card,1360
4276,2025-06-20,12:37:42,3,Uptown,104,Coffee,Latte,Latte - Regular,3.75,1,3.75,Credit Card,1159
4277,2025-06-20,11:36:47,5,Lakeside Plaza,112,Bakery,Croissant,Butter Croissant,3.25,1,3.25,Mobile Pay,1024
4278,2025-06-20,08:42:52,4,Airport Terminal 2,115,Pastry,Cookie,Chocolate Chip Cookie,2.1,1,2.1,Credit Card,1269
4279,2025-06-20,08:51:51,1,Downtown,107,Coffee,Cold Brew,Cold Brew - Regular,3.95,1,3.95,Credit Card,1199
4280,2025-06-21,12:42:30,2,Riverside Mall,105,Coffee,Latte,Latte - Large,4.25,1,4.25,Cash,1404
4281,2025-06-21,09:54:59,3,Uptown,101,Coffee,Brewed Coffee,Brewed Coffee - Regular,2.5,1,2.5,Credit Card,1132
4282,2025-06-21,12:38:14,5,Lakeside Plaza,117,Merchandise,Bag,Coffee Beans - 12oz Bag,12.5,1,12.5,Credit Card,1054
4283,2025-06-21,07:52:40,4,Airport Terminal 2,110,Tea,Brewed Tea,Earl Grey,2.75,1,2.75,Cash,1153
4284,2025-06-21,09:27:48,4,Airport Terminal 2,101,Coffee,Brewed Coffee,Brewed Coffee - Regular,2.5,2,5.0,Credit Card,1179
4285,2025-06-21,07:31:59,1,Downtown,118,Merchandise,Mug,Branded Ceramic Mug,9.99,3,29.97,Cash,1123
4286,2025-06-21,06:34:38,1,Downtown,103,Coffee,Espresso,Espresso Shot,2.2,1,2.2,Credit Card,1170
4287,2025-06-21,10:25:02,1,Downtown,106,Coffee,Cappuccino,Cappuccino - Regular,3.65,1,3.65,Cash,1147
4288,2025-06-21,09:33:25,3,Uptown,115,Pastry,Cookie,Chocolate Chip Cookie,2.1,1,2.1,Mobile Pay,1153
4289,2025-06-21,14:32:16,4,Airport Terminal 2,117,Merchandise,Bag,Coffee Beans - 12oz Bag,12.5,1,12.5,Cash,1239
4290,2025-06-21,16:01:03,2,Riverside Mall,113,Bakery,Muffin,Blueberry Muffin,3.1,3,9.3,Mobile Pay,1233
4291,2025-06-21,12:48:55,1,Downtown,103,Coffee,Espresso,Espresso Shot,2.2,1,2.2,Credit Card,1246
4292,2025-06-21,16:52:59,3,Uptown,107,Coffee,Cold Brew,Cold Brew - Regular,3.95,1,3.95,Cash,1270
4293,2025-06-21,08:45:48,1,Downtown,115,Pastry,Cookie,Chocolate Chip Cookie,2.1,1,2.1,Mobile Pay,1026
4294,2025-06-21,08:05:17,3,Uptown,101,Coffee,Brewed Coffee,Brewed Coffee - Regular,2.5,1,2.5,Mobile Pay,1044
4295,2025-06-21,16:27:28,3,Uptown,111,Tea,Chai,Chai Latte - Regular,3.85,1,3.85,Credit Card,1118
4296,2025-06-21,14:46:26,5,Lakeside Plaza,110,Tea,Brewed Tea,Earl Grey,2.75,4,11.0,Credit Card,1175
4297,2025-06-21,13:06:30,2,Riverside Mall,108,Coffee,Cold Brew,Cold Brew - Large,4.45,2,8.9,Mobile Pay,1013
4298,2025-06-21,09:00:56,2,Riverside Mall,112,Bakery,Croissant,Butter Croissant,3.25,3,9.75,Credit Card,1028
4299,2025-06-21,11:25:22,5,Lakeside Plaza,106,Coffee,Cappuccino,Cappuccino - Regular,3.65,1,3.65,Credit Card,1197
4300,2025-06-21,14:29:15,5,Lakeside Plaza,116,Pastry,Scone,Cranberry Scone,2.95,1,2.95,Credit Card,1232
4301,2025-06-21,15:44:58,5,Lakeside Plaza,110,Tea,Brewed Tea,Earl Grey,2.75,1,2.75,Credit Card,1259
4302,2025-06-21,16:51:35,2,Riverside Mall,107,Coffee,Cold Brew,Cold Brew - Regular,3.95,2,7.9,Credit Card,1433
4303,2025-06-21,16:09:55,3,Uptown,108,Coffee,Cold Brew,Cold Brew - Large,4.45,1,4.45,Credit Card,1415
4304,2025-06-21,09:05:59,4,Airport Terminal 2,103,Coffee,Espresso,Espresso Shot,2.2,4,8.8,Credit Card,1140
4305,2025-06-22,17:24:28,1,Downtown,116,Pastry,Scone,Cranberry Scone,2.95,3,8.85,Cash,1220
4306,2025-06-22,14:30:55,3,Uptown,118,Merchandise,Mug,Branded Ceramic Mug,9.99,1,9.99,Credit Card,1163
4307,2025-06-22,17:07:24,2,Riverside Mall,104,Coffee,Latte,Latte - Regular,3.75,1,3.75,Credit Card,1012
4308,2025-06-22,14:59:56,5,Lakeside Plaza,118,Merchandise,Mug,Branded Ceramic Mug,9.99,1,9.99,Credit Card,1134
4309,2025-06-22,16:34:44,4,Airport Terminal 2,107,Coffee,Cold Brew,Cold Brew - Regular,3.95,1,3.95,Cash,1007
4310,2025-06-22,11:00:54,3,Uptown,111,Tea,Chai,Chai Latte - Regular,3.85,3,11.55,Credit Card,1306
4311,2025-06-22,12:53:06,3,Uptown,105,Coffee,Latte,Latte - Large,4.25,2,8.5,Credit Card,1202
4312,2025-06-22,11:08:38,5,Lakeside Plaza,105,Coffee,Latte,Latte - Large,4.25,2,8.5,Cash,1332
4313,2025-06-22,11:03:00,1,Downtown,106,Coffee,Cappuccino,Cappuccino - Regular,3.65,1,3.65,Mobile Pay,1041
4314,2025-06-22,07:20:27,1,Downtown,102,Coffee,Brewed Coffee,Brewed Coffee - Large,2.95,1,2.95,Mobile Pay,1036
4315,2025-06-22,13:50:16,4,Airport Terminal 2,107,Coffee,Cold Brew,Cold Brew - Regular,3.95,4,15.8,Credit Card,1382
4316,2025-06-22,08:05:54,5,Lakeside Plaza,103,Coffee,Espresso,Espresso Shot,2.2,1,2.2,Credit Card,1024
4317,2025-06-22,08:48:12,5,Lakeside Plaza,117,Merchandise,Bag,Coffee Beans - 12oz Bag,12.5,1,12.5,Credit Card,1155
4318,2025-06-22,15:43:56,4,Airport Terminal 2,102,Coffee,Brewed Coffee,Brewed Coffee - Large,2.95,3,8.85,Credit Card,1419
4319,2025-06-22,08:43:59,4,Airport Terminal 2,116,Pastry,Scone,Cranberry Scone,2.95,1,2.95,Credit Card,1031
4320,2025-06-22,08:43:56,3,Uptown,117,Merchandise,Bag,Coffee Beans - 12oz Bag,12.5,3,37.5,Mobile Pay,1238
4321,2025-06-22,16:23:20,2,Riverside Mall,114,Bakery,Bagel,Plain Bagel with Cream Cheese,3.4,2,6.8,Credit Card,1035
4322,2025-06-22,15:33:35,2,Riverside Mall,103,Coffee,Espresso,Espresso Shot,2.2,1,2.2,Cash,1071
4323,2025-06-22,13:25:52,2,Riverside Mall,103,Coffee,Espresso,Espresso Shot,2.2,1,2.2,Credit Card,1246
4324,2025-06-22,08:26:16,2,Riverside Mall,101,Coffee,Brewed Coffee,Brewed Coffee - Regular,2.5,2,5.0,Credit Card,1353
4325,2025-06-22,12:12:20,5,Lakeside Plaza,108,Coffee,Cold Brew,Cold Brew - Large,4.45,3,13.35,Credit Card,1312
4326,2025-06-22,12:00:53,4,Airport Terminal 2,115,Pastry,Cookie,Chocolate Chip Cookie,2.1,1,2.1,Mobile Pay,1115
4327,2025-06-22,14:21:08,1,Downtown,108,Coffee,Cold Brew,Cold Brew - Large,4.45,2,8.9,Cash,1273
4328,2025-06-22,17:11:24,4,Airport Terminal 2,115,Pastry,Cookie,Chocolate Chip Cookie,2.1,3,6.3,Credit Card,1123
4329,2025-06-22,16:10:59,3,Uptown,111,Tea,Chai,Chai Latte - Regular,3.85,1,3.85,Mobile Pay,1094
4330,2025-06-22,09:43:33,4,Airport Terminal 2,109,Tea,Brewed Tea,Green Tea,2.75,1,2.75,Mobile Pay,1127
4331,2025-06-22,12:07:55,4,Airport Terminal 2,118,Merchandise,Mug,Branded Ceramic Mug,9.99,4,39.96,Cash,1059
4332,2025-06-22,07:16:01,2,Riverside Mall,108,Coffee,Cold Brew,Cold Brew - Large,4.45,2,8.9,Cash,1266
4333,2025-06-22,12:53:21,5,Lakeside Plaza,116,Pastry,Scone,Cranberry Scone,2.95,1,2.95,Credit Card,1178
4334,2025-06-22,15:10:49,1,Downtown,113,Bakery,Muffin,Blueberry Muffin,3.1,1,3.1,Mobile Pay,1245
4335,2025-06-23,14:44:09,2,Riverside Mall,112,Bakery,Croissant,Butter Croissant,3.25,1,3.25,Credit Card,1373
4336,2025-06-23,12:07:26,4,Airport Terminal 2,108,Coffee,Cold Brew,Cold Brew - Large,4.45,1,4.45,Mobile Pay,1370
4337,2025-06-23,09:12:20,4,Airport Terminal 2,101,Coffee,Brewed Coffee,Brewed Coffee - Regular,2.5,1,2.5,Credit Card,1037
4338,2025-06-23,14:22:42,1,Downtown,106,Coffee,Cappuccino,Cappuccino - Regular,3.65,2,7.3,Mobile Pay,1290
4339,2025-06-23,15:58:50,4,Airport Terminal 2,108,Coffee,Cold Brew,Cold Brew - Large,4.45,1,4.45,Mobile Pay,1308
4340,2025-06-23,15:04:36,4,Airport Terminal 2,111,Tea,Chai,Chai Latte - Regular,3.85,4,15.4,Cash,1417
4341,2025-06-23,15:04:04,4,Airport Terminal 2,109,Tea,Brewed Tea,Green Tea,2.75,1,2.75,Mobile Pay,1110
4342,2025-06-23,09:33:27,4,Airport Terminal 2,101,Coffee,Brewed Coffee,Brewed Coffee - Regular,2.5,1,2.5,Credit Card,1181
4343,2025-06-23,08:10:23,4,Airport Terminal 2,114,Bakery,Bagel,Plain Bagel with Cream Cheese,3.4,3,10.2,Credit Card,1149
4344,2025-06-23,08:50:00,2,Riverside Mall,107,Coffee,Cold Brew,Cold Brew - Regular,3.95,1,3.95,Credit Card,1185
4345,2025-06-23,15:32:44,2,Riverside Mall,102,Coffee,Brewed Coffee,Brewed Coffee - Large,2.95,1,2.95,Credit Card,1085
4346,2025-06-23,13:14:58,5,Lakeside Plaza,105,Coffee,Latte,Latte - Large,4.25,2,8.5,Mobile Pay,1087
4347,2025-06-23,15:33:33,1,Downtown,116,Pastry,Scone,Cranberry Scone,2.95,1,2.95,Credit Card,1087
4348,2025-06-23,19:48:58,2,Riverside Mall,114,Bakery,Bagel,Plain Bagel with Cream Cheese,3.4,1,3.4,Cash,1178
4349,2025-06-23,08:04:39,1,Downtown,116,Pastry,Scone,Cranberry Scone,2.95,1,2.95,Credit Card,1011
4350,2025-06-23,12:53:43,2,Riverside Mall,118,Merchandise,Mug,Branded Ceramic Mug,9.99,1,9.99,Credit Card,1349
4351,2025-06-23,15:13:40,4,Airport Terminal 2,114,Bakery,Bagel,Plain Bagel with Cream Cheese,3.4,1,3.4,Cash,1033
4352,2025-06-23,10:43:45,3,Uptown,112,Bakery,Croissant,Butter Croissant,3.25,1,3.25,Mobile Pay,1186
4353,2025-06-24,14:44:34,5,Lakeside Plaza,104,Coffee,Latte,Latte - Regular,3.75,2,7.5,Cash,1363
4354,2025-06-24,08:03:00,4,Airport Terminal 2,106,Coffee,Cappuccino,Cappuccino - Regular,3.65,1,3.65,Mobile Pay,1005
4355,2025-06-24,09:02:09,2,Riverside Mall,105,Coffee,Latte,Latte - Large,4.25,2,8.5,Credit Card,1270
4356,2025-06-24,15:56:52,2,Riverside Mall,109,Tea,Brewed Tea,Green Tea,2.75,2,5.5,Mobile Pay,1101
4357,2025-06-24,14:27:49,3,Uptown,107,Coffee,Cold Brew,Cold Brew - Regular,3.95,1,3.95,Mobile Pay,1434
4358,2025-06-24,16:45:25,1,Downtown,104,Coffee,Latte,Latte - Regular,3.75,1,3.75,Mobile Pay,1216
4359,2025-06-24,16:30:46,4,Airport Terminal 2,113,Bakery,Muffin,Blueberry Muffin,3.1,2,6.2,Credit Card,1004
4360,2025-06-24,11:58:16,1,Downtown,109,Tea,Brewed Tea,Green Tea,2.75,1,2.75,Credit Card,1009
4361,2025-06-24,09:29:00,4,Airport Terminal 2,113,Bakery,Muffin,Blueberry Muffin,3.1,1,3.1,Credit Card,1279
4362,2025-06-24,06:21:46,3,Uptown,118,Merchandise,Mug,Branded Ceramic Mug,9.99,2,19.98,Credit Card,1250
4363,2025-06-24,16:10:33,2,Riverside Mall,114,Bakery,Bagel,Plain Bagel with Cream Cheese,3.4,1,3.4,Credit Card,1066
4364,2025-06-24,06:52:01,1,Downtown,112,Bakery,Croissant,Butter Croissant,3.25,2,6.5,Credit Card,1412
4365,2025-06-24,07:46:49,5,Lakeside Plaza,114,Bakery,Bagel,Plain Bagel with Cream Cheese,3.4,1,3.4,Mobile Pay,1168
4366,2025-06-24,08:15:44,3,Uptown,112,Bakery,Croissant,Butter Croissant,3.25,1,3.25,Mobile Pay,1338
4367,2025-06-24,10:53:35,5,Lakeside Plaza,102,Coffee,Brewed Coffee,Brewed Coffee - Large,2.95,1,2.95,Credit Card,1233
4368,2025-06-24,10:17:47,3,Uptown,108,Coffee,Cold Brew,Cold Brew - Large,4.45,1,4.45,Mobile Pay,1358
4369,2025-06-24,19:11:21,3,Uptown,116,Pastry,Scone,Cranberry Scone,2.95,2,5.9,Cash,1346
4370,2025-06-24,15:05:07,3,Uptown,102,Coffee,Brewed Coffee,Brewed Coffee - Large,2.95,3,8.85,Cash,1397
4371,2025-06-25,15:53:11,3,Uptown,117,Merchandise,Bag,Coffee Beans - 12oz Bag,12.5,1,12.5,Credit Card,1360
4372,2025-06-25,11:14:05,5,Lakeside Plaza,106,Coffee,Cappuccino,Cappuccino - Regular,3.65,4,14.6,Credit Card,1141
4373,2025-06-25,06:58:22,1,Downtown,108,Coffee,Cold Brew,Cold Brew - Large,4.45,2,8.9,Mobile Pay,1273
4374,2025-06-25,15:37:30,5,Lakeside Plaza,101,Coffee,Brewed Coffee,Brewed Coffee - Regular,2.5,1,2.5,Credit Card,1278
4375,2025-06-25,08:57:14,3,Uptown,105,Coffee,Latte,Latte - Large,4.25,1,4.25,Credit Card,1359
4376,2025-06-25,14:11:02,3,Uptown,112,Bakery,Croissant,Butter Croissant,3.25,1,3.25,Credit Card,1406
4377,2025-06-25,10:31:38,4,Airport Terminal 2,115,Pastry,Cookie,Chocolate Chip Cookie,2.1,2,4.2,Cash,1436
4378,2025-06-25,19:51:35,2,Riverside Mall,115,Pastry,Cookie,Chocolate Chip Cookie,2.1,1,2.1,Credit Card,1362
4379,2025-06-25,11:09:28,3,Uptown,115,Pastry,Cookie,Chocolate Chip Cookie,2.1,3,6.3,Mobile Pay,1166
4380,2025-06-25,19:00:35,1,Downtown,103,Coffee,Espresso,Espresso Shot,2.2,1,2.2,Credit Card,1434
4381,2025-06-25,17:02:51,5,Lakeside Plaza,115,Pastry,Cookie,Chocolate Chip Cookie,2.1,2,4.2,Credit Card,1449
4382,2025-06-25,08:13:12,2,Riverside Mall,106,Coffee,Cappuccino,Cappuccino - Regular,3.65,1,3.65,Credit Card,1267
4383,2025-06-25,06:32:12,4,Airport Terminal 2,102,Coffee,Brewed Coffee,Brewed Coffee - Large,2.95,1,2.95,Credit Card,1221
4384,2025-06-25,15:40:36,1,Downtown,105,Coffee,Latte,Latte - Large,4.25,3,12.75,Credit Card,1300
4385,2025-06-25,15:58:31,2,Riverside Mall,101,Coffee,Brewed Coffee,Brewed Coffee - Regular,2.5,1,2.5,Credit Card,1054
4386,2025-06-25,14:55:54,2,Riverside Mall,116,Pastry,Scone,Cranberry Scone,2.95,1,2.95,Cash,1238
4387,2025-06-25,18:58:50,3,Uptown,113,Bakery,Muffin,Blueberry Muffin,3.1,3,9.3,Credit Card,1112
4388,2025-06-25,17:43:22,4,Airport Terminal 2,118,Merchandise,Mug,Branded Ceramic Mug,9.99,3,29.97,Credit Card,1074
4389,2025-06-25,11:41:06,5,Lakeside Plaza,117,Merchandise,Bag,Coffee Beans - 12oz Bag,12.5,1,12.5,Credit Card,1392
4390,2025-06-25,11:15:03,2,Riverside Mall,115,Pastry,Cookie,Chocolate Chip Cookie,2.1,2,4.2,Cash,1291
4391,2025-06-25,09:37:18,1,Downtown,116,Pastry,Scone,Cranberry Scone,2.95,2,5.9,Mobile Pay,1313
4392,2025-06-25,10:43:57,3,Uptown,109,Tea,Brewed Tea,Green Tea,2.75,2,5.5,Mobile Pay,1129
4393,2025-06-25,08:02:28,3,Uptown,109,Tea,Brewed Tea,Green Tea,2.75,1,2.75,Cash,1424
4394,2025-06-26,14:59:21,2,Riverside Mall,113,Bakery,Muffin,Blueberry Muffin,3.1,1,3.1,Credit Card,1118
4395,2025-06-26,19:06:44,4,Airport Terminal 2,112,Bakery,Croissant,Butter Croissant,3.25,1,3.25,Credit Card,1409
4396,2025-06-26,14:58:32,2,Riverside Mall,111,Tea,Chai,Chai Latte - Regular,3.85,1,3.85,Credit Card,1312
4397,2025-06-26,12:38:45,5,Lakeside Plaza,102,Coffee,Brewed Coffee,Brewed Coffee - Large,2.95,2,5.9,Credit Card,1219
4398,2025-06-26,13:14:59,3,Uptown,115,Pastry,Cookie,Chocolate Chip Cookie,2.1,2,4.2,Credit Card,1168
4399,2025-06-26,11:33:19,5,Lakeside Plaza,103,Coffee,Espresso,Espresso Shot,2.2,4,8.8,Mobile Pay,1111
4400,2025-06-26,16:44:13,1,Downtown,116,Pastry,Scone,Cranberry Scone,2.95,1,2.95,Credit Card,1226
4401,2025-06-26,12:24:06,1,Downtown,115,Pastry,Cookie,Chocolate Chip Cookie,2.1,3,6.3,Credit Card,1351
4402,2025-06-26,14:41:40,2,Riverside Mall,111,Tea,Chai,Chai Latte - Regular,3.85,1,3.85,Credit Card,1260
4403,2025-06-26,08:12:45,4,Airport Terminal 2,106,Coffee,Cappuccino,Cappuccino - Regular,3.65,2,7.3,Credit Card,1164
4404,2025-06-26,11:37:38,2,Riverside Mall,107,Coffee,Cold Brew,Cold Brew - Regular,3.95,1,3.95,Credit Card,1283
4405,2025-06-26,09:48:08,1,Downtown,106,Coffee,Cappuccino,Cappuccino - Regular,3.65,3,10.95,Mobile Pay,1349
4406,2025-06-26,08:15:20,3,Uptown,107,Coffee,Cold Brew,Cold Brew - Regular,3.95,2,7.9,Credit Card,1363
4407,2025-06-26,14:09:16,1,Downtown,110,Tea,Brewed Tea,Earl Grey,2.75,1,2.75,Cash,1027
4408,2025-06-26,09:31:04,2,Riverside Mall,108,Coffee,Cold Brew,Cold Brew - Large,4.45,1,4.45,Credit Card,1405
4409,2025-06-26,15:20:23,1,Downtown,108,Coffee,Cold Brew,Cold Brew - Large,4.45,1,4.45,Mobile Pay,1231
4410,2025-06-26,07:26:07,1,Downtown,105,Coffee,Latte,Latte - Large,4.25,1,4.25,Cash,1037
4411,2025-06-26,18:50:23,3,Uptown,109,Tea,Brewed Tea,Green Tea,2.75,1,2.75,Credit Card,1409
4412,2025-06-26,15:06:35,4,Airport Terminal 2,104,Coffee,Latte,Latte - Regular,3.75,1,3.75,Credit Card,1339
4413,2025-06-26,15:48:50,2,Riverside Mall,116,Pastry,Scone,Cranberry Scone,2.95,1,2.95,Credit Card,1214
4414,2025-06-26,08:09:10,4,Airport Terminal 2,113,Bakery,Muffin,Blueberry Muffin,3.1,3,9.3,Credit Card,1277
4415,2025-06-26,11:18:26,1,Downtown,112,Bakery,Croissant,Butter Croissant,3.25,1,3.25,Credit Card,1180
4416,2025-06-26,11:20:51,1,Downtown,109,Tea,Brewed Tea,Green Tea,2.75,3,8.25,Credit Card,1297
4417,2025-06-26,08:21:27,2,Riverside Mall,114,Bakery,Bagel,Plain Bagel with Cream Cheese,3.4,1,3.4,Credit Card,1255
4418,2025-06-27,17:13:14,5,Lakeside Plaza,110,Tea,Brewed Tea,Earl Grey,2.75,2,5.5,Credit Card,1249
4419,2025-06-27,09:52:26,2,Riverside Mall,102,Coffee,Brewed Coffee,Brewed Coffee - Large,2.95,1,2.95,Cash,1266
4420,2025-06-27,13:46:42,2,Riverside Mall,113,Bakery,Muffin,Blueberry Muffin,3.1,4,12.4,Cash,1427
4421,2025-06-27,08:43:11,4,Airport Terminal 2,101,Coffee,Brewed Coffee,Brewed Coffee - Regular,2.5,1,2.5,Credit Card,1288
4422,2025-06-27,11:29:49,3,Uptown,101,Coffee,Brewed Coffee,Brewed Coffee - Regular,2.5,2,5.0,Credit Card,1221
4423,2025-06-27,17:04:21,4,Airport Terminal 2,101,Coffee,Brewed Coffee,Brewed Coffee - Regular,2.5,2,5.0,Cash,1088
4424,2025-06-27,09:39:02,2,Riverside Mall,107,Coffee,Cold Brew,Cold Brew - Regular,3.95,1,3.95,Credit Card,1306
4425,2025-06-27,11:46:04,2,Riverside Mall,104,Coffee,Latte,Latte - Regular,3.75,1,3.75,Credit Card,1099
4426,2025-06-27,15:10:36,2,Riverside Mall,103,Coffee,Espresso,Espresso Shot,2.2,3,6.6,Credit Card,1400
4427,2025-06-27,06:21:14,2,Riverside Mall,104,Coffee,Latte,Latte - Regular,3.75,1,3.75,Cash,1043
4428,2025-06-27,16:57:35,4,Airport Terminal 2,102,Coffee,Brewed Coffee,Brewed Coffee - Large,2.95,1,2.95,Credit Card,1074
4429,2025-06-27,15:11:29,4,Airport Terminal 2,115,Pastry,Cookie,Chocolate Chip Cookie,2.1,2,4.2,Credit Card,1161
4430,2025-06-27,13:34:34,5,Lakeside Plaza,111,Tea,Chai,Chai Latte - Regular,3.85,3,11.55,Cash,1404
4431,2025-06-27,07:12:09,5,Lakeside Plaza,105,Coffee,Latte,Latte - Large,4.25,1,4.25,Credit Card,1338
4432,2025-06-27,19:10:26,1,Downtown,103,Coffee,Espresso,Espresso Shot,2.2,4,8.8,Cash,1283
4433,2025-06-27,12:26:23,3,Uptown,109,Tea,Brewed Tea,Green Tea,2.75,1,2.75,Cash,1165
4434,2025-06-27,11:54:36,3,Uptown,116,Pastry,Scone,Cranberry Scone,2.95,1,2.95,Mobile Pay,1354
4435,2025-06-27,12:44:40,4,Airport Terminal 2,109,Tea,Brewed Tea,Green Tea,2.75,1,2.75,Mobile Pay,1418
4436,2025-06-27,12:28:35,2,Riverside Mall,112,Bakery,Croissant,Butter Croissant,3.25,1,3.25,Credit Card,1128
4437,2025-06-27,09:28:00,5,Lakeside Plaza,118,Merchandise,Mug,Branded Ceramic Mug,9.99,2,19.98,Credit Card,1357
4438,2025-06-27,12:29:49,4,Airport Terminal 2,111,Tea,Chai,Chai Latte - Regular,3.85,3,11.55,Cash,1222
4439,2025-06-27,13:29:58,5,Lakeside Plaza,117,Merchandise,Bag,Coffee Beans - 12oz Bag,12.5,1,12.5,Cash,1156
4440,2025-06-27,16:08:32,5,Lakeside Plaza,102,Coffee,Brewed Coffee,Brewed Coffee - Large,2.95,2,5.9,Mobile Pay,1075
4441,2025-06-27,09:28:01,1,Downtown,113,Bakery,Muffin,Blueberry Muffin,3.1,1,3.1,Mobile Pay,1100
4442,2025-06-27,18:02:21,1,Downtown,117,Merchandise,Bag,Coffee Beans - 12oz Bag,12.5,1,12.5,Credit Card,1367
4443,2025-06-27,16:04:44,5,Lakeside Plaza,101,Coffee,Brewed Coffee,Brewed Coffee - Regular,2.5,2,5.0,Credit Card,1328
4444,2025-06-28,14:09:29,4,Airport Terminal 2,112,Bakery,Croissant,Butter Croissant,3.25,1,3.25,Mobile Pay,1097
4445,2025-06-28,08:43:23,2,Riverside Mall,109,Tea,Brewed Tea,Green Tea,2.75,1,2.75,Credit Card,1191
4446,2025-06-28,16:50:01,3,Uptown,103,Coffee,Espresso,Espresso Shot,2.2,1,2.2,Cash,1309
4447,2025-06-28,15:35:01,5,Lakeside Plaza,118,Merchandise,Mug,Branded Ceramic Mug,9.99,1,9.99,Mobile Pay,1001
4448,2025-06-28,06:32:49,1,Downtown,116,Pastry,Scone,Cranberry Scone,2.95,2,5.9,Credit Card,1204
4449,2025-06-28,08:30:29,1,Downtown,112,Bakery,Croissant,Butter Croissant,3.25,2,6.5,Mobile Pay,1370
4450,2025-06-28,07:14:14,4,Airport Terminal 2,110,Tea,Brewed Tea,Earl Grey,2.75,1,2.75,Credit Card,1280
4451,2025-06-28,12:09:41,4,Airport Terminal 2,113,Bakery,Muffin,Blueberry Muffin,3.1,3,9.3,Cash,1211
4452,2025-06-28,19:05:02,1,Downtown,111,Tea,Chai,Chai Latte - Regular,3.85,3,11.55,Mobile Pay,1292
4453,2025-06-28,07:06:31,1,Downtown,116,Pastry,Scone,Cranberry Scone,2.95,1,2.95,Cash,1185
4454,2025-06-28,11:09:22,2,Riverside Mall,101,Coffee,Brewed Coffee,Brewed Coffee - Regular,2.5,2,5.0,Credit Card,1289
4455,2025-06-28,07:00:43,2,Riverside Mall,106,Coffee,Cappuccino,Cappuccino - Regular,3.65,1,3.65,Credit Card,1240
4456,2025-06-28,09:29:43,5,Lakeside Plaza,116,Pastry,Scone,Cranberry Scone,2.95,2,5.9,Mobile Pay,1339
4457,2025-06-28,16:27:20,3,Uptown,108,Coffee,Cold Brew,Cold Brew - Large,4.45,1,4.45,Mobile Pay,1383
4458,2025-06-28,16:10:22,3,Uptown,109,Tea,Brewed Tea,Green Tea,2.75,1,2.75,Credit Card,1339
4459,2025-06-28,14:10:03,5,Lakeside Plaza,109,Tea,Brewed Tea,Green Tea,2.75,1,2.75,Credit Card,1207
4460,2025-06-28,12:02:50,3,Uptown,107,Coffee,Cold Brew,Cold Brew - Regular,3.95,2,7.9,Credit Card,1435
4461,2025-06-28,12:49:39,2,Riverside Mall,108,Coffee,Cold Brew,Cold Brew - Large,4.45,2,8.9,Credit Card,1444
4462,2025-06-28,15:49:50,4,Airport Terminal 2,113,Bakery,Muffin,Blueberry Muffin,3.1,2,6.2,Credit Card,1229
4463,2025-06-28,15:00:53,1,Downtown,113,Bakery,Muffin,Blueberry Muffin,3.1,1,3.1,Credit Card,1175
4464,2025-06-28,10:42:02,1,Downtown,115,Pastry,Cookie,Chocolate Chip Cookie,2.1,2,4.2,Credit Card,1266
4465,2025-06-28,13:17:17,4,Airport Terminal 2,117,Merchandise,Bag,Coffee Beans - 12oz Bag,12.5,1,12.5,Credit Card,1017
4466,2025-06-29,11:18:47,3,Uptown,117,Merchandise,Bag,Coffee Beans - 12oz Bag,12.5,1,12.5,Credit Card,1182
4467,2025-06-29,06:39:36,3,Uptown,111,Tea,Chai,Chai Latte - Regular,3.85,1,3.85,Cash,1107
4468,2025-06-29,10:28:47,3,Uptown,108,Coffee,Cold Brew,Cold Brew - Large,4.45,1,4.45,Mobile Pay,1049
4469,2025-06-29,17:33:23,1,Downtown,102,Coffee,Brewed Coffee,Brewed Coffee - Large,2.95,2,5.9,Cash,1441
4470,2025-06-29,11:27:57,5,Lakeside Plaza,109,Tea,Brewed Tea,Green Tea,2.75,1,2.75,Credit Card,1283
4471,2025-06-29,16:04:15,3,Uptown,108,Coffee,Cold Brew,Cold Brew - Large,4.45,1,4.45,Credit Card,1295
4472,2025-06-29,07:42:29,5,Lakeside Plaza,107,Coffee,Cold Brew,Cold Brew - Regular,3.95,2,7.9,Credit Card,1101
4473,2025-06-29,17:02:56,5,Lakeside Plaza,101,Coffee,Brewed Coffee,Brewed Coffee - Regular,2.5,1,2.5,Mobile Pay,1336
4474,2025-06-29,10:31:42,3,Uptown,105,Coffee,Latte,Latte - Large,4.25,3,12.75,Credit Card,1004
4475,2025-06-29,13:10:52,3,Uptown,110,Tea,Brewed Tea,Earl Grey,2.75,1,2.75,Mobile Pay,1445
4476,2025-06-29,16:45:39,4,Airport Terminal 2,118,Merchandise,Mug,Branded Ceramic Mug,9.99,1,9.99,Mobile Pay,1032
4477,2025-06-29,19:16:38,3,Uptown,116,Pastry,Scone,Cranberry Scone,2.95,2,5.9,Credit Card,1143
4478,2025-06-29,09:37:15,4,Airport Terminal 2,101,Coffee,Brewed Coffee,Brewed Coffee - Regular,2.5,3,7.5,Credit Card,1053
4479,2025-06-29,15:50:56,5,Lakeside Plaza,109,Tea,Brewed Tea,Green Tea,2.75,1,2.75,Credit Card,1134
4480,2025-06-29,13:34:03,4,Airport Terminal 2,106,Coffee,Cappuccino,Cappuccino - Regular,3.65,2,7.3,Mobile Pay,1176
4481,2025-06-29,12:55:53,5,Lakeside Plaza,106,Coffee,Cappuccino,Cappuccino - Regular,3.65,1,3.65,Credit Card,1257
4482,2025-06-29,14:34:33,5,Lakeside Plaza,115,Pastry,Cookie,Chocolate Chip Cookie,2.1,1,2.1,Credit Card,1240
4483,2025-06-29,13:56:28,3,Uptown,111,Tea,Chai,Chai Latte - Regular,3.85,2,7.7,Credit Card,1035
4484,2025-06-29,17:59:08,1,Downtown,104,Coffee,Latte,Latte - Regular,3.75,2,7.5,Mobile Pay,1297
4485,2025-06-29,19:58:00,2,Riverside Mall,114,Bakery,Bagel,Plain Bagel with Cream Cheese,3.4,2,6.8,Credit Card,1308
4486,2025-06-29,14:04:44,4,Airport Terminal 2,111,Tea,Chai,Chai Latte - Regular,3.85,1,3.85,Credit Card,1128
